ISO-10303-21;
HEADER;
FILE_DESCRIPTION (( 'STEP AP214' ),
    '1' );
FILE_NAME ('CUI_DEVICES_DS04-254-1-03BK-SMT.step',
    '2020-04-22T21:28:26',
    ( '' ),
    ( '' ),
    'SwSTEP 2.0',
    'SolidWorks 2020',
    '' );
FILE_SCHEMA (( 'AUTOMOTIVE_DESIGN' ));
ENDSEC;

DATA;
#1 = CARTESIAN_POINT ( 'NONE',  ( 0.5044156245189400645, 0.03516481420455502133, -0.1878937010362531634 ) ) ;
#2 = LINE ( 'NONE', #1880, #1683 ) ;
#3 = VERTEX_POINT ( 'NONE', #3314 ) ;
#4 = FILL_AREA_STYLE ('',( #11076 ) ) ;
#5 = PRESENTATION_STYLE_ASSIGNMENT (( #1938 ) ) ;
#6 =( GEOMETRIC_REPRESENTATION_CONTEXT ( 3 ) GLOBAL_UNCERTAINTY_ASSIGNED_CONTEXT ( ( #3898 ) ) GLOBAL_UNIT_ASSIGNED_CONTEXT ( ( #10051, #8646, #10250 ) ) REPRESENTATION_CONTEXT ( 'NONE', 'WORKASPACE' ) );
#7 = DIMENSIONAL_EXPONENTS ( 1.000000000000000000, 0.0000000000000000000, 0.0000000000000000000, 0.0000000000000000000, 0.0000000000000000000, 0.0000000000000000000, 0.0000000000000000000 ) ;
#8 = ORIENTED_EDGE ( 'NONE', *, *, #10369, .T. ) ;
#9 =( NAMED_UNIT ( * ) PLANE_ANGLE_UNIT ( ) SI_UNIT ( $, .RADIAN. ) );
#10 = SURFACE_STYLE_FILL_AREA ( #5834 ) ;
#11 = STYLED_ITEM ( 'NONE', ( #7218 ), #9273 ) ;
#12 =( NAMED_UNIT ( * ) SI_UNIT ( $, .STERADIAN. ) SOLID_ANGLE_UNIT ( ) );
#13 = DIRECTION ( 'NONE',  ( 0.9945218953682686269, -0.1045284632676983516, 1.739022243102431967E-15 ) ) ;
#14 = VECTOR ( 'NONE', #7064, 39.37007874015748143 ) ;
#15 = VERTEX_POINT ( 'NONE', #2410 ) ;
#16 = CARTESIAN_POINT ( 'NONE',  ( 0.4254818849634279254, 0.1217789874329370386, -0.03198818922499343381 ) ) ;
#17 = EDGE_CURVE ( 'NONE', #759, #7626, #6101, .T. ) ;
#18 = EDGE_CURVE ( 'NONE', #6462, #3629, #7594, .T. ) ;
#19 = ORIENTED_EDGE ( 'NONE', *, *, #425, .T. ) ;
#20 = FACE_OUTER_BOUND ( 'NONE', #2672, .T. ) ;
#21 = ORIENTED_EDGE ( 'NONE', *, *, #6624, .T. ) ;
#22 = CARTESIAN_POINT ( 'NONE',  ( 0.5146701546111716041, -0.01880785086055409075, -0.1693440471045037088 ) ) ;
#23 =( NAMED_UNIT ( * ) PLANE_ANGLE_UNIT ( ) SI_UNIT ( $, .RADIAN. ) );
#24 = PLANE ( 'NONE',  #11311 ) ;
#25 = ORIENTED_EDGE ( 'NONE', *, *, #10735, .F. ) ;
#26 = DIRECTION ( 'NONE',  ( 1.000000000000000000, -1.644517855226007801E-15, 1.748601263784621748E-15 ) ) ;
#27 = VECTOR ( 'NONE', #6147, 39.37007874015748143 ) ;
#28 = ORIENTED_EDGE ( 'NONE', *, *, #10053, .T. ) ;
#29 = DIMENSIONAL_EXPONENTS ( 1.000000000000000000, 0.0000000000000000000, 0.0000000000000000000, 0.0000000000000000000, 0.0000000000000000000, 0.0000000000000000000, 0.0000000000000000000 ) ;
#30 = ADVANCED_FACE ( 'NONE', ( #9311 ), #4917, .F. ) ;
#31 = ORIENTED_EDGE ( 'NONE', *, *, #10801, .T. ) ;
#32 = VECTOR ( 'NONE', #9015, 39.37007874015748143 ) ;
#33 = ORIENTED_EDGE ( 'NONE', *, *, #5793, .F. ) ;
#34 = CARTESIAN_POINT ( 'NONE',  ( 0.4615064727372474862, 0.04500733388959444331, -0.2339196358462531655 ) ) ;
#35 = DIRECTION ( 'NONE',  ( 1.000000000000000000, -1.644517855226007801E-15, 1.748601263784622143E-15 ) ) ;
#36 = LINE ( 'NONE', #3700, #9385 ) ;
#37 = CARTESIAN_POINT ( 'NONE',  ( 0.2070209957706378445, 0.02811385722240985000, -0.08789370103680482771 ) ) ;
#38 = CARTESIAN_POINT ( 'NONE',  ( 0.5483132623141999673, -0.03570132752772851858, -0.1477362207209310108 ) ) ;
#39 = FACE_OUTER_BOUND ( 'NONE', #3354, .T. ) ;
#40 = SURFACE_STYLE_USAGE ( .BOTH. , #11227 ) ;
#41 = CYLINDRICAL_SURFACE ( 'NONE', #9781, 0.007874015748031495954 ) ;
#42 = EDGE_CURVE ( 'NONE', #11575, #4406, #10401, .T. ) ;
#43 = AXIS2_PLACEMENT_3D ( 'NONE', #7204, #4345, #2661 ) ;
#44 = DIRECTION ( 'NONE',  ( -0.4273849608095032226, 7.028421991062930673E-16, 0.9040697402711027619 ) ) ;
#45 = AXIS2_PLACEMENT_3D ( 'NONE', #9978, #1686, #10924 ) ;
#46 = CARTESIAN_POINT ( 'NONE',  ( 0.2412266368237443726, 0.1020939480628625107, -0.6075787404069424857 ) ) ;
#47 = EDGE_CURVE ( 'NONE', #639, #616, #4755, .T. ) ;
#48 = ORIENTED_EDGE ( 'NONE', *, *, #2309, .T. ) ;
#49 = CARTESIAN_POINT ( 'NONE',  ( 0.4518565694010656109, 0.1020939480628582641, -0.007578740406095623751 ) ) ;
#50 = CARTESIAN_POINT ( 'NONE',  ( 0.2372226159752003904, 0.03516481420455544460, -0.2878937010362536131 ) ) ;
#51 = AXIS2_PLACEMENT_3D ( 'NONE', #8123, #1718, #3714 ) ;
#52 = ORIENTED_EDGE ( 'NONE', *, *, #5816, .T. ) ;
#53 =( NAMED_UNIT ( * ) PLANE_ANGLE_UNIT ( ) SI_UNIT ( $, .RADIAN. ) );
#54 = LINE ( 'NONE', #3713, #6706 ) ;
#55 = CARTESIAN_POINT ( 'NONE',  ( 0.2313841284562328238, 0.04500733388959482495, -0.2878937010368047833 ) ) ;
#56 = ORIENTED_EDGE ( 'NONE', *, *, #3112, .T. ) ;
#57 = SURFACE_STYLE_FILL_AREA ( #7190 ) ;
#58 = EDGE_CURVE ( 'NONE', #11850, #11443, #1130, .T. ) ;
#59 = CIRCLE ( 'NONE', #3327, 0.007874015748031506362 ) ;
#60 = LINE ( 'NONE', #11069, #4130 ) ;
#61 = VERTEX_POINT ( 'NONE', #8444 ) ;
#62 = CARTESIAN_POINT ( 'NONE',  ( 0.5225010356768845510, -0.02585880784268908966, -0.04773622072114360598 ) ) ;
#63 = CARTESIAN_POINT ( 'NONE',  ( 0.4920108682649405596, 0.03516481420455502827, -0.2878937010363552540 ) ) ;
#64 =( LENGTH_UNIT ( ) NAMED_UNIT ( * ) SI_UNIT ( $, .METRE. ) );
#65 = DIRECTION ( 'NONE',  ( -1.000000000000000000, 1.734723475977064460E-15, 1.951563910474197493E-15 ) ) ;
#66 = CARTESIAN_POINT ( 'NONE',  ( 0.2031529521231696944, -0.008688119764420883587, -0.2878937010368048388 ) ) ;
#67 = DIRECTION ( 'NONE',  ( 0.1045284632676983655, 0.9945218953682685159, 1.827786029713617844E-16 ) ) ;
#68 = ORIENTED_EDGE ( 'NONE', *, *, #8240, .F. ) ;
#69 = SURFACE_STYLE_USAGE ( .BOTH. , #10239 ) ;
#70 = PRESENTATION_STYLE_ASSIGNMENT (( #5571 ) ) ;
#71 = ADVANCED_FACE ( 'NONE', ( #166 ), #4804, .F. ) ;
#72 = EDGE_CURVE ( 'NONE', #2511, #3793, #1726, .T. ) ;
#73 = UNCERTAINTY_MEASURE_WITH_UNIT (LENGTH_MEASURE( 1.000000000000000082E-05 ), #9407, 'distance_accuracy_value', 'NONE');
#74 = SURFACE_SIDE_STYLE ('',( #2061 ) ) ;
#75 = ORIENTED_EDGE ( 'NONE', *, *, #6785, .T. ) ;
#76 = FILL_AREA_STYLE ('',( #4875 ) ) ;
#77 = ORIENTED_EDGE ( 'NONE', *, *, #7588, .F. ) ;
#78 = ORIENTED_EDGE ( 'NONE', *, *, #5143, .T. ) ;
#79 = DIRECTION ( 'NONE',  ( -1.000000000000000000, 1.644517855226007801E-15, -1.495024203844846333E-13 ) ) ;
#80 = DIRECTION ( 'NONE',  ( 1.000000000000000000, -1.644517855226007801E-15, 1.748601263784622143E-15 ) ) ;
#81 = ORIENTED_EDGE ( 'NONE', *, *, #10815, .F. ) ;
#82 =( LENGTH_UNIT ( ) NAMED_UNIT ( * ) SI_UNIT ( $, .METRE. ) );
#83 = FILL_AREA_STYLE_COLOUR ( '', #3167 ) ;
#84 = EDGE_CURVE ( 'NONE', #9648, #9597, #2875, .T. ) ;
#85 = ADVANCED_FACE ( 'NONE', ( #5666 ), #353, .T. ) ;
#86 = EDGE_LOOP ( 'NONE', ( #6480, #6894, #4659, #6727 ) ) ;
#87 = VECTOR ( 'NONE', #3957, 39.37007874015748143 ) ;
#88 = ORIENTED_EDGE ( 'NONE', *, *, #705, .F. ) ;
#89 = ORIENTED_EDGE ( 'NONE', *, *, #10990, .F. ) ;
#90 = DIRECTION ( 'NONE',  ( -1.644517855226008392E-15, -1.000000000000000000, -6.123233995736766036E-17 ) ) ;
#91 = AXIS2_PLACEMENT_3D ( 'NONE', #897, #9308, #337 ) ;
#92 = CIRCLE ( 'NONE', #10348, 0.005905511811019679806 ) ;
#93 = SURFACE_SIDE_STYLE ('',( #7410 ) ) ;
#94 = DIRECTION ( 'NONE',  ( 0.1045284632676983655, 0.9945218953682685159, 1.827786029713617844E-16 ) ) ;
#95 = DIRECTION ( 'NONE',  ( -0.4273849608040032333, 7.028421990972483826E-16, 0.9040697402737026822 ) ) ;
#96 = CARTESIAN_POINT ( 'NONE',  ( 0.4625214697567742173, 0.03516481420455510459, -0.03177255961239490445 ) ) ;
#97 = AXIS2_PLACEMENT_3D ( 'NONE', #11362, #301, #2098 ) ;
#98 = FACE_OUTER_BOUND ( 'NONE', #9130, .T. ) ;
#99 = FACE_OUTER_BOUND ( 'NONE', #11333, .T. ) ;
#100 = EDGE_CURVE ( 'NONE', #3738, #9580, #10047, .T. ) ;
#101 = CARTESIAN_POINT ( 'NONE',  ( 0.5483132623141999673, -0.03570132752772851858, -0.1477362207209310108 ) ) ;
#102 = COLOUR_RGB ( '',0.7607843137254901578, 0.7607843137254901578, 0.0000000000000000000 ) ;
#103 = ORIENTED_EDGE ( 'NONE', *, *, #8296, .T. ) ;
#104 = DIRECTION ( 'NONE',  ( -1.644517855226008195E-15, -1.000000000000000000, -2.890435660536364269E-30 ) ) ;
#105 =( GEOMETRIC_REPRESENTATION_CONTEXT ( 3 ) GLOBAL_UNCERTAINTY_ASSIGNED_CONTEXT ( ( #11068 ) ) GLOBAL_UNIT_ASSIGNED_CONTEXT ( ( #9805, #6006, #2501 ) ) REPRESENTATION_CONTEXT ( 'NONE', 'WORKASPACE' ) );
#106 = AXIS2_PLACEMENT_3D ( 'NONE', #9670, #5287, #2313 ) ;
#107 = EDGE_CURVE ( 'NONE', #3499, #1340, #7661, .T. ) ;
#108 = FACE_OUTER_BOUND ( 'NONE', #7418, .T. ) ;
#109 = PRESENTATION_LAYER_ASSIGNMENT (  '', '', ( #3378 ) ) ;
#110 = VECTOR ( 'NONE', #8922, 39.37007874015748143 ) ;
#111 = CARTESIAN_POINT ( 'NONE',  ( 0.2148518768365315912, 0.03516481420455550011, -0.1878937010368047777 ) ) ;
#112 = CARTESIAN_POINT ( 'NONE',  ( 0.4554196763413813631, 0.04500733388959445719, -0.2373012207222373882 ) ) ;
#113 = LENGTH_MEASURE_WITH_UNIT ( LENGTH_MEASURE( 0.02539999999999999897 ), #9314 );
#114 = DIMENSIONAL_EXPONENTS ( 1.000000000000000000, 0.0000000000000000000, 0.0000000000000000000, 0.0000000000000000000, 0.0000000000000000000, 0.0000000000000000000, 0.0000000000000000000 ) ;
#115 = EDGE_CURVE ( 'NONE', #11372, #5928, #8553, .T. ) ;
#116 = PRESENTATION_LAYER_ASSIGNMENT (  '', '', ( #7062 ) ) ;
#117 = VERTEX_POINT ( 'NONE', #7535 ) ;
#118 = VECTOR ( 'NONE', #3689, 39.37007874015748143 ) ;
#119 = CARTESIAN_POINT ( 'NONE',  ( 0.4536010832257900693, 0.03516481420455512541, -0.07814324995940274965 ) ) ;
#120 = STYLED_ITEM ( 'NONE', ( #3210 ), #7499 ) ;
#121 = VECTOR ( 'NONE', #4300, 39.37007874015748143 ) ;
#122 = STYLED_ITEM ( 'NONE', ( #1032 ), #4550 ) ;
#123 = SURFACE_STYLE_USAGE ( .BOTH. , #2884 ) ;
#124 = ORIENTED_EDGE ( 'NONE', *, *, #3603, .F. ) ;
#125 = CARTESIAN_POINT ( 'NONE',  ( 0.2924077505034280433, 0.1060309559368545901, -0.08238189001259203781 ) ) ;
#126 = STYLED_ITEM ( 'NONE', ( #4720 ), #6649 ) ;
#127 = SURFACE_SIDE_STYLE ('',( #1088 ) ) ;
#128 = VECTOR ( 'NONE', #6995, 39.37007874015748143 ) ;
#129 = STYLED_ITEM ( 'NONE', ( #11424 ), #4662 ) ;
#130 = CARTESIAN_POINT ( 'NONE',  ( 0.2514430687598451231, 0.03516481420455545848, -0.03139570891042674922 ) ) ;
#131 = CARTESIAN_POINT ( 'NONE',  ( 0.2443412753444519636, 0.04500733388959481801, -0.1833849212010567609 ) ) ;
#132 = PLANE ( 'NONE',  #2787 ) ;
#133 = ORIENTED_EDGE ( 'NONE', *, *, #5557, .F. ) ;
#134 = SURFACE_SIDE_STYLE ('',( #855 ) ) ;
#135 = CARTESIAN_POINT ( 'NONE',  ( 0.5171906553894760616, -0.02376973408140407168, -0.1477362080802064881 ) ) ;
#136 = ORIENTED_EDGE ( 'NONE', *, *, #7269, .T. ) ;
#137 =( CONVERSION_BASED_UNIT ( 'INCH', #2064 ) LENGTH_UNIT ( ) NAMED_UNIT ( #9610 ) );
#138 = ORIENTED_EDGE ( 'NONE', *, *, #2926, .F. ) ;
#139 = DIRECTION ( 'NONE',  ( 1.000000000000000000, 5.419062250743739597E-13, -3.925417528682153637E-13 ) ) ;
#140 = EDGE_LOOP ( 'NONE', ( #9577, #4145, #4814, #11453 ) ) ;
#141 = EDGE_CURVE ( 'NONE', #8820, #8754, #2932, .T. ) ;
#142 = PRESENTATION_STYLE_ASSIGNMENT (( #4832 ) ) ;
#143 = PRESENTATION_STYLE_ASSIGNMENT (( #9465 ) ) ;
#144 = ORIENTED_EDGE ( 'NONE', *, *, #7912, .F. ) ;
#145 = DIRECTION ( 'NONE',  ( -1.644517855226007801E-15, -1.000000000000000000, 6.888556729901404633E-28 ) ) ;
#146 = EDGE_CURVE ( 'NONE', #7940, #387, #10341, .T. ) ;
#147 = LINE ( 'NONE', #9170, #8213 ) ;
#148 = CARTESIAN_POINT ( 'NONE',  ( 0.2031529521231687785, -0.008688119764420850627, -0.02726377977696231580 ) ) ;
#149 = VERTEX_POINT ( 'NONE', #9435 ) ;
#150 = VERTEX_POINT ( 'NONE', #224 ) ;
#151 =( CONVERSION_BASED_UNIT ( 'INCH', #3087 ) LENGTH_UNIT ( ) NAMED_UNIT ( #4808 ) );
#152 = EDGE_LOOP ( 'NONE', ( #3028, #8122, #2181, #3455 ) ) ;
#153 = LENGTH_MEASURE_WITH_UNIT ( LENGTH_MEASURE( 0.02539999999999999897 ), #11392 );
#154 = DIRECTION ( 'NONE',  ( 2.263719875351747549E-12, -2.261913600165000621E-11, -1.000000000000000000 ) ) ;
#155 = ADVANCED_FACE ( 'NONE', ( #5784 ), #9492, .T. ) ;
#156 = LENGTH_MEASURE_WITH_UNIT ( LENGTH_MEASURE( 0.02539999999999999897 ), #1118 );
#157 = EDGE_CURVE ( 'NONE', #11564, #310, #174, .T. ) ;
#158 = DIRECTION ( 'NONE',  ( -8.234490263801784106E-12, 1.353889066150678860E-26, 1.000000000000000000 ) ) ;
#159 = SURFACE_SIDE_STYLE ('',( #3928 ) ) ;
#160 = CARTESIAN_POINT ( 'NONE',  ( 0.2148518768365315912, 0.04500733388959486658, -0.1878937010368047777 ) ) ;
#161 = CARTESIAN_POINT ( 'NONE',  ( 0.4920108682649401155, 0.02729079845652354619, -0.1878937010363552484 ) ) ;
#162 =( GEOMETRIC_REPRESENTATION_CONTEXT ( 3 ) GLOBAL_UNCERTAINTY_ASSIGNED_CONTEXT ( ( #9137 ) ) GLOBAL_UNIT_ASSIGNED_CONTEXT ( ( #11180, #1558, #5038 ) ) REPRESENTATION_CONTEXT ( 'NONE', 'WORKASPACE' ) );
#163 = ORIENTED_EDGE ( 'NONE', *, *, #10508, .T. ) ;
#164 = PLANE ( 'NONE',  #1657 ) ;
#165 = EDGE_CURVE ( 'NONE', #11532, #7931, #9613, .T. ) ;
#166 = FACE_OUTER_BOUND ( 'NONE', #8840, .T. ) ;
#167 = CARTESIAN_POINT ( 'NONE',  ( 0.2443412753456727371, 0.04500733388959479719, -0.2317725596147574840 ) ) ;
#168 = DIRECTION ( 'NONE',  ( 7.515307820595736171E-13, -1.000000000000000000, 2.344791028037013343E-13 ) ) ;
#169 = CYLINDRICAL_SURFACE ( 'NONE', #1770, 0.007874015748031497688 ) ;
#170 = VERTEX_POINT ( 'NONE', #1496 ) ;
#171 = STYLED_ITEM ( 'NONE', ( #5824 ), #6503 ) ;
#172 = CARTESIAN_POINT ( 'NONE',  ( 0.2506952668935074624, 0.04500733388959479025, -0.2778562600915291947 ) ) ;
#173 = CYLINDRICAL_SURFACE ( 'NONE', #8195, 0.007874015748031482076 ) ;
#174 = CIRCLE ( 'NONE', #11766, 0.005905511811023628904 ) ;
#175 = ORIENTED_EDGE ( 'NONE', *, *, #8240, .T. ) ;
#176 = DIRECTION ( 'NONE',  ( -0.9945218953682685159, 0.1045284632676983655, -1.739022243102431967E-15 ) ) ;
#177 = CARTESIAN_POINT ( 'NONE',  ( 0.5225010356768849951, -0.02585880784268910701, -0.1477362207211436185 ) ) ;
#178 = FACE_OUTER_BOUND ( 'NONE', #4180, .T. ) ;
#179 = FACE_OUTER_BOUND ( 'NONE', #10954, .T. ) ;
#180 = PLANE ( 'NONE',  #7567 ) ;
#181 = DIRECTION ( 'NONE',  ( 0.9945218953682689600, 0.1045284632676950626, 8.189380864547705479E-12 ) ) ;
#182 = CARTESIAN_POINT ( 'NONE',  ( 0.4554196763414990468, 0.03516481420455510459, -0.1373012207222373826 ) ) ;
#183 = CARTESIAN_POINT ( 'NONE',  ( 0.4625214697563018729, 0.03516481420455510459, -0.08338492120050514100 ) ) ;
#184 = ORIENTED_EDGE ( 'NONE', *, *, #4675, .F. ) ;
#185 = CARTESIAN_POINT ( 'NONE',  ( 0.5048815532786116167, -0.01983667431789089622, -0.1458134337080575771 ) ) ;
#186 = DIMENSIONAL_EXPONENTS ( 1.000000000000000000, 0.0000000000000000000, 0.0000000000000000000, 0.0000000000000000000, 0.0000000000000000000, 0.0000000000000000000, 0.0000000000000000000 ) ;
#187 = UNCERTAINTY_MEASURE_WITH_UNIT (LENGTH_MEASURE( 1.000000000000000082E-05 ), #3495, 'distance_accuracy_value', 'NONE');
#188 =( LENGTH_UNIT ( ) NAMED_UNIT ( * ) SI_UNIT ( $, .METRE. ) );
#189 = VERTEX_POINT ( 'NONE', #1554 ) ;
#190 = DIRECTION ( 'NONE',  ( -1.644517855226007801E-15, -1.000000000000000000, 6.888556729901404633E-28 ) ) ;
#191 = VERTEX_POINT ( 'NONE', #655 ) ;
#192 = VECTOR ( 'NONE', #1322, 39.37007874015748143 ) ;
#193 = VERTEX_POINT ( 'NONE', #6922 ) ;
#194 = SURFACE_SIDE_STYLE ('',( #2004 ) ) ;
#195 = LENGTH_MEASURE_WITH_UNIT ( LENGTH_MEASURE( 0.02539999999999999897 ), #11258 );
#196 =( NAMED_UNIT ( * ) PLANE_ANGLE_UNIT ( ) SI_UNIT ( $, .RADIAN. ) );
#197 = CARTESIAN_POINT ( 'NONE',  ( 0.4696401291285070001, 0.03516481420455507684, -0.1800196852885760368 ) ) ;
#198 = ORIENTED_EDGE ( 'NONE', *, *, #11295, .F. ) ;
#199 = DIRECTION ( 'NONE',  ( -1.748601263784621946E-15, 0.0000000000000000000, 1.000000000000000000 ) ) ;
#200 = CARTESIAN_POINT ( 'NONE',  ( 0.5098570882031401297, -0.02450745300942767588, -0.2477362207212477074 ) ) ;
#201 = EDGE_CURVE ( 'NONE', #11335, #3711, #7777, .T. ) ;
#202 = CARTESIAN_POINT ( 'NONE',  ( 0.4754786166447402262, 0.03516481420455506990, -0.1272637797766489332 ) ) ;
#203 =( GEOMETRIC_REPRESENTATION_CONTEXT ( 3 ) GLOBAL_UNCERTAINTY_ASSIGNED_CONTEXT ( ( #2990 ) ) GLOBAL_UNIT_ASSIGNED_CONTEXT ( ( #2415, #7867, #6955 ) ) REPRESENTATION_CONTEXT ( 'NONE', 'WORKASPACE' ) );
#204 = STYLED_ITEM ( 'NONE', ( #7753 ), #9299 ) ;
#205 = ORIENTED_EDGE ( 'NONE', *, *, #8834, .T. ) ;
#206 = ORIENTED_EDGE ( 'NONE', *, *, #1295, .T. ) ;
#207 = CARTESIAN_POINT ( 'NONE',  ( 0.1933643507908074377, -0.007659296307098018355, -0.2272637797769623269 ) ) ;
#208 = EDGE_LOOP ( 'NONE', ( #11529, #8034, #8806, #8851 ) ) ;
#209 = FACE_OUTER_BOUND ( 'NONE', #8701, .T. ) ;
#210 = CARTESIAN_POINT ( 'NONE',  ( 0.3496518449916173887, 0.1021333181416025221, -0.1791535435558992695 ) ) ;
#211 = COLOUR_RGB ( '',0.7607843137254901578, 0.7607843137254901578, 0.0000000000000000000 ) ;
#212 = ORIENTED_EDGE ( 'NONE', *, *, #5226, .T. ) ;
#213 = CARTESIAN_POINT ( 'NONE',  ( 0.4998417493303346504, 0.02811385722240933652, -0.2272637797764482659 ) ) ;
#214 = MECHANICAL_DESIGN_GEOMETRIC_PRESENTATION_REPRESENTATION (  '', ( #5008 ), #797 ) ;
#215 = CARTESIAN_POINT ( 'NONE',  ( 0.4554196763415385152, 0.04500733388959447800, -0.1837617719029067676 ) ) ;
#216 = LINE ( 'NONE', #3043, #5936 ) ;
#217 = CARTESIAN_POINT ( 'NONE',  ( 0.3496518449916177773, 0.1434325307400277083, -0.2791535435558992750 ) ) ;
#218 = CARTESIAN_POINT ( 'NONE',  ( 0.5048815532788066829, -0.01983667431788590022, -0.06934404710459574073 ) ) ;
#219 = EDGE_CURVE ( 'NONE', #2931, #11173, #8813, .T. ) ;
#220 = CARTESIAN_POINT ( 'NONE',  ( 0.5106414460763892826, -0.02755782159619300786, -0.06742126009132004549 ) ) ;
#221 = CIRCLE ( 'NONE', #1175, 0.005905511811027568461 ) ;
#222 = ORIENTED_EDGE ( 'NONE', *, *, #3681, .T. ) ;
#223 = LENGTH_MEASURE_WITH_UNIT ( LENGTH_MEASURE( 0.02539999999999999897 ), #352 );
#224 = CARTESIAN_POINT ( 'NONE',  ( 0.4615064727374442732, 0.03516481420455506990, -0.2339196358458595359 ) ) ;
#225 = LENGTH_MEASURE_WITH_UNIT ( LENGTH_MEASURE( 0.02539999999999999897 ), #5888 );
#226 =( CONVERSION_BASED_UNIT ( 'INCH', #4691 ) LENGTH_UNIT ( ) NAMED_UNIT ( #8904 ) );
#227 = LINE ( 'NONE', #7483, #756 ) ;
#228 = COLOUR_RGB ( '',0.7607843137254901578, 0.7607843137254901578, 0.0000000000000000000 ) ;
#229 = LINE ( 'NONE', #1926, #2318 ) ;
#230 = VERTEX_POINT ( 'NONE', #11650 ) ;
#231 = MECHANICAL_DESIGN_GEOMETRIC_PRESENTATION_REPRESENTATION (  '', ( #7379 ), #6782 ) ;
#232 = CARTESIAN_POINT ( 'NONE',  ( 0.3140612938105270535, 0.1021333181416025637, -0.2821850396188910759 ) ) ;
#233 = EDGE_CURVE ( 'NONE', #2524, #1040, #4302, .T. ) ;
#234 = ADVANCED_FACE ( 'NONE', ( #8024 ), #11718, .T. ) ;
#235 = VECTOR ( 'NONE', #6400, 39.37007874015748143 ) ;
#236 = EDGE_LOOP ( 'NONE', ( #2941, #6707, #7456, #6841 ) ) ;
#237 = CARTESIAN_POINT ( 'NONE',  ( 0.4625214697563420629, 0.03516481420455506990, -0.2833849212005839502 ) ) ;
#238 = STYLED_ITEM ( 'NONE', ( #6289 ), #8790 ) ;
#239 = DIRECTION ( 'NONE',  ( 0.0000000000000000000, 0.0000000000000000000, 1.000000000000000000 ) ) ;
#240 = CARTESIAN_POINT ( 'NONE',  ( 0.2514430687598455672, 0.04500733388959481107, -0.1313957089104267617 ) ) ;
#241 = CARTESIAN_POINT ( 'NONE',  ( 0.2506952668928381089, 0.04500733388959479025, -0.2313957089104267950 ) ) ;
#242 = PLANE ( 'NONE',  #7720 ) ;
#243 = CARTESIAN_POINT ( 'NONE',  ( 0.5225010356778660991, -0.01798479209465759024, -0.1669308663904348899 ) ) ;
#244 = DIRECTION ( 'NONE',  ( 1.000000000000000000, -1.644517855226007801E-15, 1.748601263784622143E-15 ) ) ;
#245 = VERTEX_POINT ( 'NONE', #9671 ) ;
#246 = PRESENTATION_LAYER_ASSIGNMENT (  '', '', ( #8161 ) ) ;
#247 = CARTESIAN_POINT ( 'NONE',  ( 0.5172050357898655415, -0.02375406862796464874, -0.06742126009126593600 ) ) ;
#248 = EDGE_CURVE ( 'NONE', #4771, #170, #5035, .T. ) ;
#249 = LINE ( 'NONE', #5631, #6072 ) ;
#250 = VERTEX_POINT ( 'NONE', #3224 ) ;
#251 = VECTOR ( 'NONE', #8589, 39.37007874015748143 ) ;
#252 = ORIENTED_EDGE ( 'NONE', *, *, #10456, .T. ) ;
#253 = DIRECTION ( 'NONE',  ( 4.670742959067550678E-12, 0.0000000000000000000, 1.000000000000000000 ) ) ;
#254 = EDGE_LOOP ( 'NONE', ( #6020, #7602, #9845, #4211 ) ) ;
#255 = PLANE ( 'NONE',  #5790 ) ;
#256 = CARTESIAN_POINT ( 'NONE',  ( 0.2313841284562628275, 0.04500733388959484577, -0.1272637797769622658 ) ) ;
#257 = DIRECTION ( 'NONE',  ( -1.000000000000000000, 1.644517855226007801E-15, -1.748601263784621748E-15 ) ) ;
#258 = ORIENTED_EDGE ( 'NONE', *, *, #11126, .T. ) ;
#259 = LINE ( 'NONE', #6594, #6366 ) ;
#260 =( NAMED_UNIT ( * ) PLANE_ANGLE_UNIT ( ) SI_UNIT ( $, .RADIAN. ) );
#261 = EDGE_CURVE ( 'NONE', #4051, #8421, #10621, .T. ) ;
#262 = DIRECTION ( 'NONE',  ( -1.748601263784621748E-15, 0.0000000000000000000, 1.000000000000000000 ) ) ;
#263 = ORIENTED_EDGE ( 'NONE', *, *, #11539, .T. ) ;
#264 = DIMENSIONAL_EXPONENTS ( 1.000000000000000000, 0.0000000000000000000, 0.0000000000000000000, 0.0000000000000000000, 0.0000000000000000000, 0.0000000000000000000, 0.0000000000000000000 ) ;
#265 = ORIENTED_EDGE ( 'NONE', *, *, #9547, .T. ) ;
#266 = FILL_AREA_STYLE_COLOUR ( '', #5637 ) ;
#267 = ORIENTED_EDGE ( 'NONE', *, *, #7984, .T. ) ;
#268 = DIRECTION ( 'NONE',  ( -1.000000000000000000, 1.644517855226007801E-15, -8.234490263801784106E-12 ) ) ;
#269 = ORIENTED_EDGE ( 'NONE', *, *, #11845, .T. ) ;
#270 = PRESENTATION_STYLE_ASSIGNMENT (( #6731 ) ) ;
#271 = CARTESIAN_POINT ( 'NONE',  ( 0.5158188054464752925, -0.02214987590510626367, -0.2475478333218588955 ) ) ;
#272 = CARTESIAN_POINT ( 'NONE',  ( 0.5134983943101656401, -0.007659296307098548313, -0.2272637797763358558 ) ) ;
#273 = ADVANCED_FACE ( 'NONE', ( #7651 ), #8608, .T. ) ;
#274 = DIRECTION ( 'NONE',  ( -1.644517855226008195E-15, -1.000000000000000000, -2.890435660536364269E-30 ) ) ;
#275 = FILL_AREA_STYLE_COLOUR ( '', #4834 ) ;
#276 = LINE ( 'NONE', #3097, #4906 ) ;
#277 = LINE ( 'NONE', #10277, #3541 ) ;
#278 = MECHANICAL_DESIGN_GEOMETRIC_PRESENTATION_REPRESENTATION (  '', ( #9560 ), #11468 ) ;
#279 = VERTEX_POINT ( 'NONE', #2863 ) ;
#280 = VECTOR ( 'NONE', #10136, 39.37007874015748854 ) ;
#281 =( GEOMETRIC_REPRESENTATION_CONTEXT ( 3 ) GLOBAL_UNCERTAINTY_ASSIGNED_CONTEXT ( ( #5156 ) ) GLOBAL_UNIT_ASSIGNED_CONTEXT ( ( #11915, #53, #10046 ) ) REPRESENTATION_CONTEXT ( 'NONE', 'WORKASPACE' ) );
#282 = CARTESIAN_POINT ( 'NONE',  ( 0.5044156245189410637, 0.03516481420455504214, -0.8792322837135758684 ) ) ;
#283 = CARTESIAN_POINT ( 'NONE',  ( 0.5483132623140317685, -0.02585880784268915905, -0.2272637797760491407 ) ) ;
#284 = FILL_AREA_STYLE ('',( #3881 ) ) ;
#285 = EDGE_CURVE ( 'NONE', #3451, #10977, #3815, .T. ) ;
#286 = DIRECTION ( 'NONE',  ( 1.644517855226008195E-15, 1.000000000000000000, 2.890435660536364269E-30 ) ) ;
#287 = ADVANCED_FACE ( 'NONE', ( #11223 ), #5654, .F. ) ;
#288 = LINE ( 'NONE', #3944, #2740 ) ;
#289 = VECTOR ( 'NONE', #11361, 39.37007874015748143 ) ;
#290 = EDGE_CURVE ( 'NONE', #10843, #10000, #9480, .T. ) ;
#291 = VECTOR ( 'NONE', #11510, 39.37007874015748143 ) ;
#292 = DIRECTION ( 'NONE',  ( 8.234490263801784106E-12, -1.353889066150678860E-26, -1.000000000000000000 ) ) ;
#293 = MECHANICAL_DESIGN_GEOMETRIC_PRESENTATION_REPRESENTATION (  '', ( #11117 ), #11889 ) ;
#294 = VECTOR ( 'NONE', #3699, 39.37007874015748143 ) ;
#295 = VECTOR ( 'NONE', #1309, 39.37007874015748143 ) ;
#296 = CARTESIAN_POINT ( 'NONE',  ( 0.4554196763415385152, 0.03516481420455510459, -0.1837617719029067676 ) ) ;
#297 = PRESENTATION_LAYER_ASSIGNMENT (  '', '', ( #5508 ) ) ;
#298 = DIMENSIONAL_EXPONENTS ( 1.000000000000000000, 0.0000000000000000000, 0.0000000000000000000, 0.0000000000000000000, 0.0000000000000000000, 0.0000000000000000000, 0.0000000000000000000 ) ;
#299 = ORIENTED_EDGE ( 'NONE', *, *, #5251, .F. ) ;
#300 = FACE_OUTER_BOUND ( 'NONE', #5328, .T. ) ;
#301 = DIRECTION ( 'NONE',  ( 8.234490263801784106E-12, -1.353889066150678860E-26, -1.000000000000000000 ) ) ;
#302 = CARTESIAN_POINT ( 'NONE',  ( 0.3928014512908304390, 0.1021333181416024249, -0.2329724411934976092 ) ) ;
#303 = EDGE_CURVE ( 'NONE', #6796, #6091, #7505, .T. ) ;
#304 = AXIS2_PLACEMENT_3D ( 'NONE', #9481, #4742, #10271 ) ;
#305 =( CONVERSION_BASED_UNIT ( 'INCH', #5621 ) LENGTH_UNIT ( ) NAMED_UNIT ( #10916 ) );
#306 = FILL_AREA_STYLE_COLOUR ( '', #4627 ) ;
#307 = AXIS2_PLACEMENT_3D ( 'NONE', #1304, #11280, #3994 ) ;
#308 = SURFACE_STYLE_FILL_AREA ( #7675 ) ;
#309 = VECTOR ( 'NONE', #4412, 39.37007874015748143 ) ;
#310 = VERTEX_POINT ( 'NONE', #6046 ) ;
#311 = PRESENTATION_LAYER_ASSIGNMENT (  '', '', ( #11902 ) ) ;
#312 = FILL_AREA_STYLE_COLOUR ( '', #8046 ) ;
#313 = STYLED_ITEM ( 'NONE', ( #6879 ), #8979 ) ;
#314 = UNCERTAINTY_MEASURE_WITH_UNIT (LENGTH_MEASURE( 1.000000000000000082E-05 ), #3889, 'distance_accuracy_value', 'NONE');
#315 = AXIS2_PLACEMENT_3D ( 'NONE', #5896, #3295, #2381 ) ;
#316 = DIRECTION ( 'NONE',  ( -0.1045284632676950626, 0.9945218953682689600, -8.607386130680116915E-13 ) ) ;
#317 = VECTOR ( 'NONE', #430, 39.37007874015748854 ) ;
#318 = AXIS2_PLACEMENT_3D ( 'NONE', #2833, #10231, #7437 ) ;
#319 = ORIENTED_EDGE ( 'NONE', *, *, #7166, .T. ) ;
#320 = PRESENTATION_LAYER_ASSIGNMENT (  '', '', ( #11130 ) ) ;
#321 = VECTOR ( 'NONE', #1700, 39.37007874015748143 ) ;
#322 = VERTEX_POINT ( 'NONE', #5992 ) ;
#323 = CARTESIAN_POINT ( 'NONE',  ( 0.4561674782085073931, 0.04500733388959445025, -0.2373012207222373882 ) ) ;
#324 = ORIENTED_EDGE ( 'NONE', *, *, #9936, .T. ) ;
#325 = ADVANCED_FACE ( 'NONE', ( #10728 ), #3091, .T. ) ;
#326 = CARTESIAN_POINT ( 'NONE',  ( 0.1921383447885286477, -0.01932396423582069186, -0.1462630335223211453 ) ) ;
#327 = DIRECTION ( 'NONE',  ( -1.748601263784622143E-15, 0.0000000000000000000, 1.000000000000000000 ) ) ;
#328 = VERTEX_POINT ( 'NONE', #9723 ) ;
#329 = ADVANCED_FACE ( 'NONE', ( #6848 ), #8724, .T. ) ;
#330 = DIRECTION ( 'NONE',  ( 1.000000000000000000, 1.622150117326477356E-11, 9.859911151360783998E-12 ) ) ;
#331 = VECTOR ( 'NONE', #3598, 39.37007874015748143 ) ;
#332 = FILL_AREA_STYLE_COLOUR ( '', #8915 ) ;
#333 = STYLED_ITEM ( 'NONE', ( #10058 ), #5596 ) ;
#334 =( CONVERSION_BASED_UNIT ( 'INCH', #2174 ) LENGTH_UNIT ( ) NAMED_UNIT ( #8371 ) );
#335 = DIRECTION ( 'NONE',  ( 0.9040697404025195283, -1.626303258728255665E-15, 0.4273849605315106492 ) ) ;
#336 = ORIENTED_EDGE ( 'NONE', *, *, #10871, .T. ) ;
#337 = DIRECTION ( 'NONE',  ( -0.6691306063588781106, 0.7431448254773763695, -2.168404344971007685E-15 ) ) ;
#338 = EDGE_CURVE ( 'NONE', #5750, #1199, #5076, .T. ) ;
#339 = EDGE_LOOP ( 'NONE', ( #4017, #659, #5966, #2246 ) ) ;
#340 = FACE_OUTER_BOUND ( 'NONE', #7539, .T. ) ;
#341 = ORIENTED_EDGE ( 'NONE', *, *, #5471, .T. ) ;
#342 = FILL_AREA_STYLE ('',( #6728 ) ) ;
#343 = FILL_AREA_STYLE_COLOUR ( '', #11907 ) ;
#344 = FILL_AREA_STYLE_COLOUR ( '', #11626 ) ;
#345 = LENGTH_MEASURE_WITH_UNIT ( LENGTH_MEASURE( 0.02539999999999999897 ), #4962 );
#346 = PLANE ( 'NONE',  #10914 ) ;
#347 = UNCERTAINTY_MEASURE_WITH_UNIT (LENGTH_MEASURE( 1.000000000000000082E-05 ), #5771, 'distance_accuracy_value', 'NONE');
#348 = FILL_AREA_STYLE_COLOUR ( '', #8763 ) ;
#349 = ORIENTED_EDGE ( 'NONE', *, *, #3527, .T. ) ;
#350 = EDGE_CURVE ( 'NONE', #8246, #4771, #6927, .T. ) ;
#351 = ORIENTED_EDGE ( 'NONE', *, *, #1592, .F. ) ;
#352 =( LENGTH_UNIT ( ) NAMED_UNIT ( * ) SI_UNIT ( $, .METRE. ) );
#353 = PLANE ( 'NONE',  #7122 ) ;
#354 = CARTESIAN_POINT ( 'NONE',  ( 0.2506952668935065742, 0.03516481420455545848, -0.07785626009152914195 ) ) ;
#355 = FILL_AREA_STYLE_COLOUR ( '', #10085 ) ;
#356 = CARTESIAN_POINT ( 'NONE',  ( 0.2453562723638216259, 0.04500733388959483189, -0.08123784496798586163 ) ) ;
#357 = DIRECTION ( 'NONE',  ( -1.000000000000000000, 1.644517855226007801E-15, -8.234490263801784106E-12 ) ) ;
#358 = DIRECTION ( 'NONE',  ( 0.0000000000000000000, 1.000000000000000000, 0.0000000000000000000 ) ) ;
#359 = AXIS2_PLACEMENT_3D ( 'NONE', #6008, #7844, #3289 ) ;
#360 =( GEOMETRIC_REPRESENTATION_CONTEXT ( 3 ) GLOBAL_UNCERTAINTY_ASSIGNED_CONTEXT ( ( #7712 ) ) GLOBAL_UNIT_ASSIGNED_CONTEXT ( ( #3787, #5741, #3840 ) ) REPRESENTATION_CONTEXT ( 'NONE', 'WORKASPACE' ) );
#361 = ADVANCED_FACE ( 'NONE', ( #2249 ), #5019, .T. ) ;
#362 = CARTESIAN_POINT ( 'NONE',  ( 0.4998417493308338622, 0.02811385722240933652, -0.2878937010362907500 ) ) ;
#363 = STYLED_ITEM ( 'NONE', ( #5217 ), #9223 ) ;
#364 = ORIENTED_EDGE ( 'NONE', *, *, #4727, .F. ) ;
#365 = CYLINDRICAL_SURFACE ( 'NONE', #11282, 0.005905511811027547645 ) ;
#366 = CIRCLE ( 'NONE', #1318, 0.007874015748031490750 ) ;
#367 = LINE ( 'NONE', #10577, #27 ) ;
#368 = FILL_AREA_STYLE_COLOUR ( '', #4147 ) ;
#369 =( LENGTH_UNIT ( ) NAMED_UNIT ( * ) SI_UNIT ( $, .METRE. ) );
#370 = LINE ( 'NONE', #3243, #1737 ) ;
#371 = DIRECTION ( 'NONE',  ( -1.000000000000000000, 1.644517855226007801E-15, -1.748601263784621748E-15 ) ) ;
#372 = ORIENTED_EDGE ( 'NONE', *, *, #115, .T. ) ;
#373 = COLOUR_RGB ( '',0.7607843137254901578, 0.7607843137254901578, 0.0000000000000000000 ) ;
#374 = PLANE ( 'NONE',  #3771 ) ;
#375 = LINE ( 'NONE', #2224, #7275 ) ;
#376 = VECTOR ( 'NONE', #8622, 39.37007874015748143 ) ;
#377 = EDGE_CURVE ( 'NONE', #4490, #10667, #11292, .T. ) ;
#378 =( NAMED_UNIT ( * ) SI_UNIT ( $, .STERADIAN. ) SOLID_ANGLE_UNIT ( ) );
#379 = ORIENTED_EDGE ( 'NONE', *, *, #8498, .F. ) ;
#380 = PLANE ( 'NONE',  #10917 ) ;
#381 = ORIENTED_EDGE ( 'NONE', *, *, #8482, .F. ) ;
#382 = CYLINDRICAL_SURFACE ( 'NONE', #6749, 0.01771653543307086590 ) ;
#383 = ORIENTED_EDGE ( 'NONE', *, *, #9104, .T. ) ;
#384 = FILL_AREA_STYLE ('',( #11499 ) ) ;
#385 = DIRECTION ( 'NONE',  ( -1.748601263784622143E-15, 0.0000000000000000000, 1.000000000000000000 ) ) ;
#386 = FACE_OUTER_BOUND ( 'NONE', #8485, .T. ) ;
#387 = VERTEX_POINT ( 'NONE', #11637 ) ;
#388 =( NAMED_UNIT ( * ) SI_UNIT ( $, .STERADIAN. ) SOLID_ANGLE_UNIT ( ) );
#389 = CARTESIAN_POINT ( 'NONE',  ( 0.5463410757003660523, -0.06121462703867337068, -0.1674212600919223193 ) ) ;
#390 = CARTESIAN_POINT ( 'NONE',  ( 0.5098570882031393525, -0.02450745300942763771, -0.04773622072124768245 ) ) ;
#391 = DIRECTION ( 'NONE',  ( 0.05226423162670049832, -0.4972609476841248211, 0.8660254037848753583 ) ) ;
#392 = EDGE_CURVE ( 'NONE', #6321, #3, #8102, .T. ) ;
#393 = DIRECTION ( 'NONE',  ( 1.644517855226008195E-15, 1.000000000000000000, 2.890435660536364269E-30 ) ) ;
#394 = EDGE_CURVE ( 'NONE', #3271, #1759, #10665, .T. ) ;
#395 = AXIS2_PLACEMENT_3D ( 'NONE', #7991, #683, #6342 ) ;
#396 = ORIENTED_EDGE ( 'NONE', *, *, #2368, .T. ) ;
#397 = CARTESIAN_POINT ( 'NONE',  ( 0.5154616257491037024, -0.02157683654261759870, -0.04741256265625300170 ) ) ;
#398 = VERTEX_POINT ( 'NONE', #2299 ) ;
#399 = LINE ( 'NONE', #207, #11241 ) ;
#400 = EDGE_LOOP ( 'NONE', ( #11433, #10021, #1303, #9548 ) ) ;
#401 = FACE_OUTER_BOUND ( 'NONE', #10461, .T. ) ;
#402 = DIRECTION ( 'NONE',  ( 0.0000000000000000000, 0.0000000000000000000, 1.000000000000000000 ) ) ;
#403 = SURFACE_STYLE_FILL_AREA ( #1643 ) ;
#404 = DIRECTION ( 'NONE',  ( 0.0000000000000000000, 0.0000000000000000000, 1.000000000000000000 ) ) ;
#405 = DIRECTION ( 'NONE',  ( 0.9040697401960466895, -1.445602896647340100E-15, -0.4273849609682733863 ) ) ;
#406 = SURFACE_STYLE_USAGE ( .BOTH. , #2134 ) ;
#407 = VECTOR ( 'NONE', #10704, 39.37007874015748854 ) ;
#408 = ADVANCED_FACE ( 'NONE', ( #10557 ), #4039, .F. ) ;
#409 = ADVANCED_FACE ( 'NONE', ( #2489 ), #644, .T. ) ;
#410 = DIRECTION ( 'NONE',  ( -2.836710033957226591E-12, -1.000000000000000000, 1.065814103797950606E-13 ) ) ;
#411 = ORIENTED_EDGE ( 'NONE', *, *, #7305, .T. ) ;
#412 = AXIS2_PLACEMENT_3D ( 'NONE', #1819, #6283, #5501 ) ;
#413 = ORIENTED_EDGE ( 'NONE', *, *, #3783, .F. ) ;
#414 = DIRECTION ( 'NONE',  ( -1.644517855226008195E-15, -1.000000000000000000, -2.890435660536364269E-30 ) ) ;
#415 = CYLINDRICAL_SURFACE ( 'NONE', #9901, 0.007874015748031499423 ) ;
#416 = CIRCLE ( 'NONE', #2623, 0.005905511811027556318 ) ;
#418 = EDGE_CURVE ( 'NONE', #6828, #3900, #1667, .T. ) ;
#417 = PRESENTATION_LAYER_ASSIGNMENT (  '', '', ( #10840 ) ) ;
#419 = CARTESIAN_POINT ( 'NONE',  ( 0.2453562723633100906, 0.03516481420455544460, -0.1339196358434976697 ) ) ;
#420 = ORIENTED_EDGE ( 'NONE', *, *, #6887, .F. ) ;
#421 = CARTESIAN_POINT ( 'NONE',  ( 0.5149982620534936384, -0.02037404134002670369, -0.1468834790947769753 ) ) ;
#422 =( GEOMETRIC_REPRESENTATION_CONTEXT ( 3 ) GLOBAL_UNCERTAINTY_ASSIGNED_CONTEXT ( ( #4013 ) ) GLOBAL_UNIT_ASSIGNED_CONTEXT ( ( #4884, #10654, #10541 ) ) REPRESENTATION_CONTEXT ( 'NONE', 'WORKASPACE' ) );
#423 = DIRECTION ( 'NONE',  ( 1.644517855226008195E-15, 1.000000000000000000, 2.890435660536364269E-30 ) ) ;
#424 = CARTESIAN_POINT ( 'NONE',  ( 0.2490536793147662964, -0.004205264535602010016, -0.005563233721056699485 ) ) ;
#425 = EDGE_CURVE ( 'NONE', #1919, #2511, #4478, .T. ) ;
#426 = DIRECTION ( 'NONE',  ( -1.387778780775897222E-15, 0.0000000000000000000, -1.000000000000000000 ) ) ;
#427 = ADVANCED_FACE ( 'NONE', ( #8250 ), #4417, .F. ) ;
#428 = ORIENTED_EDGE ( 'NONE', *, *, #4105, .T. ) ;
#429 = SURFACE_STYLE_FILL_AREA ( #1325 ) ;
#430 = DIRECTION ( 'NONE',  ( -0.05226423163383198817, -0.4972609476841254317, -0.8660254037844445918 ) ) ;
#431 = VECTOR ( 'NONE', #5241, 39.37007874015748143 ) ;
#433 = EDGE_CURVE ( 'NONE', #4955, #1170, #5459, .T. ) ;
#432 = UNCERTAINTY_MEASURE_WITH_UNIT (LENGTH_MEASURE( 1.000000000000000082E-05 ), #7975, 'distance_accuracy_value', 'NONE');
#434 = VERTEX_POINT ( 'NONE', #1158 ) ;
#435 = LINE ( 'NONE', #3193, #7246 ) ;
#436 = ORIENTED_EDGE ( 'NONE', *, *, #10416, .F. ) ;
#437 = LINE ( 'NONE', #11741, #7725 ) ;
#438 = ORIENTED_EDGE ( 'NONE', *, *, #7421, .F. ) ;
#439 = MECHANICAL_DESIGN_GEOMETRIC_PRESENTATION_REPRESENTATION (  '', ( #4273 ), #2346 ) ;
#440 = DIRECTION ( 'NONE',  ( 1.644517855226007801E-15, 1.000000000000000000, 2.875605999964572744E-30 ) ) ;
#441 = SPHERICAL_SURFACE ( 'NONE', #1022, 0.007874015748031495954 ) ;
#442 = EDGE_CURVE ( 'NONE', #9354, #5199, #7565, .T. ) ;
#443 = ORIENTED_EDGE ( 'NONE', *, *, #10815, .T. ) ;
#444 = LINE ( 'NONE', #2240, #6613 ) ;
#445 = DIRECTION ( 'NONE',  ( 1.748601263784622143E-15, 0.0000000000000000000, -1.000000000000000000 ) ) ;
#446 = PRESENTATION_STYLE_ASSIGNMENT (( #4953 ) ) ;
#447 = DIRECTION ( 'NONE',  ( 2.272092236576761367E-12, -1.000000000000000000, 7.155165349104004500E-12 ) ) ;
#448 = ORIENTED_EDGE ( 'NONE', *, *, #1169, .F. ) ;
#449 = PLANE ( 'NONE',  #9185 ) ;
#450 = ORIENTED_EDGE ( 'NONE', *, *, #2339, .F. ) ;
#451 = CARTESIAN_POINT ( 'NONE',  ( 0.3496518449916170002, 0.1434325307400277361, -0.03600393725668660921 ) ) ;
#452 = ORIENTED_EDGE ( 'NONE', *, *, #4579, .F. ) ;
#453 = SURFACE_STYLE_FILL_AREA ( #6969 ) ;
#454 =( NAMED_UNIT ( * ) PLANE_ANGLE_UNIT ( ) SI_UNIT ( $, .RADIAN. ) );
#455 = CARTESIAN_POINT ( 'NONE',  ( 0.2313841284562201672, 0.04240669873959744540, 0.01210629896319397221 ) ) ;
#456 = EDGE_CURVE ( 'NONE', #4787, #5714, #6482, .T. ) ;
#457 = VERTEX_POINT ( 'NONE', #8361 ) ;
#458 = CARTESIAN_POINT ( 'NONE',  ( 0.5037097929778030503, -0.008688119764421362370, -0.1272637797764164524 ) ) ;
#459 = ADVANCED_FACE ( 'NONE', ( #934 ), #1953, .T. ) ;
#460 = UNCERTAINTY_MEASURE_WITH_UNIT (LENGTH_MEASURE( 1.000000000000000082E-05 ), #3636, 'distance_accuracy_value', 'NONE');
#461 = FACE_OUTER_BOUND ( 'NONE', #4713, .T. ) ;
#462 = ORIENTED_EDGE ( 'NONE', *, *, #4851, .T. ) ;
#463 = ORIENTED_EDGE ( 'NONE', *, *, #8573, .T. ) ;
#464 = CARTESIAN_POINT ( 'NONE',  ( 0.2070209957706378445, 0.02811385722240985000, -0.08789370103680482771 ) ) ;
#465 =( GEOMETRIC_REPRESENTATION_CONTEXT ( 3 ) GLOBAL_UNCERTAINTY_ASSIGNED_CONTEXT ( ( #4907 ) ) GLOBAL_UNIT_ASSIGNED_CONTEXT ( ( #10576, #11784, #2515 ) ) REPRESENTATION_CONTEXT ( 'NONE', 'WORKASPACE' ) );
#466 = B_SPLINE_CURVE_WITH_KNOTS ( 'NONE', 3,
 ( #4183, #1307, #8682, #2260 ),
 .UNSPECIFIED., .F., .F.,
 ( 4, 4 ),
 ( 2.028273369395585233E-16, 0.0001438460554596459272 ),
 .UNSPECIFIED. ) ;
#467 = LENGTH_MEASURE_WITH_UNIT ( LENGTH_MEASURE( 0.02539999999999999897 ), #5831 );
#468 = DIRECTION ( 'NONE',  ( 1.779922736996477388E-11, -1.000000000000000000, 2.202682480880311385E-13 ) ) ;
#469 = CARTESIAN_POINT ( 'NONE',  ( 0.2453562723637034704, 0.04500733388959483189, -0.08123784496826143287 ) ) ;
#470 = EDGE_CURVE ( 'NONE', #3801, #9841, #2961, .T. ) ;
#471 = CIRCLE ( 'NONE', #3152, 0.007874015748031521975 ) ;
#472 = EDGE_LOOP ( 'NONE', ( #3236, #970, #9341, #11556 ) ) ;
#473 = DIRECTION ( 'NONE',  ( -1.387778780775897222E-15, 0.0000000000000000000, -1.000000000000000000 ) ) ;
#474 = ORIENTED_EDGE ( 'NONE', *, *, #1832, .T. ) ;
#475 =( LENGTH_UNIT ( ) NAMED_UNIT ( * ) SI_UNIT ( $, .METRE. ) );
#476 = COLOUR_RGB ( '',0.7607843137254901578, 0.7607843137254901578, 0.0000000000000000000 ) ;
#477 = ADVANCED_FACE ( 'NONE', ( #4607 ), #2904, .T. ) ;
#478 = FILL_AREA_STYLE_COLOUR ( '', #4712 ) ;
#479 = DIRECTION ( 'NONE',  ( -1.748601263784621748E-15, -1.482966057179117483E-32, 1.000000000000000000 ) ) ;
#480 = LINE ( 'NONE', #6017, #9415 ) ;
#481 = DIMENSIONAL_EXPONENTS ( 1.000000000000000000, 0.0000000000000000000, 0.0000000000000000000, 0.0000000000000000000, 0.0000000000000000000, 0.0000000000000000000, 0.0000000000000000000 ) ;
#482 = VECTOR ( 'NONE', #5343, 39.37007874015748854 ) ;
#483 = LINE ( 'NONE', #11605, #5451 ) ;
#484 = VECTOR ( 'NONE', #8846, 39.37007874015748143 ) ;
#485 = DIRECTION ( 'NONE',  ( -0.5730959463349096783, -0.8184658334306108562, 0.04092329167148960056 ) ) ;
#486 = DIMENSIONAL_EXPONENTS ( 1.000000000000000000, 0.0000000000000000000, 0.0000000000000000000, 0.0000000000000000000, 0.0000000000000000000, 0.0000000000000000000, 0.0000000000000000000 ) ;
#487 = VERTEX_POINT ( 'NONE', #9286 ) ;
#488 = PRESENTATION_LAYER_ASSIGNMENT (  '', '', ( #5492 ) ) ;
#489 = FILL_AREA_STYLE_COLOUR ( '', #2818 ) ;
#490 = LINE ( 'NONE', #6815, #4143 ) ;
#491 = VECTOR ( 'NONE', #11410, 39.37007874015748143 ) ;
#492 = VECTOR ( 'NONE', #1355, 39.37007874015748143 ) ;
#493 = MECHANICAL_DESIGN_GEOMETRIC_PRESENTATION_REPRESENTATION (  '', ( #5498 ), #8991 ) ;
#494 = SURFACE_STYLE_FILL_AREA ( #985 ) ;
#495 = VECTOR ( 'NONE', #11429, 39.37007874015748143 ) ;
#496 = VERTEX_POINT ( 'NONE', #22 ) ;
#497 = LINE ( 'NONE', #8890, #6267 ) ;
#498 = AXIS2_PLACEMENT_3D ( 'NONE', #10088, #8263, #11964 ) ;
#499 = ORIENTED_EDGE ( 'NONE', *, *, #5759, .T. ) ;
#500 = AXIS2_PLACEMENT_3D ( 'NONE', #3920, #1056, #2922 ) ;
#501 = CARTESIAN_POINT ( 'NONE',  ( 0.4754786166454759155, 0.03516481420467316293, -0.2878937010364894244 ) ) ;
#502 = CARTESIAN_POINT ( 'NONE',  ( 0.3140612938105262764, 0.1021333181416026054, -0.08218503961889105092 ) ) ;
#503 = EDGE_LOOP ( 'NONE', ( #8321, #10554, #11252, #6635 ) ) ;
#504 = ORIENTED_EDGE ( 'NONE', *, *, #1418, .T. ) ;
#505 = AXIS2_PLACEMENT_3D ( 'NONE', #7756, #11382, #11504 ) ;
#506 = DIRECTION ( 'NONE',  ( -0.09052430461248961446, 0.8612812260087774341, 0.4999999999992426614 ) ) ;
#507 = LENGTH_MEASURE_WITH_UNIT ( LENGTH_MEASURE( 0.02539999999999999897 ), #1394 );
#508 = ORIENTED_EDGE ( 'NONE', *, *, #6989, .F. ) ;
#509 = PLANE ( 'NONE',  #851 ) ;
#510 = CARTESIAN_POINT ( 'NONE',  ( 0.2313841284562328238, 0.03516481420455545848, -0.2878937010368047833 ) ) ;
#511 = VECTOR ( 'NONE', #2148, 39.37007874015748143 ) ;
#512 = CYLINDRICAL_SURFACE ( 'NONE', #9795, 0.005905511811023620231 ) ;
#513 = DIRECTION ( 'NONE',  ( 1.748601263784621946E-15, 0.0000000000000000000, -1.000000000000000000 ) ) ;
#514 = MECHANICAL_DESIGN_GEOMETRIC_PRESENTATION_REPRESENTATION (  '', ( #10167 ), #9592 ) ;
#515 = AXIS2_PLACEMENT_3D ( 'NONE', #7469, #5716, #1174 ) ;
#516 = DIRECTION ( 'NONE',  ( 1.000000000000000000, -1.644517855226007801E-15, 9.344843119434783951E-12 ) ) ;
#517 = AXIS2_PLACEMENT_3D ( 'NONE', #5962, #3247, #8047 ) ;
#518 = ORIENTED_EDGE ( 'NONE', *, *, #8006, .T. ) ;
#519 = EDGE_CURVE ( 'NONE', #8305, #10111, #7903, .T. ) ;
#520 = ORIENTED_EDGE ( 'NONE', *, *, #8768, .T. ) ;
#521 = DIRECTION ( 'NONE',  ( -1.000000000000000000, 1.644517855226007801E-15, -8.234490263801784106E-12 ) ) ;
#522 = EDGE_LOOP ( 'NONE', ( #1079, #3895, #11262, #5582, #4723, #9282, #1948, #11040, #4998, #5565, #3861, #324, #5990, #10474 ) ) ;
#523 =( NAMED_UNIT ( * ) SI_UNIT ( $, .STERADIAN. ) SOLID_ANGLE_UNIT ( ) );
#524 = COLOUR_RGB ( '',0.7607843137254901578, 0.7607843137254901578, 0.0000000000000000000 ) ;
#525 = CARTESIAN_POINT ( 'NONE',  ( 0.1897231389294813941, -0.02375153757764752321, -0.2674212770789574090 ) ) ;
#526 = SURFACE_STYLE_USAGE ( .BOTH. , #1412 ) ;
#527 = FILL_AREA_STYLE_COLOUR ( '', #4966 ) ;
#528 = VECTOR ( 'NONE', #5179, 39.37007874015748143 ) ;
#529 = ORIENTED_EDGE ( 'NONE', *, *, #1547, .T. ) ;
#530 = AXIS2_PLACEMENT_3D ( 'NONE', #5733, #292, #1253 ) ;
#531 = PRESENTATION_STYLE_ASSIGNMENT (( #4362 ) ) ;
#532 = DIRECTION ( 'NONE',  ( 4.389509589141790047E-12, -1.000000000000000000, -9.023892744152991248E-12 ) ) ;
#533 = LINE ( 'NONE', #4296, #7227 ) ;
#534 = EDGE_LOOP ( 'NONE', ( #8641, #6235, #4261, #10375, #8065, #11491, #10154, #6291, #11742, #11514, #10588, #6331, #9683, #4539, #3196, #4674, #8373, #3199 ) ) ;
#535 = ADVANCED_FACE ( 'NONE', ( #3688 ), #992, .F. ) ;
#536 = ORIENTED_EDGE ( 'NONE', *, *, #7695, .T. ) ;
#537 = DIRECTION ( 'NONE',  ( -1.000000000000000000, 1.644517855226007801E-15, -1.748601263784621748E-15 ) ) ;
#538 = EDGE_CURVE ( 'NONE', #10977, #9422, #1924, .T. ) ;
#539 = CARTESIAN_POINT ( 'NONE',  ( 0.1906159070057856508, -0.02281331161264238405, -0.04769425531992722844 ) ) ;
#540 = DIRECTION ( 'NONE',  ( -0.9040697402684464423, 1.626303258728254482E-15, -0.4273849608151225055 ) ) ;
#541 = LINE ( 'NONE', #1498, #8458 ) ;
#542 = FACE_OUTER_BOUND ( 'NONE', #8192, .T. ) ;
#543 =( NAMED_UNIT ( * ) SI_UNIT ( $, .STERADIAN. ) SOLID_ANGLE_UNIT ( ) );
#544 = ORIENTED_EDGE ( 'NONE', *, *, #157, .T. ) ;
#545 = EDGE_CURVE ( 'NONE', #8769, #3451, #4425, .T. ) ;
#546 = DIRECTION ( 'NONE',  ( -0.9945218953682686269, 0.1045284632676983516, -1.739022243102431967E-15 ) ) ;
#547 = EDGE_CURVE ( 'NONE', #9740, #9196, #5000, .T. ) ;
#548 = EDGE_LOOP ( 'NONE', ( #879, #10379, #3854, #7405 ) ) ;
#549 = CARTESIAN_POINT ( 'NONE',  ( 5.869467123099924996E-16, 0.1021333181416031188, -0.1000000000000000056 ) ) ;
#550 = SURFACE_STYLE_FILL_AREA ( #8825 ) ;
#551 = DIRECTION ( 'NONE',  ( -1.644517855226007801E-15, -1.000000000000000000, -2.890435660536363919E-30 ) ) ;
#552 = CARTESIAN_POINT ( 'NONE',  ( 0.4554196763394121050, 0.03516481420455512541, -0.07785626009188305330 ) ) ;
#553 = DIRECTION ( 'NONE',  ( 0.2761728431768883940, -0.9205744918961651369, 0.2761723475688889207 ) ) ;
#554 = FACE_OUTER_BOUND ( 'NONE', #2058, .T. ) ;
#555 = STYLED_ITEM ( 'NONE', ( #4692 ), #6117 ) ;
#556 = ORIENTED_EDGE ( 'NONE', *, *, #10080, .T. ) ;
#557 = VECTOR ( 'NONE', #2056, 39.37007874015748143 ) ;
#558 = CARTESIAN_POINT ( 'NONE',  ( 0.5483132623141995232, -0.03570132752772850471, -0.04773622072093100521 ) ) ;
#559 = UNCERTAINTY_MEASURE_WITH_UNIT (LENGTH_MEASURE( 1.000000000000000082E-05 ), #848, 'distance_accuracy_value', 'NONE');
#560 = DIRECTION ( 'NONE',  ( 0.9945218953682686269, -0.1045284632676983516, 1.739022243102431967E-15 ) ) ;
#561 = AXIS2_PLACEMENT_3D ( 'NONE', #3523, #10925, #7229 ) ;
#562 = ORIENTED_EDGE ( 'NONE', *, *, #9869, .F. ) ;
#563 = CARTESIAN_POINT ( 'NONE',  ( 0.1585494827869413093, -0.03570132752772790796, -0.2477362207218442858 ) ) ;
#564 = ORIENTED_EDGE ( 'NONE', *, *, #1023, .T. ) ;
#565 = CARTESIAN_POINT ( 'NONE',  ( 0.1920236922317875849, -0.01990283707880518768, -0.2466487461739639564 ) ) ;
#566 = DIRECTION ( 'NONE',  ( -1.582776894139422588E-15, 3.382678050229430240E-31, -1.000000000000000000 ) ) ;
#567 = VERTEX_POINT ( 'NONE', #9639 ) ;
#568 = AXIS2_PLACEMENT_3D ( 'NONE', #9542, #5721, #404 ) ;
#569 = DIRECTION ( 'NONE',  ( 1.644517855226008195E-15, 1.000000000000000000, -6.888556729901376831E-28 ) ) ;
#570 = CARTESIAN_POINT ( 'NONE',  ( 0.1843617094242558374, -0.03570132752772792184, -0.1477362207218441970 ) ) ;
#571 = CARTESIAN_POINT ( 'NONE',  ( 0.2532616618757509430, 0.03516481420455545848, -0.2115157482809779665 ) ) ;
#572 = VERTEX_POINT ( 'NONE', #3967 ) ;
#573 = DIRECTION ( 'NONE',  ( 8.279256909673125927E-11, 0.0000000000000000000, -1.000000000000000000 ) ) ;
#574 = SURFACE_STYLE_USAGE ( .BOTH. , #3323 ) ;
#575 = VECTOR ( 'NONE', #5727, 39.37007874015748143 ) ;
#576 = DIRECTION ( 'NONE',  ( -0.4273849608878791395, 7.028421992351837687E-16, 0.9040697402340519551 ) ) ;
#577 = ORIENTED_EDGE ( 'NONE', *, *, #9325, .T. ) ;
#578 = DIRECTION ( 'NONE',  ( 1.644517855226008195E-15, 1.000000000000000000, -6.888556729901376831E-28 ) ) ;
#579 = EDGE_CURVE ( 'NONE', #9236, #1228, #2114, .T. ) ;
#580 = ORIENTED_EDGE ( 'NONE', *, *, #4420, .F. ) ;
#581 = VECTOR ( 'NONE', #4357, 39.37007874015748143 ) ;
#582 = ORIENTED_EDGE ( 'NONE', *, *, #6693, .F. ) ;
#583 = LINE ( 'NONE', #1349, #7838 ) ;
#584 = FACE_OUTER_BOUND ( 'NONE', #3718, .T. ) ;
#585 = EDGE_CURVE ( 'NONE', #7931, #9902, #5063, .T. ) ;
#586 = ORIENTED_EDGE ( 'NONE', *, *, #10103, .T. ) ;
#587 = CYLINDRICAL_SURFACE ( 'NONE', #4602, 0.007874015748027556397 ) ;
#588 = DIRECTION ( 'NONE',  ( 2.002473881159522504E-11, 1.000000000000000000, 3.501529842257294026E-26 ) ) ;
#589 = LINE ( 'NONE', #7951, #8410 ) ;
#590 = EDGE_CURVE ( 'NONE', #7805, #5549, #4494, .T. ) ;
#591 = PRESENTATION_STYLE_ASSIGNMENT (( #5157 ) ) ;
#592 = ORIENTED_EDGE ( 'NONE', *, *, #6286, .T. ) ;
#593 = VERTEX_POINT ( 'NONE', #8650 ) ;
#594 = SURFACE_STYLE_FILL_AREA ( #6921 ) ;
#595 = DIRECTION ( 'NONE',  ( 1.644517855226008195E-15, 1.000000000000000000, -6.888556729901376831E-28 ) ) ;
#596 = LINE ( 'NONE', #1614, #3564 ) ;
#597 = VECTOR ( 'NONE', #569, 39.37007874015748143 ) ;
#598 = CARTESIAN_POINT ( 'NONE',  ( 0.5144963000306225220, -0.01715373501898828645, -0.07135826796530392313 ) ) ;
#599 = CARTESIAN_POINT ( 'NONE',  ( 0.2372226159768137110, 0.04500733388959485270, -0.08789370103633235842 ) ) ;
#600 = AXIS2_PLACEMENT_3D ( 'NONE', #751, #7323, #2717 ) ;
#601 = AXIS2_PLACEMENT_3D ( 'NONE', #9525, #145, #10316 ) ;
#602 = ADVANCED_FACE ( 'NONE', ( #8770 ), #8706, .T. ) ;
#603 = ADVANCED_FACE ( 'NONE', ( #3380 ), #3553, .T. ) ;
#604 = AXIS2_PLACEMENT_3D ( 'NONE', #10309, #3129, #5693 ) ;
#605 = ORIENTED_EDGE ( 'NONE', *, *, #9927, .F. ) ;
#606 = SURFACE_STYLE_FILL_AREA ( #10873 ) ;
#607 = EDGE_LOOP ( 'NONE', ( #1346, #2239, #10966, #10539 ) ) ;
#608 = CARTESIAN_POINT ( 'NONE',  ( 0.5161749314448847992, -0.02272122477122810388, -0.1476827049318611140 ) ) ;
#609 =( CONVERSION_BASED_UNIT ( 'INCH', #9744 ) LENGTH_UNIT ( ) NAMED_UNIT ( #8736 ) );
#610 = DIRECTION ( 'NONE',  ( 1.748601263784622143E-15, 0.0000000000000000000, -1.000000000000000000 ) ) ;
#611 = CARTESIAN_POINT ( 'NONE',  ( 0.1843617094242562537, -0.03570132752772794266, -0.2477362207218442025 ) ) ;
#612 = SURFACE_SIDE_STYLE ('',( #3361 ) ) ;
#613 = VECTOR ( 'NONE', #4510, 39.37007874015748143 ) ;
#614 =( GEOMETRIC_REPRESENTATION_CONTEXT ( 3 ) GLOBAL_UNCERTAINTY_ASSIGNED_CONTEXT ( ( #6581 ) ) GLOBAL_UNIT_ASSIGNED_CONTEXT ( ( #3784, #5794, #7491 ) ) REPRESENTATION_CONTEXT ( 'NONE', 'WORKASPACE' ) );
#615 = ADVANCED_FACE ( 'NONE', ( #9943 ), #11866, .F. ) ;
#616 = VERTEX_POINT ( 'NONE', #8169 ) ;
#617 = DIRECTION ( 'NONE',  ( 0.1045284632676983655, 0.9945218953682685159, 1.827786029713617844E-16 ) ) ;
#618 = DIRECTION ( 'NONE',  ( 1.644517855226008195E-15, 1.000000000000000000, 2.890435660536364269E-30 ) ) ;
#619 = VECTOR ( 'NONE', #3202, 39.37007874015748143 ) ;
#620 = STYLED_ITEM ( 'NONE', ( #8554 ), #1562 ) ;
#621 = VERTEX_POINT ( 'NONE', #6162 ) ;
#622 = DIRECTION ( 'NONE',  ( 0.9040697402709132469, -1.486758830245055043E-15, -0.4273849608099042907 ) ) ;
#623 = ORIENTED_EDGE ( 'NONE', *, *, #6144, .F. ) ;
#624 = FACE_OUTER_BOUND ( 'NONE', #6405, .T. ) ;
#625 = PRESENTATION_STYLE_ASSIGNMENT (( #4210 ) ) ;
#626 = ORIENTED_EDGE ( 'NONE', *, *, #2960, .F. ) ;
#627 = ORIENTED_EDGE ( 'NONE', *, *, #11786, .F. ) ;
#628 = SURFACE_SIDE_STYLE ('',( #3615 ) ) ;
#629 = DIRECTION ( 'NONE',  ( 1.000000000000000000, -1.644517855226007801E-15, 1.748601263784622143E-15 ) ) ;
#630 = EDGE_CURVE ( 'NONE', #10663, #11885, #9087, .T. ) ;
#631 = EDGE_LOOP ( 'NONE', ( #3366, #4981, #4395, #2491, #5356, #2636 ) ) ;
#632 = FACE_OUTER_BOUND ( 'NONE', #5110, .T. ) ;
#633 = CARTESIAN_POINT ( 'NONE',  ( 0.2372226159726018579, 0.03516481420455544460, -0.2351377955249937257 ) ) ;
#634 = VECTOR ( 'NONE', #4922, 39.37007874015748143 ) ;
#635 = DIRECTION ( 'NONE',  ( 0.6691306063588773334, -0.7431448254773770357, 9.637352644315590806E-16 ) ) ;
#636 = ORIENTED_EDGE ( 'NONE', *, *, #3173, .T. ) ;
#637 = FILL_AREA_STYLE ('',( #5986 ) ) ;
#638 = COLOUR_RGB ( '',0.7607843137254901578, 0.7607843137254901578, 0.0000000000000000000 ) ;
#639 = VERTEX_POINT ( 'NONE', #4341 ) ;
#640 = DIRECTION ( 'NONE',  ( 1.000000000000000000, -1.734723475977064460E-15, -7.913884470697103077E-16 ) ) ;
#641 = ORIENTED_EDGE ( 'NONE', *, *, #4405, .T. ) ;
#642 =( CONVERSION_BASED_UNIT ( 'INCH', #7944 ) LENGTH_UNIT ( ) NAMED_UNIT ( #1752 ) );
#643 = EDGE_CURVE ( 'NONE', #9274, #8051, #11677, .T. ) ;
#644 = PLANE ( 'NONE',  #4213 ) ;
#645 = ORIENTED_EDGE ( 'NONE', *, *, #2140, .F. ) ;
#646 =( NAMED_UNIT ( * ) SI_UNIT ( $, .STERADIAN. ) SOLID_ANGLE_UNIT ( ) );
#647 = CARTESIAN_POINT ( 'NONE',  ( 0.3142156862761680269, 0.1217789874329372468, -0.3272637797765945433 ) ) ;
#648 = AXIS2_PLACEMENT_3D ( 'NONE', #6592, #5700, #7632 ) ;
#649 =( NAMED_UNIT ( * ) PLANE_ANGLE_UNIT ( ) SI_UNIT ( $, .RADIAN. ) );
#650 =( BOUNDED_CURVE ( )  B_SPLINE_CURVE ( 3, ( #5583, #8366, #7343, #9965 ),
 .UNSPECIFIED., .F., .T. ) 
 B_SPLINE_CURVE_WITH_KNOTS ( ( 4, 4 ),
 ( 0.08266305805074627977, 0.8267300111068788260 ),
 .UNSPECIFIED. ) 
 CURVE ( )  GEOMETRIC_REPRESENTATION_ITEM ( )  RATIONAL_B_SPLINE_CURVE ( ( 1.000000000000000000, 0.9543933880140721415, 0.9543933880140721415, 1.000000000000000000 ) ) 
 REPRESENTATION_ITEM ( '' )  );
#651 = VERTEX_POINT ( 'NONE', #8896 ) ;
#652 = DIMENSIONAL_EXPONENTS ( 1.000000000000000000, 0.0000000000000000000, 0.0000000000000000000, 0.0000000000000000000, 0.0000000000000000000, 0.0000000000000000000, 0.0000000000000000000 ) ;
#653 = EDGE_LOOP ( 'NONE', ( #10476, #438, #2671, #7151 ) ) ;
#654 = DIRECTION ( 'NONE',  ( 0.4273849608040032333, -7.028421990972483826E-16, -0.9040697402737026822 ) ) ;
#655 = CARTESIAN_POINT ( 'NONE',  ( 0.1585494827869409484, -0.03570132752772788715, -0.1674212600919230409 ) ) ;
#656 = SURFACE_STYLE_FILL_AREA ( #7297 ) ;
#657 = PRESENTATION_STYLE_ASSIGNMENT (( #5231 ) ) ;
#658 = PRESENTATION_STYLE_ASSIGNMENT (( #7964 ) ) ;
#659 = ORIENTED_EDGE ( 'NONE', *, *, #4753, .F. ) ;
#660 = DIRECTION ( 'NONE',  ( 2.263719875351747549E-12, -2.261913600165000621E-11, -1.000000000000000000 ) ) ;
#661 = CIRCLE ( 'NONE', #1424, 0.01771653543307086937 ) ;
#662 = ORIENTED_EDGE ( 'NONE', *, *, #8976, .F. ) ;
#663 = SURFACE_SIDE_STYLE ('',( #4193 ) ) ;
#664 = CARTESIAN_POINT ( 'NONE',  ( 0.1906878136562551729, -0.02272122477122753489, -0.06747477588125748438 ) ) ;
#665 = EDGE_CURVE ( 'NONE', #10756, #9477, #10776, .T. ) ;
#666 =( LENGTH_UNIT ( ) NAMED_UNIT ( * ) SI_UNIT ( $, .METRE. ) );
#667 =( NAMED_UNIT ( * ) PLANE_ANGLE_UNIT ( ) SI_UNIT ( $, .RADIAN. ) );
#668 = DIRECTION ( 'NONE',  ( 0.3079484342921974260, 0.0000000000000000000, 0.9514030490895979408 ) ) ;
#669 = CARTESIAN_POINT ( 'NONE',  ( 0.2443412753441366048, 0.03516481420455546542, -0.08338492120180475420 ) ) ;
#670 = DIRECTION ( 'NONE',  ( 0.9040697402368811364, -1.445602896646377098E-15, 0.4273849608818943713 ) ) ;
#671 = DIRECTION ( 'NONE',  ( 1.000000000000000000, -1.644517855226007801E-15, 1.748601263784622143E-15 ) ) ;
#672 = ORIENTED_EDGE ( 'NONE', *, *, #2755, .F. ) ;
#673 = UNCERTAINTY_MEASURE_WITH_UNIT (LENGTH_MEASURE( 1.000000000000000082E-05 ), #1133, 'distance_accuracy_value', 'NONE');
#674 = CARTESIAN_POINT ( 'NONE',  ( 0.4554196763416176186, 0.04500733388959445719, -0.2313957089112138044 ) ) ;
#675 = ORIENTED_EDGE ( 'NONE', *, *, #1384, .F. ) ;
#676 = SURFACE_SIDE_STYLE ('',( #8229 ) ) ;
#677 = EDGE_CURVE ( 'NONE', #9125, #8493, #2657, .T. ) ;
#678 = AXIS2_PLACEMENT_3D ( 'NONE', #1474, #393, #3205 ) ;
#679 = ORIENTED_EDGE ( 'NONE', *, *, #11213, .T. ) ;
#680 = CARTESIAN_POINT ( 'NONE',  ( 0.5144963000303954814, -0.01715373501898828645, -0.04379921284719372199 ) ) ;
#681 = ORIENTED_EDGE ( 'NONE', *, *, #2514, .F. ) ;
#682 = COLOUR_RGB ( '',0.7607843137254901578, 0.7607843137254901578, 0.0000000000000000000 ) ;
#683 = DIRECTION ( 'NONE',  ( 0.9040697402709132469, -1.486758830245055043E-15, -0.4273849608099042907 ) ) ;
#684 =( NAMED_UNIT ( * ) PLANE_ANGLE_UNIT ( ) SI_UNIT ( $, .RADIAN. ) );
#685 = CARTESIAN_POINT ( 'NONE',  ( 0.2313841284562319633, 0.03516481420455548623, -0.08789370103680475832 ) ) ;
#686 = ORIENTED_EDGE ( 'NONE', *, *, #8573, .F. ) ;
#687 = DIRECTION ( 'NONE',  ( -0.9945218953682686269, 0.1045284632676983516, -1.739022243102431967E-15 ) ) ;
#688 = VECTOR ( 'NONE', #1030, 39.37007874015748143 ) ;
#689 = DIRECTION ( 'NONE',  ( 8.234490263801784106E-12, -1.353889066150678860E-26, -1.000000000000000000 ) ) ;
#690 = DIRECTION ( 'NONE',  ( -1.703894664301477426E-11, 1.000000000000000000, -2.629008122389297879E-13 ) ) ;
#691 = VECTOR ( 'NONE', #6517, 39.37007874015748143 ) ;
#692 = UNCERTAINTY_MEASURE_WITH_UNIT (LENGTH_MEASURE( 1.000000000000000082E-05 ), #6746, 'distance_accuracy_value', 'NONE');
#693 = COLOUR_RGB ( '',0.7607843137254901578, 0.7607843137254901578, 0.0000000000000000000 ) ;
#694 = MANIFOLD_SOLID_BREP ( 'Combine4', #5765 ) ;
#695 = LINE ( 'NONE', #4599, #8985 ) ;
#696 = PRESENTATION_LAYER_ASSIGNMENT (  '', '', ( #5706 ) ) ;
#697 = CIRCLE ( 'NONE', #7442, 0.007874015748031499423 ) ;
#698 = ORIENTED_EDGE ( 'NONE', *, *, #7192, .T. ) ;
#699 = CIRCLE ( 'NONE', #8027, 0.005905511811019693684 ) ;
#700 = ADVANCED_FACE ( 'NONE', ( #4525 ), #8111, .F. ) ;
#701 = AXIS2_PLACEMENT_3D ( 'NONE', #9050, #10800, #5281 ) ;
#702 = ORIENTED_EDGE ( 'NONE', *, *, #6102, .F. ) ;
#703 = CARTESIAN_POINT ( 'NONE',  ( 0.5065489955218348550, -0.03570132752772847001, -0.2272637797763930045 ) ) ;
#704 = ORIENTED_EDGE ( 'NONE', *, *, #2655, .F. ) ;
#705 = EDGE_CURVE ( 'NONE', #9574, #5087, #2055, .T. ) ;
#706 = VECTOR ( 'NONE', #11240, 39.37007874015748143 ) ;
#707 = FILL_AREA_STYLE ('',( #6849 ) ) ;
#708 = CARTESIAN_POINT ( 'NONE',  ( 0.5050328009654273531, -0.02127569993139012683, -0.1680904743844783000 ) ) ;
#709 = ORIENTED_EDGE ( 'NONE', *, *, #5226, .F. ) ;
#710 = VECTOR ( 'NONE', #8980, 39.37007874015748143 ) ;
#711 = CARTESIAN_POINT ( 'NONE',  ( 0.1905251482467712476, -0.03467250407036570614, -0.08789370103680482771 ) ) ;
#712 = LINE ( 'NONE', #2366, #5878 ) ;
#713 = MECHANICAL_DESIGN_GEOMETRIC_PRESENTATION_REPRESENTATION (  '', ( #10547 ), #11708 ) ;
#714 = VECTOR ( 'NONE', #9179, 39.37007874015748143 ) ;
#715 = VECTOR ( 'NONE', #690, 39.37007874015748143 ) ;
#716 = UNCERTAINTY_MEASURE_WITH_UNIT (LENGTH_MEASURE( 1.000000000000000082E-05 ), #9961, 'distance_accuracy_value', 'NONE');
#717 = SURFACE_STYLE_USAGE ( .BOTH. , #10672 ) ;
#718 = EDGE_CURVE ( 'NONE', #3, #10724, #4811, .T. ) ;
#719 = ORIENTED_EDGE ( 'NONE', *, *, #10544, .T. ) ;
#720 = ORIENTED_EDGE ( 'NONE', *, *, #6936, .T. ) ;
#721 = CARTESIAN_POINT ( 'NONE',  ( 0.4536010832257904579, 0.04500733388959447800, -0.1781432499594027830 ) ) ;
#722 = VECTOR ( 'NONE', #7733, 39.37007874015748143 ) ;
#723 = PRESENTATION_LAYER_ASSIGNMENT (  '', '', ( #129 ) ) ;
#724 = LINE ( 'NONE', #4116, #1254 ) ;
#725 = DIRECTION ( 'NONE',  ( 1.000000000000000000, -1.644517855226007801E-15, 1.748601263784621748E-15 ) ) ;
#726 = DIRECTION ( 'NONE',  ( 1.729787034331967531E-15, 0.9987523388778406508, -0.04993761694397202966 ) ) ;
#727 = FILL_AREA_STYLE ('',( #9000 ) ) ;
#728 = CARTESIAN_POINT ( 'NONE',  ( 0.4998417493303342063, 0.02811385722240935386, -0.1272637797764482603 ) ) ;
#729 = ADVANCED_FACE ( 'NONE', ( #11009 ), #6465, .T. ) ;
#730 = EDGE_CURVE ( 'NONE', #10074, #3408, #5409, .T. ) ;
#731 = APPLICATION_CONTEXT ( 'automotive_design' ) ;
#732 = ORIENTED_EDGE ( 'NONE', *, *, #5608, .T. ) ;
#733 = DIRECTION ( 'NONE',  ( 1.000000000000000000, -1.644517855226007801E-15, 1.748601263784622143E-15 ) ) ;
#734 = SURFACE_STYLE_USAGE ( .BOTH. , #6142 ) ;
#735 = CARTESIAN_POINT ( 'NONE',  ( 0.2924077505034283209, 0.1060309559368545762, -0.1327755907997967555 ) ) ;
#736 = PLANE ( 'NONE',  #6055 ) ;
#737 = PRESENTATION_STYLE_ASSIGNMENT (( #3480 ) ) ;
#738 = CARTESIAN_POINT ( 'NONE',  ( 0.2813808601379170216, 0.1217789874329411881, -0.2831692915873953997 ) ) ;
#739 = CARTESIAN_POINT ( 'NONE',  ( 0.1972323944382721739, 0.02914268067976811052, -0.2878937010368048388 ) ) ;
#740 = SURFACE_STYLE_USAGE ( .BOTH. , #7069 ) ;
#741 = ORIENTED_EDGE ( 'NONE', *, *, #4405, .F. ) ;
#742 = LINE ( 'NONE', #7914, #11140 ) ;
#743 = ADVANCED_FACE ( 'NONE', ( #8348 ), #242, .T. ) ;
#744 = DIRECTION ( 'NONE',  ( 1.748601263784622143E-15, 0.0000000000000000000, -1.000000000000000000 ) ) ;
#745 = EDGE_LOOP ( 'NONE', ( #544, #1160, #7507, #7279 ) ) ;
#746 =( NAMED_UNIT ( * ) PLANE_ANGLE_UNIT ( ) SI_UNIT ( $, .RADIAN. ) );
#747 = FACE_OUTER_BOUND ( 'NONE', #1566, .T. ) ;
#748 = PLANE ( 'NONE',  #9811 ) ;
#749 = VERTEX_POINT ( 'NONE', #6575 ) ;
#750 = DIRECTION ( 'NONE',  ( -1.644517855226007801E-15, -1.000000000000000000, -2.890435660536363919E-30 ) ) ;
#751 = CARTESIAN_POINT ( 'NONE',  ( 0.4920108682649401155, 0.02729079845652354619, -0.1878937010363552484 ) ) ;
#752 =( NAMED_UNIT ( * ) PLANE_ANGLE_UNIT ( ) SI_UNIT ( $, .RADIAN. ) );
#753 = ORIENTED_EDGE ( 'NONE', *, *, #8152, .F. ) ;
#754 = EDGE_CURVE ( 'NONE', #10725, #4970, #10300, .T. ) ;
#755 = SURFACE_SIDE_STYLE ('',( #9039 ) ) ;
#756 = VECTOR ( 'NONE', #1925, 39.37007874015748143 ) ;
#757 = EDGE_LOOP ( 'NONE', ( #2885, #10598, #9768, #8334 ) ) ;
#758 = DIRECTION ( 'NONE',  ( -0.4273849607944149032, 7.028421990814850682E-16, -0.9040697402782356118 ) ) ;
#759 = VERTEX_POINT ( 'NONE', #11142 ) ;
#760 = FILL_AREA_STYLE ('',( #3739 ) ) ;
#761 = ORIENTED_EDGE ( 'NONE', *, *, #2960, .T. ) ;
#762 = SURFACE_SIDE_STYLE ('',( #9909 ) ) ;
#763 =( GEOMETRIC_REPRESENTATION_CONTEXT ( 3 ) GLOBAL_UNCERTAINTY_ASSIGNED_CONTEXT ( ( #8049 ) ) GLOBAL_UNIT_ASSIGNED_CONTEXT ( ( #10865, #6375, #6246 ) ) REPRESENTATION_CONTEXT ( 'NONE', 'WORKASPACE' ) );
#764 = ORIENTED_EDGE ( 'NONE', *, *, #4045, .T. ) ;
#765 = CARTESIAN_POINT ( 'NONE',  ( 0.1794316161830397105, -0.03078006768520825248, -0.2674212600919229632 ) ) ;
#766 = CARTESIAN_POINT ( 'NONE',  ( 0.3140612938105263874, 0.1020939480628585000, -0.08218503961889132847 ) ) ;
#767 = CARTESIAN_POINT ( 'NONE',  ( 0.4726510730673783578, 0.03769413434112270367, -0.3272637797758073952 ) ) ;
#768 = EDGE_CURVE ( 'NONE', #9411, #1172, #9386, .T. ) ;
#769 = CARTESIAN_POINT ( 'NONE',  ( 0.5044156245189405086, 0.03516481420455500051, -0.2878937010362531690 ) ) ;
#770 = VECTOR ( 'NONE', #10329, 39.37007874015748143 ) ;
#771 = ORIENTED_EDGE ( 'NONE', *, *, #3033, .T. ) ;
#772 = ORIENTED_EDGE ( 'NONE', *, *, #9767, .F. ) ;
#773 = FACE_OUTER_BOUND ( 'NONE', #7892, .T. ) ;
#774 = LINE ( 'NONE', #2808, #1656 ) ;
#775 =( LENGTH_UNIT ( ) NAMED_UNIT ( * ) SI_UNIT ( $, .METRE. ) );
#776 = DIRECTION ( 'NONE',  ( -0.9945218953682689600, -0.1045284632676950626, -8.189380864547703863E-12 ) ) ;
#777 = CARTESIAN_POINT ( 'NONE',  ( 0.5048815532786120608, -0.01983667431789091357, -0.2458134337080575549 ) ) ;
#778 = FACE_OUTER_BOUND ( 'NONE', #8068, .T. ) ;
#779 = VECTOR ( 'NONE', #11321, 39.37007874015748143 ) ;
#780 = EDGE_CURVE ( 'NONE', #3722, #4167, #3839, .T. ) ;
#781 = DIRECTION ( 'NONE',  ( -1.644517855226007801E-15, -1.000000000000000000, -2.875605999964572744E-30 ) ) ;
#782 = ORIENTED_EDGE ( 'NONE', *, *, #10646, .T. ) ;
#783 = PRESENTATION_STYLE_ASSIGNMENT (( #2571 ) ) ;
#784 = VECTOR ( 'NONE', #7492, 39.37007874015748854 ) ;
#785 = FACE_OUTER_BOUND ( 'NONE', #2804, .T. ) ;
#786 = CARTESIAN_POINT ( 'NONE',  ( 0.1843617094242555321, -0.01798479209465702819, -0.06742126009192295211 ) ) ;
#787 = CARTESIAN_POINT ( 'NONE',  ( 0.3140612938105262764, 0.1021333181416026054, -0.08218503961889105092 ) ) ;
#788 = FILL_AREA_STYLE ('',( #901 ) ) ;
#789 = EDGE_CURVE ( 'NONE', #10000, #5683, #370, .T. ) ;
#790 = DIRECTION ( 'NONE',  ( -1.748601263784622143E-15, 0.0000000000000000000, 1.000000000000000000 ) ) ;
#791 = CARTESIAN_POINT ( 'NONE',  ( 0.1585494827869405321, -0.03570132752772788021, -0.06742126009192302150 ) ) ;
#792 = ORIENTED_EDGE ( 'NONE', *, *, #8097, .F. ) ;
#793 = UNCERTAINTY_MEASURE_WITH_UNIT (LENGTH_MEASURE( 1.000000000000000082E-05 ), #2840, 'distance_accuracy_value', 'NONE');
#794 = CARTESIAN_POINT ( 'NONE',  ( 0.3928014512908303835, 0.1021333181416024249, -0.2821850396188912424 ) ) ;
#795 = ORIENTED_EDGE ( 'NONE', *, *, #11369, .T. ) ;
#796 = CARTESIAN_POINT ( 'NONE',  ( 0.4254818849634279809, 0.1217789874329370386, -0.08316929158739508332 ) ) ;
#797 =( GEOMETRIC_REPRESENTATION_CONTEXT ( 3 ) GLOBAL_UNCERTAINTY_ASSIGNED_CONTEXT ( ( #314 ) ) GLOBAL_UNIT_ASSIGNED_CONTEXT ( ( #3889, #7606, #1988 ) ) REPRESENTATION_CONTEXT ( 'NONE', 'WORKASPACE' ) );
#798 = PLANE ( 'NONE',  #412 ) ;
#799 = DIRECTION ( 'NONE',  ( 1.000000000000000000, -1.582776894139425349E-15, 0.0000000000000000000 ) ) ;
#800 = ADVANCED_FACE ( 'NONE', ( #4136 ), #4007, .T. ) ;
#801 = ORIENTED_EDGE ( 'NONE', *, *, #2060, .T. ) ;
#802 = LINE ( 'NONE', #6522, #8155 ) ;
#803 = DIRECTION ( 'NONE',  ( -1.000000000000000000, 1.644517855226007801E-15, -8.234490263801784106E-12 ) ) ;
#804 = CARTESIAN_POINT ( 'NONE',  ( 0.2148518768365319520, 0.04500733388959485270, -0.2272637797769622714 ) ) ;
#805 = VERTEX_POINT ( 'NONE', #9565 ) ;
#806 = DIRECTION ( 'NONE',  ( 1.644517855226007801E-15, 1.000000000000000000, 2.875605999964572744E-30 ) ) ;
#807 = MECHANICAL_DESIGN_GEOMETRIC_PRESENTATION_REPRESENTATION (  '', ( #10840 ), #6763 ) ;
#808 = PRESENTATION_LAYER_ASSIGNMENT (  '', '', ( #4451 ) ) ;
#809 = CARTESIAN_POINT ( 'NONE',  ( 0.4754786166452190099, 0.04240671319253163513, 0.01210629896319561152 ) ) ;
#810 = ORIENTED_EDGE ( 'NONE', *, *, #8108, .F. ) ;
#811 = PLANE ( 'NONE',  #4887 ) ;
#812 = SURFACE_SIDE_STYLE ('',( #10073 ) ) ;
#813 = ORIENTED_EDGE ( 'NONE', *, *, #9060, .F. ) ;
#814 = ADVANCED_FACE ( 'NONE', ( #5960 ), #11302, .T. ) ;
#815 = MECHANICAL_DESIGN_GEOMETRIC_PRESENTATION_REPRESENTATION (  '', ( #4246 ), #7755 ) ;
#816 = VECTOR ( 'NONE', #5539, 39.37007874015748143 ) ;
#817 = ORIENTED_EDGE ( 'NONE', *, *, #1345, .T. ) ;
#818 = PLANE ( 'NONE',  #5002 ) ;
#819 = LINE ( 'NONE', #11763, #4455 ) ;
#820 = CYLINDRICAL_SURFACE ( 'NONE', #1067, 0.005905511811027564992 ) ;
#821 = CARTESIAN_POINT ( 'NONE',  ( 0.3928014512908304390, 0.1434325307400276250, -0.2791535435558992750 ) ) ;
#822 = VECTOR ( 'NONE', #8540, 39.37007874015748143 ) ;
#823 = VERTEX_POINT ( 'NONE', #7792 ) ;
#824 = ORIENTED_EDGE ( 'NONE', *, *, #8731, .F. ) ;
#825 = EDGE_CURVE ( 'NONE', #6898, #5342, #4935, .T. ) ;
#826 = CARTESIAN_POINT ( 'NONE',  ( 0.1933643507908070769, -0.007659296307098001876, -0.1878937010368048610 ) ) ;
#827 = FACE_OUTER_BOUND ( 'NONE', #3328, .T. ) ;
#828 = CARTESIAN_POINT ( 'NONE',  ( 0.2924077505034283209, 0.1060309559368545762, -0.1327755907997967555 ) ) ;
#829 = EDGE_CURVE ( 'NONE', #1332, #3312, #6700, .T. ) ;
#830 = PLANE ( 'NONE',  #4965 ) ;
#831 = DIRECTION ( 'NONE',  ( -0.1045284632676950626, 0.9945218953682689600, -8.607386130680116915E-13 ) ) ;
#832 = ORIENTED_EDGE ( 'NONE', *, *, #6265, .F. ) ;
#833 = DIRECTION ( 'NONE',  ( -1.644517855226008195E-15, -1.000000000000000000, -0.0000000000000000000 ) ) ;
#834 = CARTESIAN_POINT ( 'NONE',  ( 0.4578091021359867452, 0.003668751212429131620, -0.3095942470915555300 ) ) ;
#835 = DIRECTION ( 'NONE',  ( -1.650367342786774274E-12, 1.000000000000000000, -2.885819591645249798E-27 ) ) ;
#836 = EDGE_CURVE ( 'NONE', #8627, #2957, #8495, .T. ) ;
#837 = VERTEX_POINT ( 'NONE', #3120 ) ;
#838 = CARTESIAN_POINT ( 'NONE',  ( 0.3142156862761680824, 0.1020939480628585000, 0.01210629896319532876 ) ) ;
#839 = DIRECTION ( 'NONE',  ( -1.000000000000000000, 2.430295991683600986E-14, -1.748601263784622143E-15 ) ) ;
#840 = DIRECTION ( 'NONE',  ( 0.09052430461245383753, -0.8612812260087806537, -0.4999999999992434385 ) ) ;
#841 = DIRECTION ( 'NONE',  ( 0.9040697402463263588, -1.486758830204623752E-15, 0.4273849608619142981 ) ) ;
#842 = EDGE_LOOP ( 'NONE', ( #10424, #1278, #1994, #11578 ) ) ;
#843 =( CONVERSION_BASED_UNIT ( 'INCH', #9136 ) LENGTH_UNIT ( ) NAMED_UNIT ( #4576 ) );
#844 = LINE ( 'NONE', #3544, #3748 ) ;
#845 = EDGE_CURVE ( 'NONE', #2438, #5158, #7674, .T. ) ;
#846 = ORIENTED_EDGE ( 'NONE', *, *, #8456, .F. ) ;
#847 =( LENGTH_UNIT ( ) NAMED_UNIT ( * ) SI_UNIT ( $, .METRE. ) );
#848 =( CONVERSION_BASED_UNIT ( 'INCH', #9144 ) LENGTH_UNIT ( ) NAMED_UNIT ( #7290 ) );
#849 = ORIENTED_EDGE ( 'NONE', *, *, #5408, .T. ) ;
#850 = SURFACE_STYLE_FILL_AREA ( #7198 ) ;
#851 = AXIS2_PLACEMENT_3D ( 'NONE', #10599, #2419, #5979 ) ;
#852 =( NAMED_UNIT ( * ) SI_UNIT ( $, .STERADIAN. ) SOLID_ANGLE_UNIT ( ) );
#853 = ORIENTED_EDGE ( 'NONE', *, *, #2945, .T. ) ;
#854 = PRESENTATION_STYLE_ASSIGNMENT (( #2600 ) ) ;
#855 = SURFACE_STYLE_FILL_AREA ( #5390 ) ;
#856 = LINE ( 'NONE', #7274, #10363 ) ;
#857 = CIRCLE ( 'NONE', #6666, 0.005905511811023628904 ) ;
#858 = DIRECTION ( 'NONE',  ( 0.2761719274401004953, 0.9205747435090979591, -0.2761724245959000235 ) ) ;
#859 = ORIENTED_EDGE ( 'NONE', *, *, #6054, .F. ) ;
#860 = DIRECTION ( 'NONE',  ( 4.107068851677783533E-12, -1.000000000000000000, -5.449862783279992659E-12 ) ) ;
#861 = ORIENTED_EDGE ( 'NONE', *, *, #11369, .F. ) ;
#862 = ORIENTED_EDGE ( 'NONE', *, *, #10299, .F. ) ;
#863 = CARTESIAN_POINT ( 'NONE',  ( 0.3928014512908304390, 0.1021333181416024249, -0.2329724411934976092 ) ) ;
#864 = DIRECTION ( 'NONE',  ( 1.748601263784621748E-15, 0.0000000000000000000, -1.000000000000000000 ) ) ;
#865 = CARTESIAN_POINT ( 'NONE',  ( 0.2313841284562327127, 0.04500733388959482495, -0.2272637797769622714 ) ) ;
#866 = AXIS2_PLACEMENT_3D ( 'NONE', #9779, #4223, #8718 ) ;
#867 = EDGE_LOOP ( 'NONE', ( #11209, #4111, #3566, #5852 ) ) ;
#868 = LINE ( 'NONE', #6361, #10824 ) ;
#869 = FILL_AREA_STYLE ('',( #83 ) ) ;
#870 = PRESENTATION_LAYER_ASSIGNMENT (  '', '', ( #11117 ) ) ;
#871 = VECTOR ( 'NONE', #3137, 39.37007874015748854 ) ;
#872 = EDGE_CURVE ( 'NONE', #11026, #4406, #2277, .T. ) ;
#873 = AXIS2_PLACEMENT_3D ( 'NONE', #10911, #6237, #8857 ) ;
#874 = EDGE_CURVE ( 'NONE', #11629, #3419, #6810, .T. ) ;
#875 = ORIENTED_EDGE ( 'NONE', *, *, #7770, .T. ) ;
#876 = DIMENSIONAL_EXPONENTS ( 1.000000000000000000, 0.0000000000000000000, 0.0000000000000000000, 0.0000000000000000000, 0.0000000000000000000, 0.0000000000000000000, 0.0000000000000000000 ) ;
#877 = STYLED_ITEM ( 'NONE', ( #7261 ), #11618 ) ;
#878 = AXIS2_PLACEMENT_3D ( 'NONE', #10699, #560, #9631 ) ;
#879 = ORIENTED_EDGE ( 'NONE', *, *, #3896, .T. ) ;
#880 = ORIENTED_EDGE ( 'NONE', *, *, #1952, .F. ) ;
#881 = DIRECTION ( 'NONE',  ( 1.748601263784621946E-15, 0.0000000000000000000, -1.000000000000000000 ) ) ;
#882 = PRESENTATION_STYLE_ASSIGNMENT (( #6129 ) ) ;
#883 = VECTOR ( 'NONE', #3212, 39.37007874015748143 ) ;
#884 = CARTESIAN_POINT ( 'NONE',  ( 0.4561674782086251323, 0.03516481420455509765, -0.1313957089112138266 ) ) ;
#885 = CARTESIAN_POINT ( 'NONE',  ( 0.4920108682649397824, 0.02729079845652356354, -0.08789370103635522902 ) ) ;
#886 = PLANE ( 'NONE',  #1907 ) ;
#887 = STYLED_ITEM ( 'NONE', ( #7125 ), #5329 ) ;
#888 =( GEOMETRIC_REPRESENTATION_CONTEXT ( 3 ) GLOBAL_UNCERTAINTY_ASSIGNED_CONTEXT ( ( #10108 ) ) GLOBAL_UNIT_ASSIGNED_CONTEXT ( ( #10259, #5642, #8478 ) ) REPRESENTATION_CONTEXT ( 'NONE', 'WORKASPACE' ) );
#889 = LENGTH_MEASURE_WITH_UNIT ( LENGTH_MEASURE( 0.02539999999999999897 ), #11841 );
#890 = PRESENTATION_STYLE_ASSIGNMENT (( #7475 ) ) ;
#891 = DIRECTION ( 'NONE',  ( -8.234490263801784106E-12, 1.353889066150678860E-26, 1.000000000000000000 ) ) ;
#892 = EDGE_CURVE ( 'NONE', #10903, #2103, #11421, .T. ) ;
#893 =( CONVERSION_BASED_UNIT ( 'INCH', #1918 ) LENGTH_UNIT ( ) NAMED_UNIT ( #9691 ) );
#894 = AXIS2_PLACEMENT_3D ( 'NONE', #7859, #8757, #10470 ) ;
#895 = EDGE_LOOP ( 'NONE', ( #252, #7488, #1210, #5240 ) ) ;
#896 = VECTOR ( 'NONE', #6244, 39.37007874015748143 ) ;
#897 = CARTESIAN_POINT ( 'NONE',  ( 0.2148518768365311749, 0.02729079845652401456, -0.08789370103680475832 ) ) ;
#898 = CARTESIAN_POINT ( 'NONE',  ( 0.2313841284561852230, 0.1217789874329373717, -0.8272637797762142364 ) ) ;
#899 = ORIENTED_EDGE ( 'NONE', *, *, #6605, .T. ) ;
#900 = SURFACE_STYLE_USAGE ( .BOTH. , #4574 ) ;
#901 = FILL_AREA_STYLE_COLOUR ( '', #10272 ) ;
#902 =( NAMED_UNIT ( * ) PLANE_ANGLE_UNIT ( ) SI_UNIT ( $, .RADIAN. ) );
#903 = VECTOR ( 'NONE', #1921, 39.37007874015748143 ) ;
#904 = CARTESIAN_POINT ( 'NONE',  ( 0.2506952668928372763, 0.04500733388959482495, -0.03139570891042674922 ) ) ;
#905 = ORIENTED_EDGE ( 'NONE', *, *, #3966, .F. ) ;
#906 = PRESENTATION_LAYER_ASSIGNMENT (  '', '', ( #4360 ) ) ;
#907 = EDGE_CURVE ( 'NONE', #8737, #5799, #1378, .T. ) ;
#908 = UNCERTAINTY_MEASURE_WITH_UNIT (LENGTH_MEASURE( 1.000000000000000082E-05 ), #5658, 'distance_accuracy_value', 'NONE');
#909 = EDGE_CURVE ( 'NONE', #2451, #310, #4389, .T. ) ;
#910 = DIRECTION ( 'NONE',  ( -1.000000000000000000, 1.644517855226007801E-15, -8.234490263801784106E-12 ) ) ;
#911 = DIMENSIONAL_EXPONENTS ( 1.000000000000000000, 0.0000000000000000000, 0.0000000000000000000, 0.0000000000000000000, 0.0000000000000000000, 0.0000000000000000000, 0.0000000000000000000 ) ;
#912 = ORIENTED_EDGE ( 'NONE', *, *, #4086, .T. ) ;
#913 = LINE ( 'NONE', #4584, #6257 ) ;
#914 = DIRECTION ( 'NONE',  ( -1.000000000000000000, 1.644517855226007801E-15, -8.234490263801784106E-12 ) ) ;
#915 = PRESENTATION_STYLE_ASSIGNMENT (( #9269 ) ) ;
#916 = VERTEX_POINT ( 'NONE', #2460 ) ;
#917 = CARTESIAN_POINT ( 'NONE',  ( 0.2685386460637519956, 0.04008607404707510008, -0.1272637797769621826 ) ) ;
#918 =( CONVERSION_BASED_UNIT ( 'INCH', #3728 ) LENGTH_UNIT ( ) NAMED_UNIT ( #5181 ) );
#919 = CARTESIAN_POINT ( 'NONE',  ( 0.4920108682644414033, 0.03516481420455502827, -0.2272637797765127421 ) ) ;
#920 = LINE ( 'NONE', #9272, #11286 ) ;
#921 = ORIENTED_EDGE ( 'NONE', *, *, #10664, .T. ) ;
#922 = EDGE_CURVE ( 'NONE', #7835, #8177, #8044, .T. ) ;
#923 = CARTESIAN_POINT ( 'NONE',  ( 0.1972323944382713412, 0.02914268067976814522, -0.08789370103680482771 ) ) ;
#924 = FILL_AREA_STYLE ('',( #5510 ) ) ;
#925 = EDGE_CURVE ( 'NONE', #8837, #8454, #5183, .T. ) ;
#926 = LINE ( 'NONE', #1033, #2797 ) ;
#927 = UNCERTAINTY_MEASURE_WITH_UNIT (LENGTH_MEASURE( 1.000000000000000082E-05 ), #7896, 'distance_accuracy_value', 'NONE');
#928 = LINE ( 'NONE', #6351, #7430 ) ;
#929 = VERTEX_POINT ( 'NONE', #8951 ) ;
#930 = CARTESIAN_POINT ( 'NONE',  ( 0.2453562723632711495, 0.04500733388959479719, -0.2339196358434976752 ) ) ;
#931 = ORIENTED_EDGE ( 'NONE', *, *, #3127, .F. ) ;
#932 = SURFACE_STYLE_USAGE ( .BOTH. , #11820 ) ;
#933 = EDGE_LOOP ( 'NONE', ( #11265, #6367, #6209, #267 ) ) ;
#934 = FACE_OUTER_BOUND ( 'NONE', #7592, .T. ) ;
#935 = CARTESIAN_POINT ( 'NONE',  ( 0.5483132623141995232, -0.03570132752772850471, -0.04773622072093100521 ) ) ;
#936 = FACE_BOUND ( 'NONE', #3374, .T. ) ;
#937 = EDGE_LOOP ( 'NONE', ( #2783, #3661, #2719, #9363 ) ) ;
#938 = DIRECTION ( 'NONE',  ( -1.000000000000000000, 1.644517855226007801E-15, -8.234490263801784106E-12 ) ) ;
#939 = EDGE_CURVE ( 'NONE', #1775, #7217, #9878, .T. ) ;
#940 = PLANE ( 'NONE',  #8600 ) ;
#941 = CIRCLE ( 'NONE', #7302, 0.007874015748031494219 ) ;
#942 = CARTESIAN_POINT ( 'NONE',  ( 0.5225010356778668763, -0.01798479209465762493, -0.3669308663904349288 ) ) ;
#943 = ORIENTED_EDGE ( 'NONE', *, *, #10632, .T. ) ;
#944 = VERTEX_POINT ( 'NONE', #9077 ) ;
#945 = ORIENTED_EDGE ( 'NONE', *, *, #2242, .F. ) ;
#946 =( NAMED_UNIT ( * ) PLANE_ANGLE_UNIT ( ) SI_UNIT ( $, .RADIAN. ) );
#947 = FACE_OUTER_BOUND ( 'NONE', #10684, .T. ) ;
#948 = CARTESIAN_POINT ( 'NONE',  ( 0.1585494827869405876, -0.02585880784268849639, -0.08789370103680489710 ) ) ;
#949 = CARTESIAN_POINT ( 'NONE',  ( 0.4991006638888351166, 0.04500733388959438086, -0.2272637797764543444 ) ) ;
#950 = FILL_AREA_STYLE_COLOUR ( '', #9456 ) ;
#951 = ADVANCED_FACE ( 'NONE', ( #554 ), #4260, .F. ) ;
#952 = FACE_OUTER_BOUND ( 'NONE', #7894, .T. ) ;
#953 = SURFACE_STYLE_FILL_AREA ( #4684 ) ;
#954 =( NAMED_UNIT ( * ) PLANE_ANGLE_UNIT ( ) SI_UNIT ( $, .RADIAN. ) );
#955 = MECHANICAL_DESIGN_GEOMETRIC_PRESENTATION_REPRESENTATION (  '', ( #11370 ), #6537 ) ;
#956 = DIRECTION ( 'NONE',  ( -1.000000000000000000, 1.644517855226007801E-15, -8.234490263801784106E-12 ) ) ;
#957 = ORIENTED_EDGE ( 'NONE', *, *, #2447, .F. ) ;
#958 = FACE_OUTER_BOUND ( 'NONE', #1153, .T. ) ;
#959 = DIRECTION ( 'NONE',  ( -1.748601263784621748E-15, -1.482966057179117483E-32, 1.000000000000000000 ) ) ;
#960 = EDGE_LOOP ( 'NONE', ( #8470, #2369, #2096, #6585, #11445, #520 ) ) ;
#961 = CARTESIAN_POINT ( 'NONE',  ( 0.3928014512908299949, 0.1021333181416024388, -0.1329724411934976036 ) ) ;
#962 = MECHANICAL_DESIGN_GEOMETRIC_PRESENTATION_REPRESENTATION (  '', ( #7131 ), #7329 ) ;
#963 = SURFACE_STYLE_FILL_AREA ( #1869 ) ;
#964 = EDGE_CURVE ( 'NONE', #11053, #593, #3539, .T. ) ;
#965 = DIMENSIONAL_EXPONENTS ( 1.000000000000000000, 0.0000000000000000000, 0.0000000000000000000, 0.0000000000000000000, 0.0000000000000000000, 0.0000000000000000000, 0.0000000000000000000 ) ;
#966 = CARTESIAN_POINT ( 'NONE',  ( 0.2014251648637913061, -0.02312085409983976811, -0.06742126009192030145 ) ) ;
#967 = ORIENTED_EDGE ( 'NONE', *, *, #5234, .F. ) ;
#968 = CARTESIAN_POINT ( 'NONE',  ( 0.3140612938105270535, 0.1021333181416025637, -0.2821850396188910759 ) ) ;
#969 = CARTESIAN_POINT ( 'NONE',  ( 0.4383240990372208046, 0.04008607404707480171, -0.2272637797769548884 ) ) ;
#970 = ORIENTED_EDGE ( 'NONE', *, *, #7668, .T. ) ;
#971 = CARTESIAN_POINT ( 'NONE',  ( 0.2389260676734684674, 0.03516481420629898741, -0.3272637797758070066 ) ) ;
#972 = CARTESIAN_POINT ( 'NONE',  ( 0.5171906553894760616, -0.02376973408140407168, -0.1477362080802064881 ) ) ;
#973 = DIRECTION ( 'NONE',  ( -1.582776894139425349E-15, -1.000000000000000000, -2.505182696621675477E-30 ) ) ;
#974 = EDGE_CURVE ( 'NONE', #4653, #5911, #1746, .T. ) ;
#975 = CARTESIAN_POINT ( 'NONE',  ( 0.4561674782085069491, 0.04500733388959446413, -0.1373012207222373826 ) ) ;
#976 = DIRECTION ( 'NONE',  ( -1.748601263784621946E-15, 0.0000000000000000000, 1.000000000000000000 ) ) ;
#977 = SURFACE_STYLE_FILL_AREA ( #9676 ) ;
#978 = VECTOR ( 'NONE', #139, 39.37007874015748143 ) ;
#979 = CARTESIAN_POINT ( 'NONE',  ( 0.5225010356770470876, -0.01798479209465760759, -0.1674212600912223792 ) ) ;
#980 = EDGE_LOOP ( 'NONE', ( #8571, #5347, #6424, #4074 ) ) ;
#981 = ADVANCED_FACE ( 'NONE', ( #6329 ), #382, .T. ) ;
#982 = CARTESIAN_POINT ( 'NONE',  ( 0.4625214697563027055, 0.03516481420455506990, -0.2833849212005051799 ) ) ;
#983 = FILL_AREA_STYLE_COLOUR ( '', #5518 ) ;
#984 = PRESENTATION_LAYER_ASSIGNMENT (  '', '', ( #204 ) ) ;
#985 = FILL_AREA_STYLE ('',( #9279 ) ) ;
#986 = VECTOR ( 'NONE', #3239, 39.37007874015748143 ) ;
#987 = ORIENTED_EDGE ( 'NONE', *, *, #6286, .F. ) ;
#988 = CARTESIAN_POINT ( 'NONE',  ( 0.2443412753455931341, 0.03516481420455546542, -0.03177255961436381559 ) ) ;
#989 = ORIENTED_EDGE ( 'NONE', *, *, #7269, .F. ) ;
#990 = ORIENTED_EDGE ( 'NONE', *, *, #6797, .F. ) ;
#991 = EDGE_CURVE ( 'NONE', #1467, #4570, #5634, .T. ) ;
#992 = CYLINDRICAL_SURFACE ( 'NONE', #8673, 0.007874015748031490750 ) ;
#993 =( NAMED_UNIT ( * ) SI_UNIT ( $, .STERADIAN. ) SOLID_ANGLE_UNIT ( ) );
#994 = CARTESIAN_POINT ( 'NONE',  ( 0.4240538567158658734, 0.1217789874329370386, 1.682037281921856531 ) ) ;
#995 = DIMENSIONAL_EXPONENTS ( 1.000000000000000000, 0.0000000000000000000, 0.0000000000000000000, 0.0000000000000000000, 0.0000000000000000000, 0.0000000000000000000, 0.0000000000000000000 ) ;
#996 = ORIENTED_EDGE ( 'NONE', *, *, #4086, .F. ) ;
#997 = FACE_OUTER_BOUND ( 'NONE', #1389, .T. ) ;
#998 = COLOUR_RGB ( '',0.7607843137254901578, 0.7607843137254901578, 0.0000000000000000000 ) ;
#999 = EDGE_CURVE ( 'NONE', #1421, #3, #1213, .T. ) ;
#1000 = LINE ( 'NONE', #6488, #280 ) ;
#1001 = VERTEX_POINT ( 'NONE', #3797 ) ;
#1002 = EDGE_CURVE ( 'NONE', #10441, #1826, #2066, .T. ) ;
#1003 = ORIENTED_EDGE ( 'NONE', *, *, #4161, .T. ) ;
#1004 = AXIS2_PLACEMENT_3D ( 'NONE', #1615, #7228, #3591 ) ;
#1005 = VERTEX_POINT ( 'NONE', #6710 ) ;
#1006 = LINE ( 'NONE', #4678, #5528 ) ;
#1007 = FILL_AREA_STYLE_COLOUR ( '', #4410 ) ;
#1008 = DIRECTION ( 'NONE',  ( -0.4273849608095032226, 7.028421991062930673E-16, 0.9040697402711027619 ) ) ;
#1009 = DIRECTION ( 'NONE',  ( -0.05226423163383198817, -0.4972609476841254317, -0.8660254037844445918 ) ) ;
#1010 = DIRECTION ( 'NONE',  ( 1.000000000000000000, -1.644517855226008195E-15, -1.582776894139422588E-15 ) ) ;
#1011 = AXIS2_PLACEMENT_3D ( 'NONE', #786, #4443, #1568 ) ;
#1012 = CIRCLE ( 'NONE', #7763, 0.007874015748031490750 ) ;
#1013 = ORIENTED_EDGE ( 'NONE', *, *, #1360, .F. ) ;
#1014 = EDGE_CURVE ( 'NONE', #3312, #487, #8582, .T. ) ;
#1015 = CARTESIAN_POINT ( 'NONE',  ( 0.4615064727376412823, 0.04500733388959444331, -0.2812378449690091098 ) ) ;
#1016 = DIRECTION ( 'NONE',  ( 0.9945218953682689600, 0.1045284632676950626, 8.189380864547705479E-12 ) ) ;
#1017 = DIRECTION ( 'NONE',  ( -1.644517855226007801E-15, -1.000000000000000000, -2.875605999964572744E-30 ) ) ;
#1018 = CARTESIAN_POINT ( 'NONE',  ( 0.2506952668926404892, 0.03516481420455545848, -0.08376177190259220806 ) ) ;
#1019 = LINE ( 'NONE', #7482, #3680 ) ;
#1020 = ORIENTED_EDGE ( 'NONE', *, *, #7427, .T. ) ;
#1021 = SURFACE_STYLE_USAGE ( .BOTH. , #9319 ) ;
#1022 = AXIS2_PLACEMENT_3D ( 'NONE', #5755, #5917, #3853 ) ;
#1023 = EDGE_CURVE ( 'NONE', #5730, #2766, #4631, .T. ) ;
#1024 = SURFACE_STYLE_FILL_AREA ( #7431 ) ;
#1025 = ORIENTED_EDGE ( 'NONE', *, *, #9491, .F. ) ;
#1026 = CARTESIAN_POINT ( 'NONE',  ( 0.2443412753443736096, 0.03516481420455543072, -0.2833849212011748664 ) ) ;
#1027 = SURFACE_STYLE_USAGE ( .BOTH. , #1089 ) ;
#1028 = FILL_AREA_STYLE_COLOUR ( '', #4470 ) ;
#1029 = SURFACE_STYLE_USAGE ( .BOTH. , #6523 ) ;
#1030 = DIRECTION ( 'NONE',  ( -1.644517855226206988E-15, -1.000000000000000000, 1.136868377216000001E-13 ) ) ;
#1031 = VERTEX_POINT ( 'NONE', #6768 ) ;
#1032 = PRESENTATION_STYLE_ASSIGNMENT (( #2662 ) ) ;
#1033 = CARTESIAN_POINT ( 'NONE',  ( 0.2532616618757514981, 0.03516481420455542378, -0.2781432499591669494 ) ) ;
#1034 = UNCERTAINTY_MEASURE_WITH_UNIT (LENGTH_MEASURE( 1.000000000000000082E-05 ), #5383, 'distance_accuracy_value', 'NONE');
#1035 = EDGE_CURVE ( 'NONE', #8004, #8120, #7532, .T. ) ;
#1036 = DIRECTION ( 'NONE',  ( 8.234490263801784106E-12, -1.353889066150678860E-26, -1.000000000000000000 ) ) ;
#1037 = EDGE_LOOP ( 'NONE', ( #5842, #2753, #11374, #7092 ) ) ;
#1038 = DIRECTION ( 'NONE',  ( -1.000000000000000000, 1.644517855226007801E-15, -8.234490263801784106E-12 ) ) ;
#1039 = CIRCLE ( 'NONE', #9172, 0.005905511811027547645 ) ;
#1040 = VERTEX_POINT ( 'NONE', #7685 ) ;
#1041 = PLANE ( 'NONE',  #4018 ) ;
#1042 = EDGE_LOOP ( 'NONE', ( #11128, #4943, #9265, #7225 ) ) ;
#1043 = CARTESIAN_POINT ( 'NONE',  ( 0.3140612938105263319, 0.1021333181416026054, -0.03297244119349746622 ) ) ;
#1044 =( CONVERSION_BASED_UNIT ( 'INCH', #4668 ) LENGTH_UNIT ( ) NAMED_UNIT ( #2723 ) );
#1045 = ORIENTED_EDGE ( 'NONE', *, *, #2188, .F. ) ;
#1046 = CARTESIAN_POINT ( 'NONE',  ( 0.5050327824129667853, -0.02127552341817109255, -0.1470668526629188011 ) ) ;
#1047 = PRESENTATION_LAYER_ASSIGNMENT (  '', '', ( #9560 ) ) ;
#1048 = DIRECTION ( 'NONE',  ( 1.000000000000000000, -1.644517855226007801E-15, -2.328659748462362256E-10 ) ) ;
#1049 = VECTOR ( 'NONE', #5284, 39.37007874015748143 ) ;
#1050 = ADVANCED_FACE ( 'NONE', ( #6586 ), #1041, .F. ) ;
#1051 = VERTEX_POINT ( 'NONE', #11674 ) ;
#1052 = PRESENTATION_LAYER_ASSIGNMENT (  '', '', ( #8202 ) ) ;
#1053 = ORIENTED_EDGE ( 'NONE', *, *, #350, .T. ) ;
#1054 = DIRECTION ( 'NONE',  ( -0.5730959463344974525, 0.8184658334308990701, 0.04092329167149891256 ) ) ;
#1055 = VERTEX_POINT ( 'NONE', #501 ) ;
#1056 = DIRECTION ( 'NONE',  ( 1.644517855226008195E-15, 1.000000000000000000, 2.890435660536364269E-30 ) ) ;
#1057 = CARTESIAN_POINT ( 'NONE',  ( 0.2313841284562238865, 0.03516481420601215435, -0.2272637797769622714 ) ) ;
#1058 = CIRCLE ( 'NONE', #1638, 0.007874015748031501158 ) ;
#1059 = AXIS2_PLACEMENT_3D ( 'NONE', #4784, #5862, #335 ) ;
#1060 = DIRECTION ( 'NONE',  ( 0.9945218953682686269, -0.1045284632676983516, 1.739022243102431967E-15 ) ) ;
#1061 =( CONVERSION_BASED_UNIT ( 'INCH', #156 ) LENGTH_UNIT ( ) NAMED_UNIT ( #9859 ) );
#1062 = CARTESIAN_POINT ( 'NONE',  ( 0.4920108682644408482, 0.02729079845652354619, -0.1272637797765127365 ) ) ;
#1063 = VECTOR ( 'NONE', #8564, 39.37007874015748854 ) ;
#1064 = CARTESIAN_POINT ( 'NONE',  ( 0.5047076986980293389, -0.01818255847635045705, -0.04379921284727431030 ) ) ;
#1065 = DIRECTION ( 'NONE',  ( -8.234490263801784106E-12, -1.263142004424646236E-14, 1.000000000000000000 ) ) ;
#1066 = AXIS2_PLACEMENT_3D ( 'NONE', #8203, #11779, #11906 ) ;
#1067 = AXIS2_PLACEMENT_3D ( 'NONE', #9853, #4233, #5353 ) ;
#1068 = EDGE_CURVE ( 'NONE', #2278, #10756, #6027, .T. ) ;
#1069 = VECTOR ( 'NONE', #7434, 39.37007874015748143 ) ;
#1070 = DIRECTION ( 'NONE',  ( -0.9040697402393881310, 1.084202172485500884E-15, 0.4273849608765910579 ) ) ;
#1071 = EDGE_LOOP ( 'NONE', ( #9558, #6507, #11439, #1212, #3371, #6176 ) ) ;
#1072 =( GEOMETRIC_REPRESENTATION_CONTEXT ( 3 ) GLOBAL_UNCERTAINTY_ASSIGNED_CONTEXT ( ( #7312 ) ) GLOBAL_UNIT_ASSIGNED_CONTEXT ( ( #5884, #10340, #3772 ) ) REPRESENTATION_CONTEXT ( 'NONE', 'WORKASPACE' ) );
#1073 = SURFACE_STYLE_USAGE ( .BOTH. , #5664 ) ;
#1074 = DIRECTION ( 'NONE',  ( 8.234490263801784106E-12, -1.353889066150678860E-26, -1.000000000000000000 ) ) ;
#1075 = PLANE ( 'NONE',  #8796 ) ;
#1076 = SURFACE_STYLE_USAGE ( .BOTH. , #3537 ) ;
#1077 =( NAMED_UNIT ( * ) PLANE_ANGLE_UNIT ( ) SI_UNIT ( $, .RADIAN. ) );
#1078 = AXIS2_PLACEMENT_3D ( 'NONE', #7760, #9253, #10438 ) ;
#1079 = ORIENTED_EDGE ( 'NONE', *, *, #11745, .F. ) ;
#1080 = DIRECTION ( 'NONE',  ( 1.644517855226007801E-15, 1.000000000000000000, 2.890435660536363919E-30 ) ) ;
#1081 = PRESENTATION_LAYER_ASSIGNMENT (  '', '', ( #3759 ) ) ;
#1082 = AXIS2_PLACEMENT_3D ( 'NONE', #10817, #8216, #6327 ) ;
#1083 =( GEOMETRIC_REPRESENTATION_CONTEXT ( 3 ) GLOBAL_UNCERTAINTY_ASSIGNED_CONTEXT ( ( #5124 ) ) GLOBAL_UNIT_ASSIGNED_CONTEXT ( ( #3123, #1099, #11738 ) ) REPRESENTATION_CONTEXT ( 'NONE', 'WORKASPACE' ) );
#1084 =( NAMED_UNIT ( * ) PLANE_ANGLE_UNIT ( ) SI_UNIT ( $, .RADIAN. ) );
#1085 = ORIENTED_EDGE ( 'NONE', *, *, #4350, .T. ) ;
#1086 = DIRECTION ( 'NONE',  ( -0.6691306063588805531, -0.7431448254773741491, -5.510638242019650472E-12 ) ) ;
#1087 = AXIS2_PLACEMENT_3D ( 'NONE', #1217, #5805, #11323 ) ;
#1088 = SURFACE_STYLE_FILL_AREA ( #10113 ) ;
#1089 = SURFACE_SIDE_STYLE ('',( #2099 ) ) ;
#1090 =( NAMED_UNIT ( * ) SI_UNIT ( $, .STERADIAN. ) SOLID_ANGLE_UNIT ( ) );
#1091 = AXIS2_PLACEMENT_3D ( 'NONE', #10358, #9448, #1145 ) ;
#1092 = VECTOR ( 'NONE', #1800, 39.37007874015748143 ) ;
#1093 = FILL_AREA_STYLE ('',( #1028 ) ) ;
#1094 = FILL_AREA_STYLE_COLOUR ( '', #3266 ) ;
#1095 = DIRECTION ( 'NONE',  ( -0.2761719287273032286, -0.9205747435843071313, -0.2761724230580027695 ) ) ;
#1096 =( NAMED_UNIT ( * ) SI_UNIT ( $, .STERADIAN. ) SOLID_ANGLE_UNIT ( ) );
#1097 = EDGE_CURVE ( 'NONE', #2298, #8509, #11558, .T. ) ;
#1098 = VERTEX_POINT ( 'NONE', #11614 ) ;
#1099 =( NAMED_UNIT ( * ) PLANE_ANGLE_UNIT ( ) SI_UNIT ( $, .RADIAN. ) );
#1100 = LINE ( 'NONE', #3735, #2603 ) ;
#1101 = ORIENTED_EDGE ( 'NONE', *, *, #2394, .T. ) ;
#1102 = ORIENTED_EDGE ( 'NONE', *, *, #8811, .F. ) ;
#1103 = ORIENTED_EDGE ( 'NONE', *, *, #9416, .T. ) ;
#1104 =( LENGTH_UNIT ( ) NAMED_UNIT ( * ) SI_UNIT ( $, .METRE. ) );
#1105 = FACE_OUTER_BOUND ( 'NONE', #7956, .T. ) ;
#1106 = SURFACE_SIDE_STYLE ('',( #6536 ) ) ;
#1107 = LINE ( 'NONE', #9523, #5836 ) ;
#1108 = EDGE_CURVE ( 'NONE', #1302, #7835, #7258, .T. ) ;
#1109 = ORIENTED_EDGE ( 'NONE', *, *, #4621, .F. ) ;
#1110 = CARTESIAN_POINT ( 'NONE',  ( 0.4754786166451601126, 0.1217789874329369693, 0.01210629896398299730 ) ) ;
#1111 = LINE ( 'NONE', #7641, #11687 ) ;
#1112 = ORIENTED_EDGE ( 'NONE', *, *, #5829, .F. ) ;
#1113 = ORIENTED_EDGE ( 'NONE', *, *, #10501, .T. ) ;
#1114 = CARTESIAN_POINT ( 'NONE',  ( 0.2021550464030783534, -0.01818255847634996092, -0.07135826796593867927 ) ) ;
#1115 = EDGE_LOOP ( 'NONE', ( #6024, #9750, #9835, #6116 ) ) ;
#1116 = CYLINDRICAL_SURFACE ( 'NONE', #9008, 0.007874015748031495954 ) ;
#1117 = VERTEX_POINT ( 'NONE', #8765 ) ;
#1118 =( LENGTH_UNIT ( ) NAMED_UNIT ( * ) SI_UNIT ( $, .METRE. ) );
#1119 = DIRECTION ( 'NONE',  ( 0.0000000000000000000, 1.000000000000000000, 0.0000000000000000000 ) ) ;
#1120 = EDGE_CURVE ( 'NONE', #6384, #1172, #437, .T. ) ;
#1121 = DIRECTION ( 'NONE',  ( -8.234490263801784106E-12, 1.353889066150678860E-26, 1.000000000000000000 ) ) ;
#1122 =( LENGTH_UNIT ( ) NAMED_UNIT ( * ) SI_UNIT ( $, .METRE. ) );
#1123 = CARTESIAN_POINT ( 'NONE',  ( 0.4754786166449897489, 0.04008607404707476007, -0.1575787404065701891 ) ) ;
#1124 = EDGE_CURVE ( 'NONE', #8080, #3040, #6948, .T. ) ;
#1125 = LENGTH_MEASURE_WITH_UNIT ( LENGTH_MEASURE( 0.02539999999999999897 ), #7529 );
#1126 = COLOUR_RGB ( '',0.7607843137254901578, 0.7607843137254901578, 0.0000000000000000000 ) ;
#1127 = ORIENTED_EDGE ( 'NONE', *, *, #5204, .T. ) ;
#1128 = ADVANCED_FACE ( 'NONE', ( #8956 ), #6823, .T. ) ;
#1129 = VECTOR ( 'NONE', #3347, 39.37007874015748143 ) ;
#1130 = LINE ( 'NONE', #3774, #5778 ) ;
#1131 = LINE ( 'NONE', #7778, #2203 ) ;
#1132 = DIRECTION ( 'NONE',  ( -2.073140270563762466E-12, 1.000000000000000000, -6.707523425575003250E-12 ) ) ;
#1133 =( CONVERSION_BASED_UNIT ( 'INCH', #2089 ) LENGTH_UNIT ( ) NAMED_UNIT ( #29 ) );
#1134 = ADVANCED_FACE ( 'NONE', ( #624 ), #6159, .T. ) ;
#1135 = ORIENTED_EDGE ( 'NONE', *, *, #9554, .F. ) ;
#1136 = DIRECTION ( 'NONE',  ( 1.000000000000000000, -1.644517855226007801E-15, 1.748601263784621748E-15 ) ) ;
#1137 = DIRECTION ( 'NONE',  ( 6.585704204198398416E-14, -1.000000000000000000, 1.151428772831583798E-28 ) ) ;
#1138 = PRESENTATION_LAYER_ASSIGNMENT (  '', '', ( #3634 ) ) ;
#1139 = DIMENSIONAL_EXPONENTS ( 1.000000000000000000, 0.0000000000000000000, 0.0000000000000000000, 0.0000000000000000000, 0.0000000000000000000, 0.0000000000000000000, 0.0000000000000000000 ) ;
#1140 = ORIENTED_EDGE ( 'NONE', *, *, #5636, .F. ) ;
#1141 = CARTESIAN_POINT ( 'NONE',  ( 0.3140612938105267204, 0.1060309559368545484, -0.1327755907997967555 ) ) ;
#1142 = EDGE_CURVE ( 'NONE', #5928, #11335, #5912, .T. ) ;
#1143 = FACE_OUTER_BOUND ( 'NONE', #4830, .T. ) ;
#1144 =( LENGTH_UNIT ( ) NAMED_UNIT ( * ) SI_UNIT ( $, .METRE. ) );
#1145 = DIRECTION ( 'NONE',  ( -1.000000000000000000, 1.644517855226007801E-15, -1.748601263784621354E-15 ) ) ;
#1146 = DIRECTION ( 'NONE',  ( 0.5735764363508984998, 0.8191520442890949383, 1.002956481480260880E-15 ) ) ;
#1147 = SURFACE_SIDE_STYLE ('',( #308 ) ) ;
#1148 = EDGE_LOOP ( 'NONE', ( #6477, #48, #3683, #1848 ) ) ;
#1149 = DIRECTION ( 'NONE',  ( -1.582776894139425349E-15, -1.000000000000000000, -2.505182696621675477E-30 ) ) ;
#1150 = AXIS2_PLACEMENT_3D ( 'NONE', #5752, #9463, #5579 ) ;
#1151 = UNCERTAINTY_MEASURE_WITH_UNIT (LENGTH_MEASURE( 1.000000000000000082E-05 ), #10848, 'distance_accuracy_value', 'NONE');
#1152 = FACE_OUTER_BOUND ( 'NONE', #9987, .T. ) ;
#1153 = EDGE_LOOP ( 'NONE', ( #732, #6121, #6538, #4287 ) ) ;
#1154 = ADVANCED_FACE ( 'NONE', ( #1390 ), #9636, .T. ) ;
#1155 = ORIENTED_EDGE ( 'NONE', *, *, #11845, .F. ) ;
#1156 = VERTEX_POINT ( 'NONE', #680 ) ;
#1157 = CIRCLE ( 'NONE', #600, 0.01771653543307086243 ) ;
#1158 = CARTESIAN_POINT ( 'NONE',  ( 0.5483132623143616158, -0.03570132752772850471, -0.06742126009100976591 ) ) ;
#1159 = CIRCLE ( 'NONE', #7347, 0.01771653543307088671 ) ;
#1160 = ORIENTED_EDGE ( 'NONE', *, *, #909, .F. ) ;
#1161 = DIRECTION ( 'NONE',  ( 1.000000000000000000, -1.644517855226007801E-15, 1.748601263784621748E-15 ) ) ;
#1162 = CARTESIAN_POINT ( 'NONE',  ( 0.4920108682649397824, 0.04500733388959443637, -0.08789370103635522902 ) ) ;
#1163 =( NAMED_UNIT ( * ) SI_UNIT ( $, .STERADIAN. ) SOLID_ANGLE_UNIT ( ) );
#1164 = DIRECTION ( 'NONE',  ( 1.644517855226008195E-15, 1.000000000000000000, 2.890435660536364269E-30 ) ) ;
#1165 = DIMENSIONAL_EXPONENTS ( 1.000000000000000000, 0.0000000000000000000, 0.0000000000000000000, 0.0000000000000000000, 0.0000000000000000000, 0.0000000000000000000, 0.0000000000000000000 ) ;
#1166 = VECTOR ( 'NONE', #330, 39.37007874015748143 ) ;
#1167 = ORIENTED_EDGE ( 'NONE', *, *, #6899, .F. ) ;
#1168 = EDGE_CURVE ( 'NONE', #9196, #1040, #2343, .T. ) ;
#1169 = EDGE_CURVE ( 'NONE', #2729, #4618, #1333, .T. ) ;
#1170 = VERTEX_POINT ( 'NONE', #11496 ) ;
#1171 = LINE ( 'NONE', #9421, #10858 ) ;
#1172 = VERTEX_POINT ( 'NONE', #4270 ) ;
#1173 = DIRECTION ( 'NONE',  ( 1.644517855226008195E-15, 1.000000000000000000, 2.890435660536364269E-30 ) ) ;
#1174 = DIRECTION ( 'NONE',  ( 1.000000000000000000, -1.734723475977064460E-15, 0.0000000000000000000 ) ) ;
#1175 = AXIS2_PLACEMENT_3D ( 'NONE', #3943, #7664, #7598 ) ;
#1176 = SURFACE_STYLE_FILL_AREA ( #6549 ) ;
#1177 = AXIS2_PLACEMENT_3D ( 'NONE', #9083, #7137, #11862 ) ;
#1178 = DIRECTION ( 'NONE',  ( 1.748601263784622143E-15, 0.0000000000000000000, -1.000000000000000000 ) ) ;
#1179 = SURFACE_STYLE_USAGE ( .BOTH. , #8327 ) ;
#1180 =( NAMED_UNIT ( * ) SI_UNIT ( $, .STERADIAN. ) SOLID_ANGLE_UNIT ( ) );
#1181 =( CONVERSION_BASED_UNIT ( 'INCH', #11344 ) LENGTH_UNIT ( ) NAMED_UNIT ( #6266 ) );
#1182 = DIRECTION ( 'NONE',  ( 0.9945218953682690710, 0.1045284632676950765, 8.189380864547705479E-12 ) ) ;
#1183 = UNCERTAINTY_MEASURE_WITH_UNIT (LENGTH_MEASURE( 1.000000000000000082E-05 ), #6041, 'distance_accuracy_value', 'NONE');
#1184 = SURFACE_SIDE_STYLE ('',( #10336 ) ) ;
#1185 = CIRCLE ( 'NONE', #9710, 0.007874015748031482076 ) ;
#1186 = ORIENTED_EDGE ( 'NONE', *, *, #10386, .F. ) ;
#1187 = EDGE_CURVE ( 'NONE', #1407, #6796, #5665, .T. ) ;
#1188 = EDGE_CURVE ( 'NONE', #2587, #1533, #2590, .T. ) ;
#1189 = EDGE_CURVE ( 'NONE', #4927, #9857, #9498, .T. ) ;
#1190 = SURFACE_STYLE_USAGE ( .BOTH. , #6688 ) ;
#1191 = FILL_AREA_STYLE_COLOUR ( '', #10921 ) ;
#1192 =( LENGTH_UNIT ( ) NAMED_UNIT ( * ) SI_UNIT ( $, .METRE. ) );
#1193 = DIMENSIONAL_EXPONENTS ( 1.000000000000000000, 0.0000000000000000000, 0.0000000000000000000, 0.0000000000000000000, 0.0000000000000000000, 0.0000000000000000000, 0.0000000000000000000 ) ;
#1194 = DIRECTION ( 'NONE',  ( 0.1045284632676983655, 0.9945218953682685159, 1.827786029713617844E-16 ) ) ;
#1195 = DIRECTION ( 'NONE',  ( 1.644517855226008195E-15, 1.000000000000000000, 2.890435660536364269E-30 ) ) ;
#1196 = EDGE_CURVE ( 'NONE', #5225, #823, #8106, .T. ) ;
#1197 = VECTOR ( 'NONE', #2453, 39.37007874015748143 ) ;
#1198 = VECTOR ( 'NONE', #9935, 39.37007874015748143 ) ;
#1199 = VERTEX_POINT ( 'NONE', #11802 ) ;
#1200 = LINE ( 'NONE', #10295, #6456 ) ;
#1201 = DIRECTION ( 'NONE',  ( 0.9945218953682690710, 0.1045284632676950765, 8.189380864547705479E-12 ) ) ;
#1202 = CARTESIAN_POINT ( 'NONE',  ( 0.2443412753448065411, 0.03516481420455543072, -0.2317725596127890586 ) ) ;
#1203 =( NAMED_UNIT ( * ) SI_UNIT ( $, .STERADIAN. ) SOLID_ANGLE_UNIT ( ) );
#1204 = DIRECTION ( 'NONE',  ( 1.000000000000000000, -1.644517855226007801E-15, 1.748601263784621748E-15 ) ) ;
#1205 = PRESENTATION_STYLE_ASSIGNMENT (( #5798 ) ) ;
#1206 = VERTEX_POINT ( 'NONE', #8288 ) ;
#1207 = CARTESIAN_POINT ( 'NONE',  ( 0.2021550464030791583, -0.01818255847634999214, -0.2713582679659387042 ) ) ;
#1208 = EDGE_CURVE ( 'NONE', #3206, #9740, #1879, .T. ) ;
#1209 = CARTESIAN_POINT ( 'NONE',  ( 0.1585494827869409484, -0.03570132752772788715, -0.1674212600919230409 ) ) ;
#1210 = ORIENTED_EDGE ( 'NONE', *, *, #1798, .T. ) ;
#1211 = CARTESIAN_POINT ( 'NONE',  ( 0.5048815532788061278, -0.01983667431789503527, -0.06934404710461264387 ) ) ;
#1212 = ORIENTED_EDGE ( 'NONE', *, *, #7153, .F. ) ;
#1213 = LINE ( 'NONE', #3073, #978 ) ;
#1214 = ORIENTED_EDGE ( 'NONE', *, *, #3173, .F. ) ;
#1215 = CARTESIAN_POINT ( 'NONE',  ( 0.1921925904901472248, -0.01880785086055355992, -0.1458134337086272880 ) ) ;
#1216 = DIRECTION ( 'NONE',  ( 1.644517855226008195E-15, 1.000000000000000000, 0.0000000000000000000 ) ) ;
#1217 = CARTESIAN_POINT ( 'NONE',  ( 0.1843617094242561150, -0.01798479209465706288, -0.1482266144226316307 ) ) ;
#1218 = CARTESIAN_POINT ( 'NONE',  ( 0.2148518768365315912, 0.04500733388959486658, -0.1878937010368047777 ) ) ;
#1219 = VERTEX_POINT ( 'NONE', #7383 ) ;
#1220 = CARTESIAN_POINT ( 'NONE',  ( 0.5048815532786116167, -0.01983667431789089622, -0.1458134337080575771 ) ) ;
#1221 = CARTESIAN_POINT ( 'NONE',  ( 0.4561674782086251878, 0.04500733388959446413, -0.1837617719031823249 ) ) ;
#1222 = SURFACE_SIDE_STYLE ('',( #11441 ) ) ;
#1223 = ADVANCED_FACE ( 'NONE', ( #11073 ), #7318, .F. ) ;
#1224 = CARTESIAN_POINT ( 'NONE',  ( 0.2313841284562318801, 0.03516481420455548623, -0.02726377977696224642 ) ) ;
#1225 = ORIENTED_EDGE ( 'NONE', *, *, #10303, .F. ) ;
#1226 = LINE ( 'NONE', #49, #2191 ) ;
#1227 = VERTEX_POINT ( 'NONE', #7195 ) ;
#1228 = VERTEX_POINT ( 'NONE', #6397 ) ;
#1229 = DIRECTION ( 'NONE',  ( -1.748601263784622143E-15, 0.0000000000000000000, 1.000000000000000000 ) ) ;
#1230 = PLANE ( 'NONE',  #8807 ) ;
#1231 =( NAMED_UNIT ( * ) PLANE_ANGLE_UNIT ( ) SI_UNIT ( $, .RADIAN. ) );
#1232 =( CONVERSION_BASED_UNIT ( 'INCH', #4043 ) LENGTH_UNIT ( ) NAMED_UNIT ( #6019 ) );
#1233 = VECTOR ( 'NONE', #5336, 39.37007874015748143 ) ;
#1234 = FILL_AREA_STYLE_COLOUR ( '', #9377 ) ;
#1235 = EDGE_CURVE ( 'NONE', #10482, #10686, #6803, .T. ) ;
#1236 = DIRECTION ( 'NONE',  ( -1.748601263784622143E-15, 0.0000000000000000000, 1.000000000000000000 ) ) ;
#1237 = ORIENTED_EDGE ( 'NONE', *, *, #4046, .T. ) ;
#1238 = STYLED_ITEM ( 'NONE', ( #5690 ), #11474 ) ;
#1239 =( GEOMETRIC_REPRESENTATION_CONTEXT ( 3 ) GLOBAL_UNCERTAINTY_ASSIGNED_CONTEXT ( ( #8674 ) ) GLOBAL_UNIT_ASSIGNED_CONTEXT ( ( #893, #3707, #1857 ) ) REPRESENTATION_CONTEXT ( 'NONE', 'WORKASPACE' ) );
#1240 = DIMENSIONAL_EXPONENTS ( 1.000000000000000000, 0.0000000000000000000, 0.0000000000000000000, 0.0000000000000000000, 0.0000000000000000000, 0.0000000000000000000, 0.0000000000000000000 ) ;
#1241 = DIRECTION ( 'NONE',  ( 8.476642998634263651E-12, 1.000000000000000000, -2.115996267093998406E-11 ) ) ;
#1242 = VECTOR ( 'NONE', #8389, 39.37007874015748143 ) ;
#1243 = DIRECTION ( 'NONE',  ( -0.2761728443425008894, 0.9205744915801069572, -0.2761723474568014147 ) ) ;
#1244 =( NAMED_UNIT ( * ) PLANE_ANGLE_UNIT ( ) SI_UNIT ( $, .RADIAN. ) );
#1245 = CARTESIAN_POINT ( 'NONE',  ( 0.4754786166453184304, 0.04500733388959442249, -0.2272637797769618828 ) ) ;
#1246 = CARTESIAN_POINT ( 'NONE',  ( 0.5106414460763900598, -0.02755782159619303909, -0.2674212600913200566 ) ) ;
#1247 = VECTOR ( 'NONE', #10276, 39.37007874015748854 ) ;
#1248 =( LENGTH_UNIT ( ) NAMED_UNIT ( * ) SI_UNIT ( $, .METRE. ) );
#1249 =( NAMED_UNIT ( * ) SI_UNIT ( $, .STERADIAN. ) SOLID_ANGLE_UNIT ( ) );
#1250 = EDGE_CURVE ( 'NONE', #1031, #11885, #2532, .T. ) ;
#1251 = COLOUR_RGB ( '',0.7607843137254901578, 0.7607843137254901578, 0.0000000000000000000 ) ;
#1252 = VECTOR ( 'NONE', #3504, 39.37007874015748143 ) ;
#1253 = DIRECTION ( 'NONE',  ( -0.6691306063588805531, -0.7431448254773741491, -5.510156374387435141E-12 ) ) ;
#1254 = VECTOR ( 'NONE', #10746, 39.37007874015748143 ) ;
#1255 =( GEOMETRIC_REPRESENTATION_CONTEXT ( 3 ) GLOBAL_UNCERTAINTY_ASSIGNED_CONTEXT ( ( #6736 ) ) GLOBAL_UNIT_ASSIGNED_CONTEXT ( ( #6313, #946, #7226 ) ) REPRESENTATION_CONTEXT ( 'NONE', 'WORKASPACE' ) );
#1256 = EDGE_CURVE ( 'NONE', #310, #1612, #11928, .T. ) ;
#1257 = STYLED_ITEM ( 'NONE', ( #2689 ), #5084 ) ;
#1258 = CARTESIAN_POINT ( 'NONE',  ( 0.2313841284563806500, 0.03516481420463422880, -0.08789370103625360198 ) ) ;
#1259 =( GEOMETRIC_REPRESENTATION_CONTEXT ( 3 ) GLOBAL_UNCERTAINTY_ASSIGNED_CONTEXT ( ( #4264 ) ) GLOBAL_UNIT_ASSIGNED_CONTEXT ( ( #9303, #4685, #6792 ) ) REPRESENTATION_CONTEXT ( 'NONE', 'WORKASPACE' ) );
#1260 = VERTEX_POINT ( 'NONE', #5326 ) ;
#1261 = CARTESIAN_POINT ( 'NONE',  ( 0.5166199610547635990, -0.02326537358669375499, -0.1477362207211920520 ) ) ;
#1262 = AXIS2_PLACEMENT_3D ( 'NONE', #2106, #7621, #11310 ) ;
#1263 = FILL_AREA_STYLE ('',( #478 ) ) ;
#1264 = PLANE ( 'NONE',  #11139 ) ;
#1265 = AXIS2_PLACEMENT_3D ( 'NONE', #10075, #6590, #3906 ) ;
#1266 = MECHANICAL_DESIGN_GEOMETRIC_PRESENTATION_REPRESENTATION (  '', ( #3759 ), #1472 ) ;
#1267 = VECTOR ( 'NONE', #10187, 39.37007874015748143 ) ;
#1268 = ADVANCED_FACE ( 'NONE', ( #747 ), #798, .T. ) ;
#1269 = ORIENTED_EDGE ( 'NONE', *, *, #3330, .F. ) ;
#1270 = ADVANCED_FACE ( 'NONE', ( #6460 ), #1758, .F. ) ;
#1271 = DIRECTION ( 'NONE',  ( 1.644517855226008195E-15, 1.000000000000000000, 2.890435660536364269E-30 ) ) ;
#1272 = UNCERTAINTY_MEASURE_WITH_UNIT (LENGTH_MEASURE( 1.000000000000000082E-05 ), #3703, 'distance_accuracy_value', 'NONE');
#1273 = SURFACE_SIDE_STYLE ('',( #4073 ) ) ;
#1274 = VERTEX_POINT ( 'NONE', #5737 ) ;
#1275 = CARTESIAN_POINT ( 'NONE',  ( 0.5096303506627002378, 0.02914268067976763174, -0.02726377977636772892 ) ) ;
#1276 = MECHANICAL_DESIGN_GEOMETRIC_PRESENTATION_REPRESENTATION (  '', ( #4139 ), #10001 ) ;
#1277 = ORIENTED_EDGE ( 'NONE', *, *, #4096, .T. ) ;
#1278 = ORIENTED_EDGE ( 'NONE', *, *, #11383, .F. ) ;
#1279 = ADVANCED_FACE ( 'NONE', ( #178 ), #9562, .T. ) ;
#1280 = CARTESIAN_POINT ( 'NONE',  ( 0.1916282702576113661, -0.02108063623287759897, -0.1472385231635905956 ) ) ;
#1281 = LINE ( 'NONE', #10313, #251 ) ;
#1282 = ADVANCED_FACE ( 'NONE', ( #7548 ), #7438, .F. ) ;
#1283 = ORIENTED_EDGE ( 'NONE', *, *, #5112, .T. ) ;
#1284 = CARTESIAN_POINT ( 'NONE',  ( 0.2077620812121379057, 0.03516481420455550705, -0.1878937010368048610 ) ) ;
#1285 = AXIS2_PLACEMENT_3D ( 'NONE', #834, #7367, #6258 ) ;
#1286 = LINE ( 'NONE', #6900, #2999 ) ;
#1287 = VECTOR ( 'NONE', #8690, 39.37007874015748143 ) ;
#1288 = PRESENTATION_STYLE_ASSIGNMENT (( #4888 ) ) ;
#1289 = DIRECTION ( 'NONE',  ( -0.9040697402395203586, 1.445602896648304285E-15, 0.4273849608763116148 ) ) ;
#1290 = ORIENTED_EDGE ( 'NONE', *, *, #2678, .T. ) ;
#1291 =( LENGTH_UNIT ( ) NAMED_UNIT ( * ) SI_UNIT ( $, .METRE. ) );
#1292 = ORIENTED_EDGE ( 'NONE', *, *, #1665, .F. ) ;
#1293 = CARTESIAN_POINT ( 'NONE',  ( 0.2006796306912802530, -0.02488414520016165102, -0.04773622072184417059 ) ) ;
#1294 = ORIENTED_EDGE ( 'NONE', *, *, #1256, .F. ) ;
#1295 = EDGE_CURVE ( 'NONE', #3271, #1055, #2887, .T. ) ;
#1296 = CARTESIAN_POINT ( 'NONE',  ( 0.5147208482177777489, -0.01929016831111302413, -0.2462335930107938387 ) ) ;
#1297 = FILL_AREA_STYLE_COLOUR ( '', #1722 ) ;
#1298 = CARTESIAN_POINT ( 'NONE',  ( 0.4578091021359867452, 0.003668751212429131620, -0.005563233721056288356 ) ) ;
#1299 = CARTESIAN_POINT ( 'NONE',  ( 0.4561674782086255209, 0.03516481420455507684, -0.2778562600920800318 ) ) ;
#1300 = DIRECTION ( 'NONE',  ( -0.09052430461248955895, 0.8612812260087768790, 0.4999999999992434385 ) ) ;
#1301 = UNCERTAINTY_MEASURE_WITH_UNIT (LENGTH_MEASURE( 1.000000000000000082E-05 ), #6880, 'distance_accuracy_value', 'NONE');
#1302 = VERTEX_POINT ( 'NONE', #3954 ) ;
#1303 = ORIENTED_EDGE ( 'NONE', *, *, #2153, .T. ) ;
#1304 = CARTESIAN_POINT ( 'NONE',  ( 0.1605216694007102762, -0.06121462703867276700, -0.2398622049760928410 ) ) ;
#1305 = EDGE_CURVE ( 'NONE', #10724, #3806, #7908, .T. ) ;
#1306 = DIRECTION ( 'NONE',  ( 1.000000000000000000, -1.644517855226007801E-15, 3.368510880617784864E-12 ) ) ;
#1307 = CARTESIAN_POINT ( 'NONE',  ( 0.2018299626881688569, -0.02127552341816710615, -0.1680906281502946020 ) ) ;
#1308 = CYLINDRICAL_SURFACE ( 'NONE', #359, 0.007874015748031495954 ) ;
#1309 = DIRECTION ( 'NONE',  ( 0.05226423164096315188, -0.4972609476841257092, -0.8660254037840142693 ) ) ;
#1310 = MECHANICAL_DESIGN_GEOMETRIC_PRESENTATION_REPRESENTATION (  '', ( #8269 ), #8640 ) ;
#1311 = PLANE ( 'NONE',  #2613 ) ;
#1312 =( GEOMETRIC_REPRESENTATION_CONTEXT ( 3 ) GLOBAL_UNCERTAINTY_ASSIGNED_CONTEXT ( ( #8923 ) ) GLOBAL_UNIT_ASSIGNED_CONTEXT ( ( #4564, #5474, #10089 ) ) REPRESENTATION_CONTEXT ( 'NONE', 'WORKASPACE' ) );
#1313 = EDGE_LOOP ( 'NONE', ( #7752, #5633, #626, #5748, #5216, #8894 ) ) ;
#1314 = LINE ( 'NONE', #8746, #7448 ) ;
#1315 = EDGE_CURVE ( 'NONE', #3206, #10111, #367, .T. ) ;
#1316 = EDGE_CURVE ( 'NONE', #3949, #1533, #9687, .T. ) ;
#1317 = PRESENTATION_STYLE_ASSIGNMENT (( #9503 ) ) ;
#1318 = AXIS2_PLACEMENT_3D ( 'NONE', #6677, #10393, #6499 ) ;
#1319 = CARTESIAN_POINT ( 'NONE',  ( 0.4554196763377196255, 0.04500733388959447800, -0.1778562600918830727 ) ) ;
#1320 = DIRECTION ( 'NONE',  ( 0.5735764363508984998, 0.8191520442890949383, 1.002956481480260880E-15 ) ) ;
#1321 = CARTESIAN_POINT ( 'NONE',  ( 0.2453562723632711495, 0.04500733388959479719, -0.2339196358434976752 ) ) ;
#1322 = DIRECTION ( 'NONE',  ( 1.000000000000000000, -1.644517855226007801E-15, 3.555553229056784908E-12 ) ) ;
#1323 =( CONVERSION_BASED_UNIT ( 'INCH', #8694 ) LENGTH_UNIT ( ) NAMED_UNIT ( #7597 ) );
#1324 = ORIENTED_EDGE ( 'NONE', *, *, #9628, .F. ) ;
#1325 = FILL_AREA_STYLE ('',( #312 ) ) ;
#1326 = FACE_OUTER_BOUND ( 'NONE', #4669, .T. ) ;
#1327 = CLOSED_SHELL ( 'NONE', ( #1680, #800, #4500, #7487, #3385, #4802, #287, #5233, #2912, #7530, #700, #2606, #6565, #1504, #5084, #10660, #1562, #3370, #8225, #5648 ) ) ;
#1328 = CARTESIAN_POINT ( 'NONE',  ( 0.2372226159726010808, 0.03516481420455547929, -0.03513779552499369380 ) ) ;
#1329 = ORIENTED_EDGE ( 'NONE', *, *, #9110, .F. ) ;
#1330 = PLANE ( 'NONE',  #1840 ) ;
#1331 = ADVANCED_FACE ( 'NONE', ( #9622 ), #4132, .F. ) ;
#1332 = VERTEX_POINT ( 'NONE', #1375 ) ;
#1333 = LINE ( 'NONE', #4997, #1563 ) ;
#1334 = ORIENTED_EDGE ( 'NONE', *, *, #7872, .F. ) ;
#1335 = EDGE_CURVE ( 'NONE', #2570, #4787, #11661, .T. ) ;
#1336 =( LENGTH_UNIT ( ) NAMED_UNIT ( * ) SI_UNIT ( $, .METRE. ) );
#1337 = PRESENTATION_STYLE_ASSIGNMENT (( #7749 ) ) ;
#1338 = COLOUR_RGB ( '',0.7607843137254901578, 0.7607843137254901578, 0.0000000000000000000 ) ;
#1339 = FILL_AREA_STYLE_COLOUR ( '', #7776 ) ;
#1340 = VERTEX_POINT ( 'NONE', #9875 ) ;
#1341 = CARTESIAN_POINT ( 'NONE',  ( 0.2031529521231688895, -0.008688119764420850627, -0.08789370103680482771 ) ) ;
#1342 = FACE_OUTER_BOUND ( 'NONE', #6903, .T. ) ;
#1343 = MECHANICAL_DESIGN_GEOMETRIC_PRESENTATION_REPRESENTATION (  '', ( #10249 ), #8306 ) ;
#1344 = ORIENTED_EDGE ( 'NONE', *, *, #7889, .F. ) ;
#1345 = EDGE_CURVE ( 'NONE', #11575, #5799, #8875, .T. ) ;
#1346 = ORIENTED_EDGE ( 'NONE', *, *, #939, .F. ) ;
#1347 = LINE ( 'NONE', #8484, #7761 ) ;
#1348 = VERTEX_POINT ( 'NONE', #1438 ) ;
#1349 = CARTESIAN_POINT ( 'NONE',  ( 0.2148518768365311749, 0.03516481420455551399, -0.08789370103680475832 ) ) ;
#1350 = SURFACE_STYLE_FILL_AREA ( #7024 ) ;
#1351 = DIRECTION ( 'NONE',  ( -1.644517855226007801E-15, -1.000000000000000000, 6.888556729901404633E-28 ) ) ;
#1352 = ORIENTED_EDGE ( 'NONE', *, *, #8076, .T. ) ;
#1353 = FILL_AREA_STYLE_COLOUR ( '', #9062 ) ;
#1354 = DIRECTION ( 'NONE',  ( 1.644517855226008195E-15, 1.000000000000000000, 2.890435660536364269E-30 ) ) ;
#1355 = DIRECTION ( 'NONE',  ( -1.644517855226008392E-15, -1.000000000000000000, -6.123233995736766036E-17 ) ) ;
#1356 = STYLED_ITEM ( 'NONE', ( #1509 ), #981 ) ;
#1357 = EDGE_CURVE ( 'NONE', #759, #9857, #7853, .T. ) ;
#1358 = VECTOR ( 'NONE', #4463, 39.37007874015748143 ) ;
#1359 = CARTESIAN_POINT ( 'NONE',  ( 0.4561674782085073931, 0.04500733388959445025, -0.2373012207222373882 ) ) ;
#1360 = EDGE_CURVE ( 'NONE', #5730, #6646, #10634, .T. ) ;
#1361 = ORIENTED_EDGE ( 'NONE', *, *, #8549, .F. ) ;
#1362 = AXIS2_PLACEMENT_3D ( 'NONE', #2273, #6934, #9746 ) ;
#1363 = ORIENTED_EDGE ( 'NONE', *, *, #394, .F. ) ;
#1364 = CARTESIAN_POINT ( 'NONE',  ( 0.2313841284563815104, 0.03516481420463419411, -0.2878937010362536131 ) ) ;
#1365 = CARTESIAN_POINT ( 'NONE',  ( 0.1901773450124056297, -0.02333479306674136541, -0.04773959464754692211 ) ) ;
#1366 = DIRECTION ( 'NONE',  ( -1.644517855226008195E-15, -1.000000000000000000, -2.890435660536364269E-30 ) ) ;
#1367 = CARTESIAN_POINT ( 'NONE',  ( 0.3496518449916174442, 0.1434325307400277361, -0.1791535435558992695 ) ) ;
#1368 = VECTOR ( 'NONE', #2522, 39.37007874015748143 ) ;
#1369 = VECTOR ( 'NONE', #1132, 39.37007874015748143 ) ;
#1370 = ORIENTED_EDGE ( 'NONE', *, *, #7889, .T. ) ;
#1371 = LENGTH_MEASURE_WITH_UNIT ( LENGTH_MEASURE( 0.02539999999999999897 ), #4192 );
#1372 = AXIS2_PLACEMENT_3D ( 'NONE', #633, #4408, #3322 ) ;
#1373 = AXIS2_PLACEMENT_3D ( 'NONE', #6732, #7705, #11743 ) ;
#1374 = FACE_OUTER_BOUND ( 'NONE', #3917, .T. ) ;
#1375 = CARTESIAN_POINT ( 'NONE',  ( 0.4754786166447405593, 0.03516481420455505602, -0.2272637797766489109 ) ) ;
#1376 = DIRECTION ( 'NONE',  ( -0.9947848906855178974, -0.1019952021607001824, -8.191546496927016518E-12 ) ) ;
#1377 = CARTESIAN_POINT ( 'NONE',  ( 0.4920108682649397824, 0.03516481420455506990, -0.08789370103635522902 ) ) ;
#1378 = LINE ( 'NONE', #5052, #2703 ) ;
#1379 = ORIENTED_EDGE ( 'NONE', *, *, #6139, .F. ) ;
#1380 = DIRECTION ( 'NONE',  ( 0.6691306063588806641, 0.7431448254773739270, 5.510638242019652087E-12 ) ) ;
#1381 = EDGE_CURVE ( 'NONE', #8051, #5131, #3359, .T. ) ;
#1382 = VECTOR ( 'NONE', #5867, 39.37007874015748143 ) ;
#1383 = UNCERTAINTY_MEASURE_WITH_UNIT (LENGTH_MEASURE( 1.000000000000000082E-05 ), #7804, 'distance_accuracy_value', 'NONE');
#1384 = EDGE_CURVE ( 'NONE', #10081, #5938, #11600, .T. ) ;
#1385 = AXIS2_PLACEMENT_3D ( 'NONE', #4867, #7734, #9329 ) ;
#1386 = CARTESIAN_POINT ( 'NONE',  ( 0.1585494827869409484, -0.02585880784268851026, -0.1477362207218442802 ) ) ;
#1387 = ORIENTED_EDGE ( 'NONE', *, *, #7479, .F. ) ;
#1388 = CARTESIAN_POINT ( 'NONE',  ( 0.4383240990372200274, 0.04008607404707484334, -0.02726377977695487037 ) ) ;
#1389 = EDGE_LOOP ( 'NONE', ( #1492, #443, #1214, #11761, #2692, #1821 ) ) ;
#1390 = FACE_OUTER_BOUND ( 'NONE', #8308, .T. ) ;
#1391 =( LENGTH_UNIT ( ) NAMED_UNIT ( * ) SI_UNIT ( $, .METRE. ) );
#1392 = EDGE_LOOP ( 'NONE', ( #11163, #8959, #6299, #11632 ) ) ;
#1393 = VERTEX_POINT ( 'NONE', #6083 ) ;
#1394 =( LENGTH_UNIT ( ) NAMED_UNIT ( * ) SI_UNIT ( $, .METRE. ) );
#1395 = PLANE ( 'NONE',  #4095 ) ;
#1396 = VERTEX_POINT ( 'NONE', #7732 ) ;
#1397 = LINE ( 'NONE', #8842, #10503 ) ;
#1398 = SURFACE_STYLE_USAGE ( .BOTH. , #7692 ) ;
#1399 = FILL_AREA_STYLE_COLOUR ( '', #11131 ) ;
#1400 = ADVANCED_FACE ( 'NONE', ( #8749 ), #3299, .F. ) ;
#1401 = DIMENSIONAL_EXPONENTS ( 1.000000000000000000, 0.0000000000000000000, 0.0000000000000000000, 0.0000000000000000000, 0.0000000000000000000, 0.0000000000000000000, 0.0000000000000000000 ) ;
#1402 = CARTESIAN_POINT ( 'NONE',  ( 0.5092218448044586454, -0.01405121771457885048, -0.2776574805637725962 ) ) ;
#1403 = DIMENSIONAL_EXPONENTS ( 1.000000000000000000, 0.0000000000000000000, 0.0000000000000000000, 0.0000000000000000000, 0.0000000000000000000, 0.0000000000000000000, 0.0000000000000000000 ) ;
#1404 = CARTESIAN_POINT ( 'NONE',  ( 0.4754786166454759155, 0.03516481420467316293, -0.2878937010364894244 ) ) ;
#1405 = ORIENTED_EDGE ( 'NONE', *, *, #10501, .F. ) ;
#1406 = FACE_OUTER_BOUND ( 'NONE', #1313, .T. ) ;
#1407 = VERTEX_POINT ( 'NONE', #6994 ) ;
#1408 = FACE_OUTER_BOUND ( 'NONE', #9514, .T. ) ;
#1409 = VERTEX_POINT ( 'NONE', #1506 ) ;
#1410 = DIRECTION ( 'NONE',  ( 1.000000000000000000, -1.644517855226007801E-15, 1.748601263784622143E-15 ) ) ;
#1411 = SURFACE_SIDE_STYLE ('',( #1350 ) ) ;
#1412 = SURFACE_SIDE_STYLE ('',( #7025 ) ) ;
#1413 = LENGTH_MEASURE_WITH_UNIT ( LENGTH_MEASURE( 0.02539999999999999897 ), #3149 );
#1414 = ORIENTED_EDGE ( 'NONE', *, *, #107, .F. ) ;
#1415 = LENGTH_MEASURE_WITH_UNIT ( LENGTH_MEASURE( 0.02539999999999999897 ), #1544 );
#1416 = DIRECTION ( 'NONE',  ( 1.644517855226008195E-15, 1.000000000000000000, 2.890435660536364269E-30 ) ) ;
#1417 = DIRECTION ( 'NONE',  ( -1.000000000000000000, 0.0000000000000000000, 1.734723475977064066E-15 ) ) ;
#1418 = EDGE_CURVE ( 'NONE', #4557, #10023, #4641, .T. ) ;
#1419 = UNCERTAINTY_MEASURE_WITH_UNIT (LENGTH_MEASURE( 1.000000000000000082E-05 ), #11762, 'distance_accuracy_value', 'NONE');
#1420 = LINE ( 'NONE', #9855, #5289 ) ;
#1421 = VERTEX_POINT ( 'NONE', #5178 ) ;
#1422 = ORIENTED_EDGE ( 'NONE', *, *, #5891, .T. ) ;
#1423 = PLANE ( 'NONE',  #5315 ) ;
#1424 = AXIS2_PLACEMENT_3D ( 'NONE', #5952, #9013, #4382 ) ;
#1425 = DIRECTION ( 'NONE',  ( -1.000000000000000000, 1.644517855226007801E-15, -8.234490263801784106E-12 ) ) ;
#1426 = CARTESIAN_POINT ( 'NONE',  ( 0.5044156245189419518, 0.03516481420455500051, -1.079232283713576157 ) ) ;
#1427 = DIRECTION ( 'NONE',  ( 0.6691306063588773334, -0.7431448254773770357, 1.927470528863118161E-15 ) ) ;
#1428 = CARTESIAN_POINT ( 'NONE',  ( 0.2506952668926408778, 0.03516481420455543766, -0.1837617719025922414 ) ) ;
#1429 = CYLINDRICAL_SURFACE ( 'NONE', #10218, 0.01771653543307086243 ) ;
#1430 = AXIS2_PLACEMENT_3D ( 'NONE', #969, #4642, #4762 ) ;
#1431 = ORIENTED_EDGE ( 'NONE', *, *, #7392, .T. ) ;
#1432 = CARTESIAN_POINT ( 'NONE',  ( 0.3928014512908296063, 0.1021333181416024527, -0.03297244119349760499 ) ) ;
#1433 = AXIS2_PLACEMENT_3D ( 'NONE', #4983, #6755, #4816 ) ;
#1434 = ORIENTED_EDGE ( 'NONE', *, *, #6770, .F. ) ;
#1435 = CARTESIAN_POINT ( 'NONE',  ( 0.5158188054464748484, -0.02214987590510624632, -0.1475478333218588900 ) ) ;
#1436 = CIRCLE ( 'NONE', #3916, 0.007874015748031482076 ) ;
#1437 = DIRECTION ( 'NONE',  ( 0.5735764363508984998, 0.8191520442890949383, 1.002956481480260880E-15 ) ) ;
#1438 = CARTESIAN_POINT ( 'NONE',  ( 0.3142156862761680269, 0.1217789874329372468, -0.007578740406095896970 ) ) ;
#1439 = PLANE ( 'NONE',  #5341 ) ;
#1440 = EDGE_CURVE ( 'NONE', #11816, #7397, #4256, .T. ) ;
#1441 = CIRCLE ( 'NONE', #7027, 0.007874015748031499423 ) ;
#1442 = DIRECTION ( 'NONE',  ( -1.644517855226008195E-15, -1.000000000000000000, -2.890435660536364269E-30 ) ) ;
#1443 = VECTOR ( 'NONE', #2426, 39.37007874015748143 ) ;
#1444 = DIRECTION ( 'NONE',  ( 1.644517855226008195E-15, 1.000000000000000000, -6.888556729901376831E-28 ) ) ;
#1445 = EDGE_LOOP ( 'NONE', ( #10140, #11971, #10137, #10490, #8451, #1727 ) ) ;
#1446 =( CONVERSION_BASED_UNIT ( 'INCH', #4325 ) LENGTH_UNIT ( ) NAMED_UNIT ( #11082 ) );
#1447 = DIRECTION ( 'NONE',  ( -1.729787034332033796E-15, -0.9987523388778386524, 0.04993761694401192830 ) ) ;
#1448 = VECTOR ( 'NONE', #891, 39.37007874015748143 ) ;
#1449 = STYLED_ITEM ( 'NONE', ( #890 ), #4057 ) ;
#1450 = AXIS2_PLACEMENT_3D ( 'NONE', #9634, #4268, #4207 ) ;
#1451 = DIRECTION ( 'NONE',  ( -0.9945218953682690710, -0.1045284632676948544, -8.187894806610516561E-12 ) ) ;
#1452 = VECTOR ( 'NONE', #5253, 39.37007874015748143 ) ;
#1453 = EDGE_LOOP ( 'NONE', ( #11657, #11181, #996, #8314 ) ) ;
#1454 = FILL_AREA_STYLE ('',( #10645 ) ) ;
#1455 = AXIS2_PLACEMENT_3D ( 'NONE', #2362, #3400, #1541 ) ;
#1456 = EDGE_LOOP ( 'NONE', ( #8214, #8794, #5632, #2302 ) ) ;
#1457 = VECTOR ( 'NONE', #4241, 39.37007874015748143 ) ;
#1458 = DIRECTION ( 'NONE',  ( 8.234490263801784106E-12, -1.353889066150678860E-26, -1.000000000000000000 ) ) ;
#1459 = LINE ( 'NONE', #5971, #1675 ) ;
#1460 = ORIENTED_EDGE ( 'NONE', *, *, #4872, .T. ) ;
#1461 =( GEOMETRIC_REPRESENTATION_CONTEXT ( 3 ) GLOBAL_UNCERTAINTY_ASSIGNED_CONTEXT ( ( #3543 ) ) GLOBAL_UNIT_ASSIGNED_CONTEXT ( ( #334, #8715, #4085 ) ) REPRESENTATION_CONTEXT ( 'NONE', 'WORKASPACE' ) );
#1462 = EDGE_CURVE ( 'NONE', #149, #11540, #5612, .T. ) ;
#1463 =( GEOMETRIC_REPRESENTATION_CONTEXT ( 3 ) GLOBAL_UNCERTAINTY_ASSIGNED_CONTEXT ( ( #6211 ) ) GLOBAL_UNIT_ASSIGNED_CONTEXT ( ( #3910, #2968, #1163 ) ) REPRESENTATION_CONTEXT ( 'NONE', 'WORKASPACE' ) );
#1464 = CARTESIAN_POINT ( 'NONE',  ( 0.1896577093114369950, -0.02375406862796414220, -0.1477362207218441970 ) ) ;
#1465 = PRESENTATION_STYLE_ASSIGNMENT (( #9583 ) ) ;
#1466 =( NAMED_UNIT ( * ) PLANE_ANGLE_UNIT ( ) SI_UNIT ( $, .RADIAN. ) );
#1467 = VERTEX_POINT ( 'NONE', #3119 ) ;
#1468 = CARTESIAN_POINT ( 'NONE',  ( 0.3928014512908304390, 0.1434325307400276250, -0.2791535435558992750 ) ) ;
#1469 = VECTOR ( 'NONE', #8342, 39.37007874015748143 ) ;
#1470 = PLANE ( 'NONE',  #3175 ) ;
#1471 = MECHANICAL_DESIGN_GEOMETRIC_PRESENTATION_REPRESENTATION (  '', ( #8597 ), #1851 ) ;
#1472 =( GEOMETRIC_REPRESENTATION_CONTEXT ( 3 ) GLOBAL_UNCERTAINTY_ASSIGNED_CONTEXT ( ( #6858 ) ) GLOBAL_UNIT_ASSIGNED_CONTEXT ( ( #3813, #10610, #9846 ) ) REPRESENTATION_CONTEXT ( 'NONE', 'WORKASPACE' ) );
#1473 = MECHANICAL_DESIGN_GEOMETRIC_PRESENTATION_REPRESENTATION (  '', ( #10744 ), #2828 ) ;
#1474 = CARTESIAN_POINT ( 'NONE',  ( 0.4554196763416167859, 0.03516481420455512541, -0.03139570891121379326 ) ) ;
#1475 = VECTOR ( 'NONE', #10168, 39.37007874015748143 ) ;
#1476 = ORIENTED_EDGE ( 'NONE', *, *, #3773, .T. ) ;
#1477 = CARTESIAN_POINT ( 'NONE',  ( 0.5162468380955171909, -0.02281331161264293222, -0.1674632254931907316 ) ) ;
#1478 = ORIENTED_EDGE ( 'NONE', *, *, #10406, .T. ) ;
#1479 = DIRECTION ( 'NONE',  ( 1.582776894139421601E-15, -3.956942235348554004E-16, 1.000000000000000000 ) ) ;
#1480 = EDGE_LOOP ( 'NONE', ( #6042, #3126, #2736, #4774 ) ) ;
#1481 = DIRECTION ( 'NONE',  ( -1.644517855226007801E-15, -1.000000000000000000, -2.890435660536363919E-30 ) ) ;
#1482 = EDGE_CURVE ( 'NONE', #3691, #230, #6881, .T. ) ;
#1483 = VECTOR ( 'NONE', #5277, 39.37007874015748143 ) ;
#1484 = EDGE_CURVE ( 'NONE', #1274, #9832, #5899, .T. ) ;
#1485 = DIRECTION ( 'NONE',  ( 4.215779961798154935E-13, -6.961681480880728311E-28, 1.000000000000000000 ) ) ;
#1486 = SURFACE_STYLE_USAGE ( .BOTH. , #11452 ) ;
#1487 = ORIENTED_EDGE ( 'NONE', *, *, #9392, .F. ) ;
#1488 = VECTOR ( 'NONE', #4810, 39.37007874015748143 ) ;
#1489 = CARTESIAN_POINT ( 'NONE',  ( 0.4754786166450025164, 0.03516481420311536044, 0.004564358673763484371 ) ) ;
#1490 = LINE ( 'NONE', #8133, #11892 ) ;
#1491 =( CONVERSION_BASED_UNIT ( 'INCH', #5085 ) LENGTH_UNIT ( ) NAMED_UNIT ( #11279 ) );
#1492 = ORIENTED_EDGE ( 'NONE', *, *, #3096, .T. ) ;
#1493 = EDGE_LOOP ( 'NONE', ( #3698, #5919, #8261, #3333, #1535, #2553, #11641, #2427 ) ) ;
#1494 = DIRECTION ( 'NONE',  ( 1.000000000000000000, -1.644517855226007801E-15, 3.555553229056784908E-12 ) ) ;
#1495 = EDGE_CURVE ( 'NONE', #11754, #245, #8693, .T. ) ;
#1496 = CARTESIAN_POINT ( 'NONE',  ( 0.2532616618757510540, 0.03516481420455543766, -0.1370142308537339038 ) ) ;
#1497 = CYLINDRICAL_SURFACE ( 'NONE', #4041, 0.007874015748031495954 ) ;
#1498 = CARTESIAN_POINT ( 'NONE',  ( 0.5037097929783023176, -0.008688119764421362370, -0.1878937010362589644 ) ) ;
#1499 = ADVANCED_FACE ( 'NONE', ( #2698 ), #5372, .F. ) ;
#1500 = CYLINDRICAL_SURFACE ( 'NONE', #8465, 0.007874015748031482076 ) ;
#1501 = ORIENTED_EDGE ( 'NONE', *, *, #11434, .T. ) ;
#1502 = PLANE ( 'NONE',  #6279 ) ;
#1503 = ORIENTED_EDGE ( 'NONE', *, *, #3603, .T. ) ;
#1504 = ADVANCED_FACE ( 'NONE', ( #10101 ), #6386, .F. ) ;
#1505 = CARTESIAN_POINT ( 'NONE',  ( 0.3140612938105263319, 0.1021333181416026054, -0.03297244119349746622 ) ) ;
#1506 = CARTESIAN_POINT ( 'NONE',  ( 0.4696401291286647628, 0.03516481420483065501, -0.2272637797769618828 ) ) ;
#1507 = LINE ( 'NONE', #9623, #10188 ) ;
#1508 = SURFACE_STYLE_FILL_AREA ( #8878 ) ;
#1509 = PRESENTATION_STYLE_ASSIGNMENT (( #2523 ) ) ;
#1510 = VECTOR ( 'NONE', #6871, 39.37007874015748143 ) ;
#1511 = EDGE_LOOP ( 'NONE', ( #6481, #6578, #2257, #2880 ) ) ;
#1512 = COLOUR_RGB ( '',0.7607843137254901578, 0.7607843137254901578, 0.0000000000000000000 ) ;
#1513 = LINE ( 'NONE', #9694, #9214 ) ;
#1514 = UNCERTAINTY_MEASURE_WITH_UNIT (LENGTH_MEASURE( 1.000000000000000082E-05 ), #6915, 'distance_accuracy_value', 'NONE');
#1515 = LINE ( 'NONE', #5189, #2402 ) ;
#1516 = EDGE_CURVE ( 'NONE', #11754, #6003, #9995, .T. ) ;
#1517 = AXIS2_PLACEMENT_3D ( 'NONE', #3647, #776, #4432 ) ;
#1518 = EDGE_LOOP ( 'NONE', ( #2067, #11675, #1678, #7286 ) ) ;
#1519 = VERTEX_POINT ( 'NONE', #7369 ) ;
#1520 = CARTESIAN_POINT ( 'NONE',  ( 0.4561674782086251878, 0.03516481420455509765, -0.1837617719031823249 ) ) ;
#1521 = FILL_AREA_STYLE ('',( #4151 ) ) ;
#1522 = ORIENTED_EDGE ( 'NONE', *, *, #8549, .T. ) ;
#1523 = ORIENTED_EDGE ( 'NONE', *, *, #3936, .T. ) ;
#1524 = VECTOR ( 'NONE', #5825, 39.37007874015748143 ) ;
#1525 = SURFACE_SIDE_STYLE ('',( #6288 ) ) ;
#1526 = DIRECTION ( 'NONE',  ( 0.9945218953682687379, -0.1045284632676985181, 2.168404344971013601E-15 ) ) ;
#1527 = ORIENTED_EDGE ( 'NONE', *, *, #538, .T. ) ;
#1528 = CARTESIAN_POINT ( 'NONE',  ( 0.5047076986980301161, -0.01818255847635048827, -0.2437992128472743214 ) ) ;
#1529 = LINE ( 'NONE', #5201, #3687 ) ;
#1530 =( NAMED_UNIT ( * ) PLANE_ANGLE_UNIT ( ) SI_UNIT ( $, .RADIAN. ) );
#1531 = AXIS2_PLACEMENT_3D ( 'NONE', #6800, #9366, #1979 ) ;
#1532 = DIRECTION ( 'NONE',  ( -1.000000000000000000, 0.0000000000000000000, 1.503638049432454012E-14 ) ) ;
#1533 = VERTEX_POINT ( 'NONE', #9198 ) ;
#1534 = FACE_OUTER_BOUND ( 'NONE', #4530, .T. ) ;
#1535 = ORIENTED_EDGE ( 'NONE', *, *, #8498, .T. ) ;
#1536 =( GEOMETRIC_REPRESENTATION_CONTEXT ( 3 ) GLOBAL_UNCERTAINTY_ASSIGNED_CONTEXT ( ( #73 ) ) GLOBAL_UNIT_ASSIGNED_CONTEXT ( ( #9407, #11619, #4080 ) ) REPRESENTATION_CONTEXT ( 'NONE', 'WORKASPACE' ) );
#1537 = CARTESIAN_POINT ( 'NONE',  ( 0.4754786166453184859, 0.04500733388959442249, -0.2878937010364894244 ) ) ;
#1538 = ORIENTED_EDGE ( 'NONE', *, *, #8751, .T. ) ;
#1539 = DIRECTION ( 'NONE',  ( 1.000000000000000000, -1.644517855226007801E-15, 1.748601263784621748E-15 ) ) ;
#1540 = DIRECTION ( 'NONE',  ( -1.000000000000000000, 1.644517855226007801E-15, -1.748601263784621748E-15 ) ) ;
#1541 = DIRECTION ( 'NONE',  ( 1.555145074134924813E-15, 0.9987523388778462019, 0.04993761694386230493 ) ) ;
#1542 = DIRECTION ( 'NONE',  ( -1.644517855226008195E-15, -1.000000000000000000, -6.123233995736766036E-17 ) ) ;
#1543 = VERTEX_POINT ( 'NONE', #6442 ) ;
#1544 =( LENGTH_UNIT ( ) NAMED_UNIT ( * ) SI_UNIT ( $, .METRE. ) );
#1545 = DIRECTION ( 'NONE',  ( 8.235599702199888450E-12, 0.0000000000000000000, -1.000000000000000000 ) ) ;
#1546 = DIRECTION ( 'NONE',  ( -1.748601263784622143E-15, 0.0000000000000000000, 1.000000000000000000 ) ) ;
#1547 = EDGE_CURVE ( 'NONE', #5576, #2821, #11788, .T. ) ;
#1548 = UNCERTAINTY_MEASURE_WITH_UNIT (LENGTH_MEASURE( 1.000000000000000082E-05 ), #642, 'distance_accuracy_value', 'NONE');
#1549 = CARTESIAN_POINT ( 'NONE',  ( 0.2313841284563810663, 0.03516481420463420798, -0.1878937010362536630 ) ) ;
#1550 = CIRCLE ( 'NONE', #10252, 0.005905511811023618496 ) ;
#1551 = ORIENTED_EDGE ( 'NONE', *, *, #3824, .T. ) ;
#1552 = ORIENTED_EDGE ( 'NONE', *, *, #8408, .F. ) ;
#1553 =( LENGTH_UNIT ( ) NAMED_UNIT ( * ) SI_UNIT ( $, .METRE. ) );
#1554 = CARTESIAN_POINT ( 'NONE',  ( 0.4554196763414986582, 0.03516481420455512541, -0.03730122072223737706 ) ) ;
#1555 = CARTESIAN_POINT ( 'NONE',  ( 0.4754786166453176532, 0.04500733388959445719, -0.08789370103648942723 ) ) ;
#1556 = VECTOR ( 'NONE', #2284, 39.37007874015748143 ) ;
#1557 = CARTESIAN_POINT ( 'NONE',  ( 0.1585494827869409762, -0.02585880784268851026, -0.1674212600919230409 ) ) ;
#1558 =( NAMED_UNIT ( * ) PLANE_ANGLE_UNIT ( ) SI_UNIT ( $, .RADIAN. ) );
#1559 =( NAMED_UNIT ( * ) PLANE_ANGLE_UNIT ( ) SI_UNIT ( $, .RADIAN. ) );
#1560 = VECTOR ( 'NONE', #2349, 39.37007874015748143 ) ;
#1561 = EDGE_CURVE ( 'NONE', #4643, #3691, #5245, .T. ) ;
#1562 = ADVANCED_FACE ( 'NONE', ( #9313 ), #6620, .T. ) ;
#1563 = VECTOR ( 'NONE', #4077, 39.37007874015748143 ) ;
#1564 = EDGE_LOOP ( 'NONE', ( #5978, #7213, #3262, #7005 ) ) ;
#1565 = FACE_OUTER_BOUND ( 'NONE', #2591, .T. ) ;
#1566 = EDGE_LOOP ( 'NONE', ( #6555, #741, #7994, #11680, #11220, #6938, #7670, #10650 ) ) ;
#1567 = FACE_OUTER_BOUND ( 'NONE', #2380, .T. ) ;
#1568 = DIRECTION ( 'NONE',  ( -1.000000000000000000, 1.138412281109781707E-14, -2.168404344971012812E-15 ) ) ;
#1569 = CARTESIAN_POINT ( 'NONE',  ( 0.1921925904901472248, -0.01880785086055355992, -0.1458134337086272880 ) ) ;
#1570 = DIRECTION ( 'NONE',  ( -0.1045284632676950626, 0.9945218953682689600, -8.607386130680116915E-13 ) ) ;
#1571 = CARTESIAN_POINT ( 'NONE',  ( 0.2372226159726408268, 0.04500733388959483189, -0.1272637797769622658 ) ) ;
#1572 = CARTESIAN_POINT ( 'NONE',  ( 0.3926470588251994576, 0.1217789874329371080, 0.01210629896398286200 ) ) ;
#1573 = DIMENSIONAL_EXPONENTS ( 1.000000000000000000, 0.0000000000000000000, 0.0000000000000000000, 0.0000000000000000000, 0.0000000000000000000, 0.0000000000000000000, 0.0000000000000000000 ) ;
#1574 = DIRECTION ( 'NONE',  ( 1.748601263784621946E-15, 0.0000000000000000000, -1.000000000000000000 ) ) ;
#1575 = DIRECTION ( 'NONE',  ( -0.09052430460421928560, 0.8612812260087807648, -0.5000000000007341905 ) ) ;
#1576 =( GEOMETRIC_REPRESENTATION_CONTEXT ( 3 ) GLOBAL_UNCERTAINTY_ASSIGNED_CONTEXT ( ( #3444 ) ) GLOBAL_UNIT_ASSIGNED_CONTEXT ( ( #10995, #6205, #5307 ) ) REPRESENTATION_CONTEXT ( 'NONE', 'WORKASPACE' ) );
#1577 = EDGE_LOOP ( 'NONE', ( #5032, #8233, #6128, #7561 ) ) ;
#1578 = ADVANCED_FACE ( 'NONE', ( #6509 ), #7662, .F. ) ;
#1579 = CARTESIAN_POINT ( 'NONE',  ( 0.4561674782084671476, 0.03516481420455511153, -0.03730122072223737706 ) ) ;
#1580 = AXIS2_PLACEMENT_3D ( 'NONE', #6743, #1981, #5785 ) ;
#1581 = ORIENTED_EDGE ( 'NONE', *, *, #11636, .T. ) ;
#1582 = ORIENTED_EDGE ( 'NONE', *, *, #5793, .T. ) ;
#1583 = DIRECTION ( 'NONE',  ( 0.0000000000000000000, 0.0000000000000000000, 1.000000000000000000 ) ) ;
#1584 = VERTEX_POINT ( 'NONE', #9437 ) ;
#1585 = DIRECTION ( 'NONE',  ( 1.748601263784601238E-15, -1.263142004425999922E-14, -1.000000000000000000 ) ) ;
#1586 = DIRECTION ( 'NONE',  ( -1.644517855226008195E-15, -1.000000000000000000, -2.890435660536364269E-30 ) ) ;
#1587 = PRESENTATION_STYLE_ASSIGNMENT (( #3381 ) ) ;
#1588 = ORIENTED_EDGE ( 'NONE', *, *, #5064, .F. ) ;
#1589 = DIRECTION ( 'NONE',  ( -8.234490263801784106E-12, 1.353889066150678860E-26, 1.000000000000000000 ) ) ;
#1590 = CARTESIAN_POINT ( 'NONE',  ( 0.4920108682644409037, 0.04500733388959441555, -0.1272637797765127365 ) ) ;
#1592 = EDGE_CURVE ( 'NONE', #1302, #4406, #7375, .T. ) ;
#1591 = VECTOR ( 'NONE', #1054, 39.37007874015748143 ) ;
#1593 = AXIS2_PLACEMENT_3D ( 'NONE', #949, #7583, #4743 ) ;
#1594 = CARTESIAN_POINT ( 'NONE',  ( 0.3928014512908296063, 0.1434325307400276528, -0.07915354355589927782 ) ) ;
#1595 = CARTESIAN_POINT ( 'NONE',  ( 0.4700169603338608115, 0.03516481425069641759, 0.01210629896319560285 ) ) ;
#1596 = VERTEX_POINT ( 'NONE', #11285 ) ;
#1597 = PLANE ( 'NONE',  #9963 ) ;
#1598 = COLOUR_RGB ( '',0.7607843137254901578, 0.7607843137254901578, 0.0000000000000000000 ) ;
#1599 = ORIENTED_EDGE ( 'NONE', *, *, #825, .T. ) ;
#1600 = DIRECTION ( 'NONE',  ( 1.000000000000000000, -1.644517855226007801E-15, 1.748601263784621748E-15 ) ) ;
#1601 = EDGE_LOOP ( 'NONE', ( #4882, #4852, #3017, #1020 ) ) ;
#1602 = CARTESIAN_POINT ( 'NONE',  ( 0.2313841284547877852, 0.03516481421120130901, 0.004564360868313389885 ) ) ;
#1603 = LINE ( 'NONE', #8252, #1483 ) ;
#1604 = EDGE_CURVE ( 'NONE', #3976, #6312, #1019, .T. ) ;
#1605 = EDGE_LOOP ( 'NONE', ( #6418, #4076, #1765, #6150 ) ) ;
#1606 = DIRECTION ( 'NONE',  ( 0.0000000000000000000, 0.0000000000000000000, 1.000000000000000000 ) ) ;
#1607 = CARTESIAN_POINT ( 'NONE',  ( 0.1605216694007094713, -0.06121462703867273231, -0.03986220497609280905 ) ) ;
#1608 = DIRECTION ( 'NONE',  ( -1.000000000000000000, 1.644517855226007801E-15, -1.460052178569153902E-13 ) ) ;
#1609 = VECTOR ( 'NONE', #8652, 39.37007874015748143 ) ;
#1610 = FILL_AREA_STYLE ('',( #6000 ) ) ;
#1611 = ORIENTED_EDGE ( 'NONE', *, *, #8296, .F. ) ;
#1612 = VERTEX_POINT ( 'NONE', #2878 ) ;
#1613 = LINE ( 'NONE', #8810, #5105 ) ;
#1614 = CARTESIAN_POINT ( 'NONE',  ( 0.2506952668933101203, 0.03516481420455543766, -0.1373012207214504010 ) ) ;
#1615 = CARTESIAN_POINT ( 'NONE',  ( 0.2313841284562323519, 0.04008607404707516253, -0.1575787404068835218 ) ) ;
#1616 = LINE ( 'NONE', #2504, #8089 ) ;
#1617 = FACE_OUTER_BOUND ( 'NONE', #10804, .T. ) ;
#1618 = EDGE_CURVE ( 'NONE', #1826, #10264, #6562, .T. ) ;
#1619 =( NAMED_UNIT ( * ) SI_UNIT ( $, .STERADIAN. ) SOLID_ANGLE_UNIT ( ) );
#1620 = ORIENTED_EDGE ( 'NONE', *, *, #10429, .F. ) ;
#1621 = EDGE_CURVE ( 'NONE', #4768, #5972, #9368, .T. ) ;
#1622 = CARTESIAN_POINT ( 'NONE',  ( 0.1794316161830393219, -0.03078006768520823513, -0.1674212600919229854 ) ) ;
#1623 = FACE_OUTER_BOUND ( 'NONE', #1577, .T. ) ;
#1624 = LINE ( 'NONE', #10936, #6408 ) ;
#1625 = CARTESIAN_POINT ( 'NONE',  ( 0.5172050357898664297, -0.02375406862796468691, -0.2674212600912659332 ) ) ;
#1626 = CARTESIAN_POINT ( 'NONE',  ( 0.2313841284562238865, 0.03516481420601215435, -0.2272637797769622714 ) ) ;
#1627 = SURFACE_STYLE_USAGE ( .BOTH. , #10049 ) ;
#1628 = EDGE_CURVE ( 'NONE', #4269, #2152, #8446, .T. ) ;
#1629 = CARTESIAN_POINT ( 'NONE',  ( 0.2506952668935074624, 0.04500733388959479025, -0.2778562600915291947 ) ) ;
#1630 =( NAMED_UNIT ( * ) SI_UNIT ( $, .STERADIAN. ) SOLID_ANGLE_UNIT ( ) );
#1631 = ORIENTED_EDGE ( 'NONE', *, *, #10189, .T. ) ;
#1632 = AXIS2_PLACEMENT_3D ( 'NONE', #8268, #11970, #3650 ) ;
#1633 = LINE ( 'NONE', #11550, #3195 ) ;
#1634 = UNCERTAINTY_MEASURE_WITH_UNIT (LENGTH_MEASURE( 1.000000000000000082E-05 ), #3443, 'distance_accuracy_value', 'NONE');
#1635 = LINE ( 'NONE', #11670, #1452 ) ;
#1636 = ORIENTED_EDGE ( 'NONE', *, *, #3516, .T. ) ;
#1637 = CARTESIAN_POINT ( 'NONE',  ( 0.1896720897116644378, -0.02376973408140352351, -0.06742127273290378364 ) ) ;
#1638 = AXIS2_PLACEMENT_3D ( 'NONE', #8848, #5925, #7093 ) ;
#1639 = VECTOR ( 'NONE', #11750, 39.37007874015748143 ) ;
#1640 = SURFACE_SIDE_STYLE ('',( #2533 ) ) ;
#1641 = EDGE_CURVE ( 'NONE', #6779, #9759, #7948, .T. ) ;
#1642 = ORIENTED_EDGE ( 'NONE', *, *, #1002, .F. ) ;
#1643 = FILL_AREA_STYLE ('',( #344 ) ) ;
#1644 = PRESENTATION_STYLE_ASSIGNMENT (( #5444 ) ) ;
#1645 = CARTESIAN_POINT ( 'NONE',  ( 0.2313841284566568179, 0.03516481420455548623, -0.4075787404069425302 ) ) ;
#1646 = DIRECTION ( 'NONE',  ( -1.000000000000000000, 1.644517855226007801E-15, -1.748601263784621748E-15 ) ) ;
#1647 = ORIENTED_EDGE ( 'NONE', *, *, #10544, .F. ) ;
#1648 = DIRECTION ( 'NONE',  ( -1.000000000000000000, 1.644517855226007801E-15, -1.748601263784621748E-15 ) ) ;
#1649 = VECTOR ( 'NONE', #1608, 39.37007874015748143 ) ;
#1650 = FACE_OUTER_BOUND ( 'NONE', #9092, .T. ) ;
#1651 = LINE ( 'NONE', #9711, #715 ) ;
#1652 = CARTESIAN_POINT ( 'NONE',  ( 0.4254818849634288136, 0.1217789874329370109, -0.2831692915873951222 ) ) ;
#1653 = UNCERTAINTY_MEASURE_WITH_UNIT (LENGTH_MEASURE( 1.000000000000000082E-05 ), #305, 'distance_accuracy_value', 'NONE');
#1654 = PRESENTATION_LAYER_ASSIGNMENT (  '', '', ( #5311 ) ) ;
#1655 = DIRECTION ( 'NONE',  ( 0.06844477287628467077, 0.6512085141311780845, 0.7558060493201791408 ) ) ;
#1656 = VECTOR ( 'NONE', #4622, 39.37007874015748143 ) ;
#1657 = AXIS2_PLACEMENT_3D ( 'NONE', #3345, #8021, #2258 ) ;
#1658 = ORIENTED_EDGE ( 'NONE', *, *, #5783, .T. ) ;
#1659 = CARTESIAN_POINT ( 'NONE',  ( 0.2453562723632703446, 0.04500733388959483189, -0.03391963584349765720 ) ) ;
#1660 = STYLED_ITEM ( 'NONE', ( #3264 ), #5233 ) ;
#1661 = EDGE_CURVE ( 'NONE', #2899, #10661, #8917, .T. ) ;
#1662 = EDGE_LOOP ( 'NONE', ( #1370, #6804, #771, #1329, #6156, #4664, #3597, #11697 ) ) ;
#1663 = LENGTH_MEASURE_WITH_UNIT ( LENGTH_MEASURE( 0.02539999999999999897 ), #3570 );
#1664 = ORIENTED_EDGE ( 'NONE', *, *, #201, .T. ) ;
#1665 = EDGE_CURVE ( 'NONE', #3499, #10500, #6764, .T. ) ;
#1666 = AXIS2_PLACEMENT_3D ( 'NONE', #7377, #4697, #9499 ) ;
#1667 = LINE ( 'NONE', #10024, #581 ) ;
#1668 = CARTESIAN_POINT ( 'NONE',  ( 0.1933643507908075210, -0.007659296307098018355, -0.2878937010368048388 ) ) ;
#1669 = DIRECTION ( 'NONE',  ( -8.247014182617143564E-13, 6.985523270895014608E-13, -1.000000000000000000 ) ) ;
#1670 = ORIENTED_EDGE ( 'NONE', *, *, #2786, .T. ) ;
#1671 = AXIS2_PLACEMENT_3D ( 'NONE', #5993, #7947, #2434 ) ;
#1672 = CARTESIAN_POINT ( 'NONE',  ( 0.4696401291286643742, 0.03516481420483066889, -0.1272637797769618495 ) ) ;
#1673 = DIRECTION ( 'NONE',  ( -0.1045284632676950626, 0.9945218953682689600, -8.607386130680116915E-13 ) ) ;
#1674 = AXIS2_PLACEMENT_3D ( 'NONE', #9297, #1173, #6603 ) ;
#1675 = VECTOR ( 'NONE', #566, 39.37007874015748143 ) ;
#1676 =( GEOMETRIC_REPRESENTATION_CONTEXT ( 3 ) GLOBAL_UNCERTAINTY_ASSIGNED_CONTEXT ( ( #8885 ) ) GLOBAL_UNIT_ASSIGNED_CONTEXT ( ( #10959, #2777, #4706 ) ) REPRESENTATION_CONTEXT ( 'NONE', 'WORKASPACE' ) );
#1677 =( LENGTH_UNIT ( ) NAMED_UNIT ( * ) SI_UNIT ( $, .METRE. ) );
#1678 = ORIENTED_EDGE ( 'NONE', *, *, #4696, .F. ) ;
#1679 = VECTOR ( 'NONE', #80, 39.37007874015748143 ) ;
#1680 = ADVANCED_FACE ( 'NONE', ( #10569 ), #415, .F. ) ;
#1681 = ORIENTED_EDGE ( 'NONE', *, *, #9788, .T. ) ;
#1682 = FACE_OUTER_BOUND ( 'NONE', #7270, .T. ) ;
#1683 = VECTOR ( 'NONE', #10008, 39.37007874015748143 ) ;
#1684 = LINE ( 'NONE', #2563, #121 ) ;
#1685 = FACE_OUTER_BOUND ( 'NONE', #1456, .T. ) ;
#1686 = DIRECTION ( 'NONE',  ( -1.748601263784621946E-15, -0.0000000000000000000, -1.000000000000000000 ) ) ;
#1687 = CARTESIAN_POINT ( 'NONE',  ( 0.2313841284562230538, 0.03516481420601218905, -0.02726377977696224642 ) ) ;
#1688 = CARTESIAN_POINT ( 'NONE',  ( 0.2313841284563806500, 0.03516481420463422880, -0.08789370103625360198 ) ) ;
#1689 = ORIENTED_EDGE ( 'NONE', *, *, #233, .F. ) ;
#1690 = EDGE_CURVE ( 'NONE', #6002, #7003, #7898, .T. ) ;
#1691 = DIRECTION ( 'NONE',  ( -1.748601263784622143E-15, 0.0000000000000000000, 1.000000000000000000 ) ) ;
#1692 = DIRECTION ( 'NONE',  ( -8.234490263801784106E-12, 1.353889066150678860E-26, 1.000000000000000000 ) ) ;
#1693 = LINE ( 'NONE', #3356, #2145 ) ;
#1694 = DIRECTION ( 'NONE',  ( 0.1045284632676983655, 0.9945218953682685159, 1.827786029713617844E-16 ) ) ;
#1695 = FILL_AREA_STYLE_COLOUR ( '', #3092 ) ;
#1696 = CARTESIAN_POINT ( 'NONE',  ( 0.4254818849634279809, 0.1217789874329370386, -0.08316929158739508332 ) ) ;
#1697 = DIRECTION ( 'NONE',  ( 1.000000000000000000, -1.644517855226007801E-15, 1.748601263784621748E-15 ) ) ;
#1698 = DIRECTION ( 'NONE',  ( -1.000000000000000000, 1.644517855226007801E-15, -1.748601263784622143E-15 ) ) ;
#1699 = ORIENTED_EDGE ( 'NONE', *, *, #9491, .T. ) ;
#1700 = DIRECTION ( 'NONE',  ( 4.196190604145846758E-13, -6.871954312449809553E-28, -1.000000000000000000 ) ) ;
#1701 = ADVANCED_FACE ( 'NONE', ( #9614 ), #1497, .T. ) ;
#1702 = LINE ( 'NONE', #11739, #8993 ) ;
#1703 = EDGE_CURVE ( 'NONE', #2831, #2042, #4117, .T. ) ;
#1704 = VERTEX_POINT ( 'NONE', #598 ) ;
#1705 =( LENGTH_UNIT ( ) NAMED_UNIT ( * ) SI_UNIT ( $, .METRE. ) );
#1706 = CARTESIAN_POINT ( 'NONE',  ( 0.4998417493303337622, 0.02811385722240937468, -0.02726377977644824785 ) ) ;
#1707 = ORIENTED_EDGE ( 'NONE', *, *, #3245, .F. ) ;
#1708 = CARTESIAN_POINT ( 'NONE',  ( 0.2514430687595301528, 0.04500733388959482495, -0.03730122072145040241 ) ) ;
#1709 = ORIENTED_EDGE ( 'NONE', *, *, #4921, .F. ) ;
#1710 = FILL_AREA_STYLE_COLOUR ( '', #7016 ) ;
#1711 = LENGTH_MEASURE_WITH_UNIT ( LENGTH_MEASURE( 0.02539999999999999897 ), #2601 );
#1712 = FACE_OUTER_BOUND ( 'NONE', #1480, .T. ) ;
#1713 = VECTOR ( 'NONE', #8624, 39.37007874015748143 ) ;
#1714 = EDGE_CURVE ( 'NONE', #7039, #6779, #466, .T. ) ;
#1715 = DIRECTION ( 'NONE',  ( 0.06844477287628467077, 0.6512085141311780845, -0.7558060493201791408 ) ) ;
#1716 = ORIENTED_EDGE ( 'NONE', *, *, #11228, .F. ) ;
#1717 = SURFACE_SIDE_STYLE ('',( #10019 ) ) ;
#1718 = DIRECTION ( 'NONE',  ( 1.748601263784621946E-15, 0.0000000000000000000, -1.000000000000000000 ) ) ;
#1719 = ORIENTED_EDGE ( 'NONE', *, *, #4433, .T. ) ;
#1720 = DIRECTION ( 'NONE',  ( -1.644517855226007801E-15, -1.000000000000000000, -2.875605999964572744E-30 ) ) ;
#1721 = CARTESIAN_POINT ( 'NONE',  ( 0.5061831144100222835, -0.02488414520016216797, -0.1674212600913566884 ) ) ;
#1722 = COLOUR_RGB ( '',0.7607843137254901578, 0.7607843137254901578, 0.0000000000000000000 ) ;
#1723 = ORIENTED_EDGE ( 'NONE', *, *, #6022, .T. ) ;
#1724 = LINE ( 'NONE', #9108, #110 ) ;
#1725 = EDGE_CURVE ( 'NONE', #9879, #2729, #3483, .T. ) ;
#1726 = CIRCLE ( 'NONE', #11573, 0.007874015748031516770 ) ;
#1727 = ORIENTED_EDGE ( 'NONE', *, *, #7608, .T. ) ;
#1728 = ORIENTED_EDGE ( 'NONE', *, *, #10274, .F. ) ;
#1729 = CARTESIAN_POINT ( 'NONE',  ( 0.2685386460637524397, 0.04008607404707508620, -0.2272637797769621881 ) ) ;
#1730 = CARTESIAN_POINT ( 'NONE',  ( 0.3140612938105267204, 0.1021333181416025776, -0.1329724411934974648 ) ) ;
#1731 = CARTESIAN_POINT ( 'NONE',  ( 0.3928014512908299394, 0.1020939480628583473, -0.1821850396188912091 ) ) ;
#1732 = AXIS2_PLACEMENT_3D ( 'NONE', #3026, #11091, #2788 ) ;
#1733 = CARTESIAN_POINT ( 'NONE',  ( 0.2313841284562201672, 0.04240669873959744540, 0.01210629896319397221 ) ) ;
#1734 = CARTESIAN_POINT ( 'NONE',  ( 0.3928014512908299949, 0.1434325307400276528, -0.1791535435558992695 ) ) ;
#1735 = ORIENTED_EDGE ( 'NONE', *, *, #3098, .T. ) ;
#1736 = SPHERICAL_SURFACE ( 'NONE', #8762, 0.007874015748031495954 ) ;
#1737 = VECTOR ( 'NONE', #6937, 39.37007874015748854 ) ;
#1738 = APPLICATION_PROTOCOL_DEFINITION ( 'draft international standard', 'automotive_design', 1998, #5861 ) ;
#1739 = LINE ( 'NONE', #9014, #3502 ) ;
#1740 = EDGE_LOOP ( 'NONE', ( #6423, #28, #921, #3344 ) ) ;
#1741 = LINE ( 'NONE', #5428, #1242 ) ;
#1742 = FILL_AREA_STYLE ('',( #1695 ) ) ;
#1743 = CARTESIAN_POINT ( 'NONE',  ( 0.1585494827869413648, -0.02585880784268852761, -0.2674212600919230187 ) ) ;
#1744 = FILL_AREA_STYLE ('',( #7245 ) ) ;
#1745 = SURFACE_STYLE_FILL_AREA ( #7247 ) ;
#1746 = LINE ( 'NONE', #791, #5206 ) ;
#1747 = VECTOR ( 'NONE', #8634, 39.37007874015748143 ) ;
#1748 = MECHANICAL_DESIGN_GEOMETRIC_PRESENTATION_REPRESENTATION (  '', ( #6559 ), #8884 ) ;
#1749 = UNCERTAINTY_MEASURE_WITH_UNIT (LENGTH_MEASURE( 1.000000000000000082E-05 ), #10705, 'distance_accuracy_value', 'NONE');
#1750 =( NAMED_UNIT ( * ) PLANE_ANGLE_UNIT ( ) SI_UNIT ( $, .RADIAN. ) );
#1751 = B_SPLINE_CURVE_WITH_KNOTS ( 'NONE', 3,
 ( #6754, #5560, #7730, #6932, #1261, #608, #1435, #4003, #7969, #421, #5111, #11414, #8873 ),
 .UNSPECIFIED., .F., .F.,
 ( 4, 3, 3, 3, 4 ),
 ( -1.878211220322204252E-06, 0.0000000000000000000, 5.232092011448413000E-05, 0.0001048841986582708713, 0.0001536880156048159112 ),
 .UNSPECIFIED. ) ;
#1752 = DIMENSIONAL_EXPONENTS ( 1.000000000000000000, 0.0000000000000000000, 0.0000000000000000000, 0.0000000000000000000, 0.0000000000000000000, 0.0000000000000000000, 0.0000000000000000000 ) ;
#1753 = VERTEX_POINT ( 'NONE', #6984 ) ;
#1754 = DIRECTION ( 'NONE',  ( 1.644517855226007801E-15, 1.000000000000000000, 2.875605999964572744E-30 ) ) ;
#1755 = VECTOR ( 'NONE', #11735, 39.37007874015748854 ) ;
#1756 = COLOUR_RGB ( '',0.7607843137254901578, 0.7607843137254901578, 0.0000000000000000000 ) ;
#1757 = PRESENTATION_STYLE_ASSIGNMENT (( #8287 ) ) ;
#1758 = PLANE ( 'NONE',  #2710 ) ;
#1759 = VERTEX_POINT ( 'NONE', #1245 ) ;
#1760 = DIRECTION ( 'NONE',  ( -1.644517855226008392E-15, -1.000000000000000000, -6.123233995736766036E-17 ) ) ;
#1761 = FILL_AREA_STYLE_COLOUR ( '', #11586 ) ;
#1762 = DIRECTION ( 'NONE',  ( 1.927470528863118556E-15, 1.000000000000000000, 0.0000000000000000000 ) ) ;
#1763 = DIRECTION ( 'NONE',  ( -1.748601263784622143E-15, 0.0000000000000000000, 1.000000000000000000 ) ) ;
#1764 = ADVANCED_FACE ( 'NONE', ( #6870 ), #5944, .T. ) ;
#1765 = ORIENTED_EDGE ( 'NONE', *, *, #8629, .T. ) ;
#1766 = FILL_AREA_STYLE_COLOUR ( '', #5480 ) ;
#1767 = EDGE_CURVE ( 'NONE', #3221, #6044, #7045, .T. ) ;
#1768 = SURFACE_STYLE_FILL_AREA ( #8174 ) ;
#1769 = DIRECTION ( 'NONE',  ( 1.777675229241740150E-13, -1.000000000000000000, 3.108296855845006447E-28 ) ) ;
#1770 = AXIS2_PLACEMENT_3D ( 'NONE', #6872, #5946, #9677 ) ;
#1771 = MECHANICAL_DESIGN_GEOMETRIC_PRESENTATION_REPRESENTATION (  '', ( #9698 ), #2727 ) ;
#1772 = CARTESIAN_POINT ( 'NONE',  ( 0.4754786166453175977, 0.04500733388959445719, -0.02726377977696183702 ) ) ;
#1773 = ORIENTED_EDGE ( 'NONE', *, *, #4096, .F. ) ;
#1774 = LINE ( 'NONE', #930, #8009 ) ;
#1775 = VERTEX_POINT ( 'NONE', #1557 ) ;
#1776 = PRESENTATION_STYLE_ASSIGNMENT (( #932 ) ) ;
#1777 = ORIENTED_EDGE ( 'NONE', *, *, #4113, .T. ) ;
#1778 = MECHANICAL_DESIGN_GEOMETRIC_PRESENTATION_REPRESENTATION (  '', ( #3298 ), #8519 ) ;
#1779 = SURFACE_SIDE_STYLE ('',( #4290 ) ) ;
#1780 = FILL_AREA_STYLE_COLOUR ( '', #6863 ) ;
#1781 = AXIS2_PLACEMENT_3D ( 'NONE', #885, #2503, #8931 ) ;
#1782 = CARTESIAN_POINT ( 'NONE',  ( 0.1976409002969286566, -0.01405121771457830404, -0.03750000024940325360 ) ) ;
#1783 = CARTESIAN_POINT ( 'NONE',  ( 0.3140612938105271645, 0.1021333181416025637, -0.2329724411934975259 ) ) ;
#1784 = EDGE_CURVE ( 'NONE', #4705, #10999, #9712, .T. ) ;
#1785 = ORIENTED_EDGE ( 'NONE', *, *, #17, .T. ) ;
#1786 = SURFACE_STYLE_USAGE ( .BOTH. , #8921 ) ;
#1787 = LINE ( 'NONE', #11887, #2989 ) ;
#1788 =( NAMED_UNIT ( * ) SI_UNIT ( $, .STERADIAN. ) SOLID_ANGLE_UNIT ( ) );
#1789 = STYLED_ITEM ( 'NONE', ( #10457 ), #2912 ) ;
#1790 = STYLED_ITEM ( 'NONE', ( #7127 ), #2202 ) ;
#1791 = ORIENTED_EDGE ( 'NONE', *, *, #8958, .F. ) ;
#1792 = ORIENTED_EDGE ( 'NONE', *, *, #8372, .T. ) ;
#1793 = ORIENTED_EDGE ( 'NONE', *, *, #11105, .T. ) ;
#1794 = CARTESIAN_POINT ( 'NONE',  ( 0.4615064727377199971, 0.03516481420455506990, -0.2812378449691272930 ) ) ;
#1795 = SURFACE_STYLE_USAGE ( .BOTH. , #3645 ) ;
#1796 =( LENGTH_UNIT ( ) NAMED_UNIT ( * ) SI_UNIT ( $, .METRE. ) );
#1797 = ADVANCED_FACE ( 'NONE', ( #827 ), #8998, .T. ) ;
#1798 = EDGE_CURVE ( 'NONE', #170, #4155, #4372, .T. ) ;
#1799 = SURFACE_SIDE_STYLE ('',( #11967 ) ) ;
#1800 = DIRECTION ( 'NONE',  ( 2.263719875351747549E-12, -2.261913600165000621E-11, -1.000000000000000000 ) ) ;
#1801 = DIRECTION ( 'NONE',  ( -1.729787034331768344E-15, -0.9987523388778467570, 0.04993761694385234762 ) ) ;
#1802 = VERTEX_POINT ( 'NONE', #7171 ) ;
#1803 = CARTESIAN_POINT ( 'NONE',  ( 0.3140612938105262764, 0.1021333181416026054, -0.08218503961889105092 ) ) ;
#1804 = LINE ( 'NONE', #2819, #8050 ) ;
#1805 = ORIENTED_EDGE ( 'NONE', *, *, #1120, .F. ) ;
#1806 = FILL_AREA_STYLE_COLOUR ( '', #682 ) ;
#1807 = DIRECTION ( 'NONE',  ( -0.9945218953682686269, 0.1045284632676983516, -1.739022243102431967E-15 ) ) ;
#1808 = FILL_AREA_STYLE ('',( #10939 ) ) ;
#1809 = DIMENSIONAL_EXPONENTS ( 1.000000000000000000, 0.0000000000000000000, 0.0000000000000000000, 0.0000000000000000000, 0.0000000000000000000, 0.0000000000000000000, 0.0000000000000000000 ) ;
#1810 = EDGE_CURVE ( 'NONE', #5807, #10903, #10864, .T. ) ;
#1811 = CARTESIAN_POINT ( 'NONE',  ( 0.4615064727372467090, 0.04500733388959447800, -0.03391963584625313360 ) ) ;
#1812 = ORIENTED_EDGE ( 'NONE', *, *, #7099, .F. ) ;
#1813 = DIRECTION ( 'NONE',  ( -0.1045284632676950626, 0.9945218953682689600, -8.607386130680116915E-13 ) ) ;
#1814 =( CONVERSION_BASED_UNIT ( 'INCH', #8103 ) LENGTH_UNIT ( ) NAMED_UNIT ( #5009 ) );
#1815 = ORIENTED_EDGE ( 'NONE', *, *, #9692, .F. ) ;
#1816 = CARTESIAN_POINT ( 'NONE',  ( 0.4696401291258298638, 0.04500733388959445025, -0.1878937010365682170 ) ) ;
#1817 = EDGE_CURVE ( 'NONE', #3806, #4927, #5437, .T. ) ;
#1818 = LINE ( 'NONE', #3669, #3582 ) ;
#1819 = CARTESIAN_POINT ( 'NONE',  ( 0.2746912150703579303, 0.1217789874329372607, -0.2831692915873953997 ) ) ;
#1820 = SURFACE_SIDE_STYLE ('',( #8107 ) ) ;
#1821 = ORIENTED_EDGE ( 'NONE', *, *, #10524, .T. ) ;
#1822 = CARTESIAN_POINT ( 'NONE',  ( 0.3928014512908296063, 0.1434325307400276528, -0.07915354355589927782 ) ) ;
#1823 = VECTOR ( 'NONE', #7011, 39.37007874015748143 ) ;
#1824 = DIRECTION ( 'NONE',  ( 1.828542904681267652E-15, 0.04993761694386230493, -0.9987523388778462019 ) ) ;
#1825 = DIRECTION ( 'NONE',  ( -1.748601263784621946E-15, 0.0000000000000000000, 1.000000000000000000 ) ) ;
#1826 = VERTEX_POINT ( 'NONE', #4793 ) ;
#1827 =( CONVERSION_BASED_UNIT ( 'INCH', #7273 ) LENGTH_UNIT ( ) NAMED_UNIT ( #5670 ) );
#1828 = DIRECTION ( 'NONE',  ( 6.044810485495209289E-12, 1.000000000000000000, 1.023181539495001156E-11 ) ) ;
#1829 = MECHANICAL_DESIGN_GEOMETRIC_PRESENTATION_REPRESENTATION (  '', ( #7604 ), #3741 ) ;
#1830 =( GEOMETRIC_REPRESENTATION_CONTEXT ( 3 ) GLOBAL_UNCERTAINTY_ASSIGNED_CONTEXT ( ( #10498 ) ) GLOBAL_UNIT_ASSIGNED_CONTEXT ( ( #8492, #6737, #2930 ) ) REPRESENTATION_CONTEXT ( 'NONE', 'WORKASPACE' ) );
#1831 = ORIENTED_EDGE ( 'NONE', *, *, #7695, .F. ) ;
#1832 = EDGE_CURVE ( 'NONE', #7351, #9411, #6428, .T. ) ;
#1833 = VECTOR ( 'NONE', #6385, 39.37007874015748854 ) ;
#1834 = ORIENTED_EDGE ( 'NONE', *, *, #4175, .T. ) ;
#1835 = ORIENTED_EDGE ( 'NONE', *, *, #8960, .F. ) ;
#1836 = CIRCLE ( 'NONE', #8390, 0.005905511811023618496 ) ;
#1837 = CARTESIAN_POINT ( 'NONE',  ( 0.5225010356770475317, -0.02585880784268912436, -0.2674212600912223570 ) ) ;
#1838 = LENGTH_MEASURE_WITH_UNIT ( LENGTH_MEASURE( 0.02539999999999999897 ), #2789 );
#1839 = DIRECTION ( 'NONE',  ( -1.000000000000000000, 1.644517855226007801E-15, -8.234490263801784106E-12 ) ) ;
#1840 = AXIS2_PLACEMENT_3D ( 'NONE', #9826, #7983, #5191 ) ;
#1841 = ORIENTED_EDGE ( 'NONE', *, *, #8256, .F. ) ;
#1842 = AXIS2_PLACEMENT_3D ( 'NONE', #948, #9300, #4681 ) ;
#1843 = DIRECTION ( 'NONE',  ( 0.4273849607944149032, -7.028421990814850682E-16, 0.9040697402782356118 ) ) ;
#1844 = ORIENTED_EDGE ( 'NONE', *, *, #2175, .T. ) ;
#1845 = EDGE_CURVE ( 'NONE', #8966, #9411, #8713, .T. ) ;
#1846 = EDGE_CURVE ( 'NONE', #7260, #9533, #11168, .T. ) ;
#1847 = EDGE_LOOP ( 'NONE', ( #11864, #3396, #9814, #11594 ) ) ;
#1848 = ORIENTED_EDGE ( 'NONE', *, *, #11159, .T. ) ;
#1849 = DIRECTION ( 'NONE',  ( -0.9945218953682690710, -0.1045284632676950765, -8.189380864547705479E-12 ) ) ;
#1850 = CARTESIAN_POINT ( 'NONE',  ( 0.2313841284563815104, 0.03516481420463419411, -0.2878937010362536131 ) ) ;
#1851 =( GEOMETRIC_REPRESENTATION_CONTEXT ( 3 ) GLOBAL_UNCERTAINTY_ASSIGNED_CONTEXT ( ( #11347 ) ) GLOBAL_UNIT_ASSIGNED_CONTEXT ( ( #3275, #6178, #6971 ) ) REPRESENTATION_CONTEXT ( 'NONE', 'WORKASPACE' ) );
#1852 = PLANE ( 'NONE',  #1593 ) ;
#1853 = FACE_OUTER_BOUND ( 'NONE', #10314, .T. ) ;
#1854 = SURFACE_SIDE_STYLE ('',( #10147 ) ) ;
#1855 = DIRECTION ( 'NONE',  ( 7.515307820595736171E-13, -1.000000000000000000, 2.344791028037013343E-13 ) ) ;
#1856 = SURFACE_SIDE_STYLE ('',( #5296 ) ) ;
#1857 =( NAMED_UNIT ( * ) SI_UNIT ( $, .STERADIAN. ) SOLID_ANGLE_UNIT ( ) );
#1858 = STYLED_ITEM ( 'NONE', ( #3124 ), #6818 ) ;
#1859 = STYLED_ITEM ( 'NONE', ( #1757 ), #7530 ) ;
#1860 = ORIENTED_EDGE ( 'NONE', *, *, #7014, .F. ) ;
#1861 = MECHANICAL_DESIGN_GEOMETRIC_PRESENTATION_REPRESENTATION (  '', ( #9603 ), #7653 ) ;
#1862 = EDGE_CURVE ( 'NONE', #4090, #4557, #9482, .T. ) ;
#1863 = DIRECTION ( 'NONE',  ( 1.644517855226008195E-15, 1.000000000000000000, 2.890435660536364269E-30 ) ) ;
#1864 = AXIS2_PLACEMENT_3D ( 'NONE', #4140, #7980, #3368 ) ;
#1865 = DIMENSIONAL_EXPONENTS ( 1.000000000000000000, 0.0000000000000000000, 0.0000000000000000000, 0.0000000000000000000, 0.0000000000000000000, 0.0000000000000000000, 0.0000000000000000000 ) ;
#1866 = LINE ( 'NONE', #9991, #331 ) ;
#1867 = ORIENTED_EDGE ( 'NONE', *, *, #519, .T. ) ;
#1868 = CARTESIAN_POINT ( 'NONE',  ( 0.2148518768365311193, 0.04500733388959488740, -0.02726377977696224642 ) ) ;
#1869 = FILL_AREA_STYLE ('',( #2039 ) ) ;
#1870 = COLOUR_RGB ( '',0.7607843137254901578, 0.7607843137254901578, 0.0000000000000000000 ) ;
#1871 = CARTESIAN_POINT ( 'NONE',  ( 0.3140612938105271645, 0.1020939480628623997, -0.2329724411934975259 ) ) ;
#1872 = ORIENTED_EDGE ( 'NONE', *, *, #9260, .T. ) ;
#1873 = PRESENTATION_LAYER_ASSIGNMENT (  '', '', ( #8053 ) ) ;
#1874 = PLANE ( 'NONE',  #9804 ) ;
#1875 = EDGE_CURVE ( 'NONE', #1932, #6852, #3817, .T. ) ;
#1876 = VERTEX_POINT ( 'NONE', #37 ) ;
#1877 = LINE ( 'NONE', #1141, #10716 ) ;
#1878 = CARTESIAN_POINT ( 'NONE',  ( 0.5037097929778030503, -0.008688119764421362370, -0.1272637797764164524 ) ) ;
#1879 = LINE ( 'NONE', #6339, #10079 ) ;
#1880 = CARTESIAN_POINT ( 'NONE',  ( 0.3140612938105263319, 0.1020939480628585000, -0.03297244119349745928 ) ) ;
#1881 = ORIENTED_EDGE ( 'NONE', *, *, #1335, .T. ) ;
#1882 = CARTESIAN_POINT ( 'NONE',  ( 0.2461244040472866657, -0.004205264535602010016, -0.4075787404069424746 ) ) ;
#1883 = CARTESIAN_POINT ( 'NONE',  ( 0.2077620812121383220, 0.03516481420455548623, -0.2878937010368048388 ) ) ;
#1884 = DIRECTION ( 'NONE',  ( -0.05226423163383502740, -0.4972609476841255427, 0.8660254037844445918 ) ) ;
#1885 = DIRECTION ( 'NONE',  ( -1.000000000000000000, -3.408447766453399072E-14, -1.748601263784622143E-15 ) ) ;
#1886 = ORIENTED_EDGE ( 'NONE', *, *, #4969, .T. ) ;
#1887 = DIRECTION ( 'NONE',  ( 0.9947848906855175644, -0.1019952021607034437, 1.739482117046542862E-15 ) ) ;
#1888 =( NAMED_UNIT ( * ) SI_UNIT ( $, .STERADIAN. ) SOLID_ANGLE_UNIT ( ) );
#1889 = DIMENSIONAL_EXPONENTS ( 1.000000000000000000, 0.0000000000000000000, 0.0000000000000000000, 0.0000000000000000000, 0.0000000000000000000, 0.0000000000000000000, 0.0000000000000000000 ) ;
#1890 = SURFACE_SIDE_STYLE ('',( #5627 ) ) ;
#1891 = EDGE_CURVE ( 'NONE', #1407, #8773, #7521, .T. ) ;
#1892 = CYLINDRICAL_SURFACE ( 'NONE', #10918, 0.007874015748031509832 ) ;
#1893 = ORIENTED_EDGE ( 'NONE', *, *, #4748, .T. ) ;
#1894 = DIRECTION ( 'NONE',  ( 6.044810485495209289E-12, 1.000000000000000000, 1.023181539495001156E-11 ) ) ;
#1895 = ORIENTED_EDGE ( 'NONE', *, *, #8108, .T. ) ;
#1896 = FACE_OUTER_BOUND ( 'NONE', #11914, .T. ) ;
#1897 = ORIENTED_EDGE ( 'NONE', *, *, #8097, .T. ) ;
#1898 = PRESENTATION_STYLE_ASSIGNMENT (( #4545 ) ) ;
#1899 = DIRECTION ( 'NONE',  ( 8.234490263801784106E-12, -1.353889066150678860E-26, -1.000000000000000000 ) ) ;
#1900 = ORIENTED_EDGE ( 'NONE', *, *, #7528, .T. ) ;
#1901 =( NAMED_UNIT ( * ) SI_UNIT ( $, .STERADIAN. ) SOLID_ANGLE_UNIT ( ) );
#1902 = AXIS2_PLACEMENT_3D ( 'NONE', #8816, #4184, #7899 ) ;
#1903 = FILL_AREA_STYLE_COLOUR ( '', #11104 ) ;
#1904 = STYLED_ITEM ( 'NONE', ( #6611 ), #9052 ) ;
#1905 = ORIENTED_EDGE ( 'NONE', *, *, #8558, .T. ) ;
#1906 = ORIENTED_EDGE ( 'NONE', *, *, #4310, .T. ) ;
#1907 = AXIS2_PLACEMENT_3D ( 'NONE', #8198, #11774, #2685 ) ;
#1908 = VERTEX_POINT ( 'NONE', #5594 ) ;
#1909 = LINE ( 'NONE', #3588, #5875 ) ;
#1910 = FILL_AREA_STYLE ('',( #11102 ) ) ;
#1911 = LENGTH_MEASURE_WITH_UNIT ( LENGTH_MEASURE( 0.02539999999999999897 ), #11340 );
#1912 =( LENGTH_UNIT ( ) NAMED_UNIT ( * ) SI_UNIT ( $, .METRE. ) );
#1913 = LINE ( 'NONE', #3818, #9851 ) ;
#1914 = SURFACE_STYLE_USAGE ( .BOTH. , #1854 ) ;
#1915 = CARTESIAN_POINT ( 'NONE',  ( 0.2070209957706386772, 0.02811385722240981530, -0.2878937010368048388 ) ) ;
#1916 = ADVANCED_FACE ( 'NONE', ( #2023 ), #1852, .F. ) ;
#1917 = MECHANICAL_DESIGN_GEOMETRIC_PRESENTATION_REPRESENTATION (  '', ( #3634 ), #11969 ) ;
#1918 = LENGTH_MEASURE_WITH_UNIT ( LENGTH_MEASURE( 0.02539999999999999897 ), #11113 );
#1919 = VERTEX_POINT ( 'NONE', #11225 ) ;
#1920 = SURFACE_SIDE_STYLE ('',( #6504 ) ) ;
#1921 = DIRECTION ( 'NONE',  ( 2.002473881159522504E-11, 1.000000000000000000, 3.501529842257294026E-26 ) ) ;
#1922 = CARTESIAN_POINT ( 'NONE',  ( 0.4696401291264991618, 0.03516481420455507684, -0.1878937010365682170 ) ) ;
#1923 = LINE ( 'NONE', #5604, #11107 ) ;
#1924 = CIRCLE ( 'NONE', #3449, 0.007874015748031489015 ) ;
#1925 = DIRECTION ( 'NONE',  ( 1.644517855226008195E-15, 1.000000000000000000, -6.888556729901376831E-28 ) ) ;
#1926 = CARTESIAN_POINT ( 'NONE',  ( 0.3926470588251994576, 0.1020939480628583751, 0.01210629896398286200 ) ) ;
#1927 = ORIENTED_EDGE ( 'NONE', *, *, #4534, .T. ) ;
#1928 = ADVANCED_FACE ( 'NONE', ( #4623 ), #2925, .T. ) ;
#1929 = FACE_OUTER_BOUND ( 'NONE', #5502, .T. ) ;
#1930 = VECTOR ( 'NONE', #9833, 39.37007874015748143 ) ;
#1931 = CYLINDRICAL_SURFACE ( 'NONE', #1666, 0.007874015748027556397 ) ;
#1932 = VERTEX_POINT ( 'NONE', #8961 ) ;
#1933 = CARTESIAN_POINT ( 'NONE',  ( 0.5044156245189419518, 0.04500733388959437392, -1.079232283713576157 ) ) ;
#1934 = DIRECTION ( 'NONE',  ( 0.9578261432953980581, 0.2873483586517651123, -7.047314121155771721E-15 ) ) ;
#1935 = FILL_AREA_STYLE_COLOUR ( '', #1756 ) ;
#1936 = FILL_AREA_STYLE_COLOUR ( '', #8819 ) ;
#1937 = CYLINDRICAL_SURFACE ( 'NONE', #1385, 0.007874015748031495954 ) ;
#1938 = SURFACE_STYLE_USAGE ( .BOTH. , #4590 ) ;
#1939 = CARTESIAN_POINT ( 'NONE',  ( 0.2031529521231696944, -0.008688119764420883587, -0.2878937010368048388 ) ) ;
#1940 = SURFACE_SIDE_STYLE ('',( #9090 ) ) ;
#1941 = EDGE_CURVE ( 'NONE', #837, #10215, #10832, .T. ) ;
#1942 = VERTEX_POINT ( 'NONE', #2301 ) ;
#1943 = LENGTH_MEASURE_WITH_UNIT ( LENGTH_MEASURE( 0.02539999999999999897 ), #2720 );
#1944 = AXIS2_PLACEMENT_3D ( 'NONE', #1645, #3497, #11932 ) ;
#1945 = LENGTH_MEASURE_WITH_UNIT ( LENGTH_MEASURE( 0.02539999999999999897 ), #4597 );
#1946 = SURFACE_STYLE_USAGE ( .BOTH. , #74 ) ;
#1947 = VECTOR ( 'NONE', #4984, 39.37007874015748143 ) ;
#1948 = ORIENTED_EDGE ( 'NONE', *, *, #394, .T. ) ;
#1949 = CARTESIAN_POINT ( 'NONE',  ( 0.5050327824129664522, -0.02127552341817107173, -0.04706685266291878167 ) ) ;
#1950 = ORIENTED_EDGE ( 'NONE', *, *, #4621, .T. ) ;
#1951 = ORIENTED_EDGE ( 'NONE', *, *, #6265, .T. ) ;
#1952 = EDGE_CURVE ( 'NONE', #9956, #4380, #3042, .T. ) ;
#1953 = CYLINDRICAL_SURFACE ( 'NONE', #1732, 0.005905511811023620231 ) ;
#1954 = FACE_BOUND ( 'NONE', #7814, .T. ) ;
#1955 = SURFACE_STYLE_USAGE ( .BOTH. , #1106 ) ;
#1956 = ORIENTED_EDGE ( 'NONE', *, *, #10053, .F. ) ;
#1957 = SURFACE_STYLE_FILL_AREA ( #3802 ) ;
#1958 = CARTESIAN_POINT ( 'NONE',  ( 0.5225010356768849951, -0.03570132752772849083, -0.1477362207211436185 ) ) ;
#1959 = ORIENTED_EDGE ( 'NONE', *, *, #3962, .F. ) ;
#1960 = DIMENSIONAL_EXPONENTS ( 1.000000000000000000, 0.0000000000000000000, 0.0000000000000000000, 0.0000000000000000000, 0.0000000000000000000, 0.0000000000000000000, 0.0000000000000000000 ) ;
#1961 = AXIS2_PLACEMENT_3D ( 'NONE', #711, #9107, #10799 ) ;
#1962 = ORIENTED_EDGE ( 'NONE', *, *, #11823, .T. ) ;
#1963 = PRESENTATION_LAYER_ASSIGNMENT (  '', '', ( #7379 ) ) ;
#1964 = CARTESIAN_POINT ( 'NONE',  ( 0.1897048612523385136, -0.02376851717063274000, -0.06742132791485797028 ) ) ;
#1965 = ORIENTED_EDGE ( 'NONE', *, *, #11161, .T. ) ;
#1966 = DIRECTION ( 'NONE',  ( 0.9947848906855175644, -0.1019952021607034437, 1.739482117046542862E-15 ) ) ;
#1967 = DIRECTION ( 'NONE',  ( -1.000000000000000000, 2.433329250326600975E-14, -1.748601263784622143E-15 ) ) ;
#1968 = ADVANCED_FACE ( 'NONE', ( #7140 ), #5259, .T. ) ;
#1969 = EDGE_CURVE ( 'NONE', #3793, #117, #8524, .T. ) ;
#1970 = DIRECTION ( 'NONE',  ( 1.748601263784601238E-15, -1.263142004425999922E-14, -1.000000000000000000 ) ) ;
#1971 = FILL_AREA_STYLE_COLOUR ( '', #11561 ) ;
#1972 = DIRECTION ( 'NONE',  ( -1.748601263784622143E-15, 0.0000000000000000000, 1.000000000000000000 ) ) ;
#1973 = VECTOR ( 'NONE', #9152, 39.37007874015748143 ) ;
#1974 = DIRECTION ( 'NONE',  ( -0.5730959463349096783, -0.8184658334306108562, 0.04092329167148960056 ) ) ;
#1975 = ORIENTED_EDGE ( 'NONE', *, *, #7014, .T. ) ;
#1976 =( LENGTH_UNIT ( ) NAMED_UNIT ( * ) SI_UNIT ( $, .METRE. ) );
#1977 = ADVANCED_FACE ( 'NONE', ( #9658 ), #10445, .T. ) ;
#1978 = CIRCLE ( 'NONE', #51, 0.01771653543307087283 ) ;
#1979 = DIRECTION ( 'NONE',  ( 1.748601263784621748E-15, 0.0000000000000000000, -1.000000000000000000 ) ) ;
#1980 = CARTESIAN_POINT ( 'NONE',  ( 0.2313841284562625222, 0.04500733388959485964, -0.08789370103625360198 ) ) ;
#1981 = DIRECTION ( 'NONE',  ( -0.9945218953682690710, -0.1045284632676950765, -8.189380864547705479E-12 ) ) ;
#1982 = LENGTH_MEASURE_WITH_UNIT ( LENGTH_MEASURE( 0.02539999999999999897 ), #1248 );
#1983 = VERTEX_POINT ( 'NONE', #10010 ) ;
#1984 = DIRECTION ( 'NONE',  ( 1.644517855226008195E-15, 1.000000000000000000, 2.890435660536364269E-30 ) ) ;
#1985 = ORIENTED_EDGE ( 'NONE', *, *, #10202, .F. ) ;
#1986 = DIRECTION ( 'NONE',  ( 8.234490263801784106E-12, -1.353889066150678860E-26, -1.000000000000000000 ) ) ;
#1987 = ADVANCED_FACE ( 'NONE', ( #7385 ), #2656, .F. ) ;
#1988 =( NAMED_UNIT ( * ) SI_UNIT ( $, .STERADIAN. ) SOLID_ANGLE_UNIT ( ) );
#1989 = DIRECTION ( 'NONE',  ( -1.387778780775897222E-15, 0.0000000000000000000, -1.000000000000000000 ) ) ;
#1990 = SURFACE_SIDE_STYLE ('',( #7610 ) ) ;
#1991 = DIRECTION ( 'NONE',  ( 0.2761719275641929539, 0.9205747438996728649, 0.2761724231698924337 ) ) ;
#1992 =( NAMED_UNIT ( * ) PLANE_ANGLE_UNIT ( ) SI_UNIT ( $, .RADIAN. ) );
#1993 = LENGTH_MEASURE_WITH_UNIT ( LENGTH_MEASURE( 0.02539999999999999897 ), #3062 );
#1994 = ORIENTED_EDGE ( 'NONE', *, *, #1357, .T. ) ;
#1995 = DIRECTION ( 'NONE',  ( 1.644517855226008195E-15, 1.000000000000000000, 2.890435660536364269E-30 ) ) ;
#1996 = UNCERTAINTY_MEASURE_WITH_UNIT (LENGTH_MEASURE( 1.000000000000000082E-05 ), #8946, 'distance_accuracy_value', 'NONE');
#1997 = DIRECTION ( 'NONE',  ( 1.000000000000000000, -1.644517855226007801E-15, 1.748601263784622143E-15 ) ) ;
#1998 = ORIENTED_EDGE ( 'NONE', *, *, #1097, .T. ) ;
#1999 = DIRECTION ( 'NONE',  ( 6.573244032422477783E-11, -1.000000000000000000, -7.815970093358505746E-14 ) ) ;
#2000 = ADVANCED_FACE ( 'NONE', ( #2771 ), #9031, .F. ) ;
#2001 = PRESENTATION_LAYER_ASSIGNMENT (  '', '', ( #8962 ) ) ;
#2002 = ORIENTED_EDGE ( 'NONE', *, *, #892, .T. ) ;
#2003 = ORIENTED_EDGE ( 'NONE', *, *, #2234, .T. ) ;
#2004 = SURFACE_STYLE_FILL_AREA ( #7630 ) ;
#2005 = DIRECTION ( 'NONE',  ( 1.644517855226007801E-15, 1.000000000000000000, 2.875605999964572744E-30 ) ) ;
#2006 = DIRECTION ( 'NONE',  ( 1.000000000000000000, -1.644517855226007801E-15, 1.748601263784621748E-15 ) ) ;
#2007 = EDGE_LOOP ( 'NONE', ( #2229, #990, #662, #859 ) ) ;
#2008 = CARTESIAN_POINT ( 'NONE',  ( 0.4254818849634279254, 0.1217789874329370386, -0.03198818922499343381 ) ) ;
#2009 = CARTESIAN_POINT ( 'NONE',  ( 0.3928014512908296063, 0.1020939480628622886, -0.03297244119349760499 ) ) ;
#2010 =( GEOMETRIC_REPRESENTATION_CONTEXT ( 3 ) GLOBAL_UNCERTAINTY_ASSIGNED_CONTEXT ( ( #9796 ) ) GLOBAL_UNIT_ASSIGNED_CONTEXT ( ( #4381, #10933, #4441 ) ) REPRESENTATION_CONTEXT ( 'NONE', 'WORKASPACE' ) );
#2011 = DIRECTION ( 'NONE',  ( 8.234490263801784106E-12, -1.353889066150678860E-26, -1.000000000000000000 ) ) ;
#2012 = ORIENTED_EDGE ( 'NONE', *, *, #8087, .F. ) ;
#2013 = EDGE_CURVE ( 'NONE', #6032, #5106, #11930, .T. ) ;
#2014 =( GEOMETRIC_REPRESENTATION_CONTEXT ( 3 ) GLOBAL_UNCERTAINTY_ASSIGNED_CONTEXT ( ( #11553 ) ) GLOBAL_UNIT_ASSIGNED_CONTEXT ( ( #8145, #6250, #6317 ) ) REPRESENTATION_CONTEXT ( 'NONE', 'WORKASPACE' ) );
#2015 = ORIENTED_EDGE ( 'NONE', *, *, #11669, .F. ) ;
#2016 = DIRECTION ( 'NONE',  ( 1.000000000000000000, -1.644517855226007801E-15, 1.748601263784622143E-15 ) ) ;
#2017 = ORIENTED_EDGE ( 'NONE', *, *, #3218, .T. ) ;
#2018 = LINE ( 'NONE', #8542, #5707 ) ;
#2019 = CARTESIAN_POINT ( 'NONE',  ( 0.3140612938105271645, 0.1020939480628623997, -0.2329724411934975259 ) ) ;
#2020 = VECTOR ( 'NONE', #11569, 39.37007874015748143 ) ;
#2021 = CARTESIAN_POINT ( 'NONE',  ( 0.1843617094242562815, -0.01798479209465706288, -0.2477362207218442025 ) ) ;
#2022 = DIRECTION ( 'NONE',  ( -8.234490263801784106E-12, 1.353889066150678860E-26, 1.000000000000000000 ) ) ;
#2023 = FACE_OUTER_BOUND ( 'NONE', #1037, .T. ) ;
#2024 =( NAMED_UNIT ( * ) PLANE_ANGLE_UNIT ( ) SI_UNIT ( $, .RADIAN. ) );
#2025 = FACE_OUTER_BOUND ( 'NONE', #1148, .T. ) ;
#2026 = VECTOR ( 'NONE', #6261, 39.37007874015748143 ) ;
#2027 = DIRECTION ( 'NONE',  ( 0.2761719275641929539, 0.9205747438996728649, 0.2761724231698924337 ) ) ;
#2028 = AXIS2_PLACEMENT_3D ( 'NONE', #10929, #3649, #4438 ) ;
#2029 = VECTOR ( 'NONE', #2441, 39.37007874015748143 ) ;
#2030 = CIRCLE ( 'NONE', #1450, 0.007874015748031508097 ) ;
#2031 = CARTESIAN_POINT ( 'NONE',  ( 0.1896956577293318902, -0.02377696569319186909, -0.1674213949568116311 ) ) ;
#2032 = EDGE_CURVE ( 'NONE', #10845, #9693, #3726, .T. ) ;
#2033 = AXIS2_PLACEMENT_3D ( 'NONE', #5494, #3487, #11924 ) ;
#2034 = ORIENTED_EDGE ( 'NONE', *, *, #7596, .T. ) ;
#2035 = MECHANICAL_DESIGN_GEOMETRIC_PRESENTATION_REPRESENTATION (  '', ( #10720 ), #6463 ) ;
#2036 = CARTESIAN_POINT ( 'NONE',  ( 0.2443412753455935782, 0.03516481420455544460, -0.1317725596143638211 ) ) ;
#2037 = DIRECTION ( 'NONE',  ( 2.698884520361153650E-13, -4.467119842926643659E-28, 1.000000000000000000 ) ) ;
#2038 = PLANE ( 'NONE',  #11493 ) ;
#2039 = FILL_AREA_STYLE_COLOUR ( '', #7546 ) ;
#2040 = DIMENSIONAL_EXPONENTS ( 1.000000000000000000, 0.0000000000000000000, 0.0000000000000000000, 0.0000000000000000000, 0.0000000000000000000, 0.0000000000000000000, 0.0000000000000000000 ) ;
#2041 = VECTOR ( 'NONE', #1137, 39.37007874015748143 ) ;
#2042 = VERTEX_POINT ( 'NONE', #11141 ) ;
#2043 =( GEOMETRIC_REPRESENTATION_CONTEXT ( 3 ) GLOBAL_UNCERTAINTY_ASSIGNED_CONTEXT ( ( #4176 ) ) GLOBAL_UNIT_ASSIGNED_CONTEXT ( ( #10176, #10296, #7490 ) ) REPRESENTATION_CONTEXT ( 'NONE', 'WORKASPACE' ) );
#2044 = VECTOR ( 'NONE', #9356, 39.37007874015748143 ) ;
#2045 = EDGE_CURVE ( 'NONE', #322, #1051, #8110, .T. ) ;
#2046 =( GEOMETRIC_REPRESENTATION_CONTEXT ( 3 ) GLOBAL_UNCERTAINTY_ASSIGNED_CONTEXT ( ( #2335 ) ) GLOBAL_UNIT_ASSIGNED_CONTEXT ( ( #4580, #5436, #11922 ) ) REPRESENTATION_CONTEXT ( 'NONE', 'WORKASPACE' ) );
#2047 = ORIENTED_EDGE ( 'NONE', *, *, #11836, .T. ) ;
#2048 = CARTESIAN_POINT ( 'NONE',  ( 0.2368457864954272019, 0.03516481423631399178, -0.3272637797758070066 ) ) ;
#2049 = VECTOR ( 'NONE', #1669, 39.37007874015748143 ) ;
#2050 = SURFACE_STYLE_FILL_AREA ( #1263 ) ;
#2051 = CARTESIAN_POINT ( 'NONE',  ( 0.1905251482467720248, -0.03467250407036574084, -0.2878937010368048388 ) ) ;
#2052 = DIRECTION ( 'NONE',  ( 0.4273849608619142426, -7.028421991924840098E-16, -0.9040697402463262478 ) ) ;
#2053 = COLOUR_RGB ( '',0.7607843137254901578, 0.7607843137254901578, 0.0000000000000000000 ) ;
#2054 = MECHANICAL_DESIGN_GEOMETRIC_PRESENTATION_REPRESENTATION (  '', ( #11486 ), #7816 ) ;
#2055 = LINE ( 'NONE', #10360, #784 ) ;
#2056 = DIRECTION ( 'NONE',  ( -1.387778780775897222E-15, 0.0000000000000000000, -1.000000000000000000 ) ) ;
#2057 = FILL_AREA_STYLE_COLOUR ( '', #4107 ) ;
#2058 = EDGE_LOOP ( 'NONE', ( #1860, #7325, #782, #3192 ) ) ;
#2059 =( NAMED_UNIT ( * ) PLANE_ANGLE_UNIT ( ) SI_UNIT ( $, .RADIAN. ) );
#2060 = EDGE_CURVE ( 'NONE', #1227, #8911, #6341, .T. ) ;
#2061 = SURFACE_STYLE_FILL_AREA ( #4770 ) ;
#2062 = ADVANCED_FACE ( 'NONE', ( #10181 ), #11865, .F. ) ;
#2063 = ORIENTED_EDGE ( 'NONE', *, *, #3415, .F. ) ;
#2064 = LENGTH_MEASURE_WITH_UNIT ( LENGTH_MEASURE( 0.02539999999999999897 ), #10422 );
#2065 = EDGE_LOOP ( 'NONE', ( #931, #2974, #7494, #4462, #3789, #10743, #8516, #9389 ) ) ;
#2066 = LINE ( 'NONE', #11318, #7923 ) ;
#2067 = ORIENTED_EDGE ( 'NONE', *, *, #9490, .T. ) ;
#2068 = FILL_AREA_STYLE ('',( #2850 ) ) ;
#2069 = LINE ( 'NONE', #11438, #2159 ) ;
#2070 = VERTEX_POINT ( 'NONE', #5504 ) ;
#2071 =( LENGTH_UNIT ( ) NAMED_UNIT ( * ) SI_UNIT ( $, .METRE. ) );
#2072 =( LENGTH_UNIT ( ) NAMED_UNIT ( * ) SI_UNIT ( $, .METRE. ) );
#2073 = EDGE_CURVE ( 'NONE', #398, #4687, #9270, .T. ) ;
#2074 = SURFACE_STYLE_FILL_AREA ( #9595 ) ;
#2075 = ORIENTED_EDGE ( 'NONE', *, *, #6056, .T. ) ;
#2076 = ORIENTED_EDGE ( 'NONE', *, *, #3433, .F. ) ;
#2077 = FILL_AREA_STYLE ('',( #266 ) ) ;
#2078 = ORIENTED_EDGE ( 'NONE', *, *, #8558, .F. ) ;
#2079 = CARTESIAN_POINT ( 'NONE',  ( 0.3928014512908298839, 0.1060309559368544097, -0.1327755907997966167 ) ) ;
#2080 = CARTESIAN_POINT ( 'NONE',  ( 0.5037097929783018735, -0.008688119764421345023, -0.08789370103625893105 ) ) ;
#2081 = FACE_OUTER_BOUND ( 'NONE', #11770, .T. ) ;
#2082 = CIRCLE ( 'NONE', #11955, 0.007874015748031482076 ) ;
#2083 = EDGE_CURVE ( 'NONE', #7801, #8835, #802, .T. ) ;
#2084 = LINE ( 'NONE', #4749, #4301 ) ;
#2085 = PRESENTATION_LAYER_ASSIGNMENT (  '', '', ( #171 ) ) ;
#2086 = ORIENTED_EDGE ( 'NONE', *, *, #350, .F. ) ;
#2087 = DIRECTION ( 'NONE',  ( 0.05226423162670060241, -0.4972609476841257092, 0.8660254037848750253 ) ) ;
#2088 =( CONVERSION_BASED_UNIT ( 'INCH', #225 ) LENGTH_UNIT ( ) NAMED_UNIT ( #298 ) );
#2089 = LENGTH_MEASURE_WITH_UNIT ( LENGTH_MEASURE( 0.02539999999999999897 ), #1192 );
#2090 = ADVANCED_FACE ( 'NONE', ( #10234 ), #1937, .F. ) ;
#2091 = FILL_AREA_STYLE_COLOUR ( '', #998 ) ;
#2092 = COLOUR_RGB ( '',0.7607843137254901578, 0.7607843137254901578, 0.0000000000000000000 ) ;
#2093 = B_SPLINE_CURVE_WITH_KNOTS ( 'NONE', 3,
 ( #10394, #5775, #6853, #9484 ),
 .UNSPECIFIED., .F., .F.,
 ( 4, 4 ),
 ( 0.0000000000000000000, 0.0001438460554597932703 ),
 .UNSPECIFIED. ) ;
#2094 = CARTESIAN_POINT ( 'NONE',  ( 0.4536010832257908465, 0.03516481420455509072, -0.2781432499594028163 ) ) ;
#2095 = COLOUR_RGB ( '',0.7607843137254901578, 0.7607843137254901578, 0.0000000000000000000 ) ;
#2096 = ORIENTED_EDGE ( 'NONE', *, *, #8869, .F. ) ;
#2097 = DIRECTION ( 'NONE',  ( 1.000000000000000000, -1.644517855226007801E-15, 1.748601263784622143E-15 ) ) ;
#2098 = DIRECTION ( 'NONE',  ( 1.000000000000000000, 2.710505431213753985E-15, 8.234515500027385174E-12 ) ) ;
#2099 = SURFACE_STYLE_FILL_AREA ( #10232 ) ;
#2100 = ADVANCED_FACE ( 'NONE', ( #11190 ), #180, .F. ) ;
#2101 = CARTESIAN_POINT ( 'NONE',  ( 0.1843617094242558652, -0.01798479209465704554, -0.1477362207218441970 ) ) ;
#2102 = CARTESIAN_POINT ( 'NONE',  ( 0.3928014512908294953, 0.08634591656677388649, -0.03198818922499349626 ) ) ;
#2103 = VERTEX_POINT ( 'NONE', #2946 ) ;
#2104 = MECHANICAL_DESIGN_GEOMETRIC_PRESENTATION_REPRESENTATION (  '', ( #8882 ), #3832 ) ;
#2105 = DIMENSIONAL_EXPONENTS ( 1.000000000000000000, 0.0000000000000000000, 0.0000000000000000000, 0.0000000000000000000, 0.0000000000000000000, 0.0000000000000000000, 0.0000000000000000000 ) ;
#2106 = CARTESIAN_POINT ( 'NONE',  ( 0.3140612938105267204, 0.1060309559368545484, -0.1319881892249936406 ) ) ;
#2107 = EDGE_LOOP ( 'NONE', ( #10797, #6931, #1689, #8913 ) ) ;
#2108 = CARTESIAN_POINT ( 'NONE',  ( 9.811463401307921978E-16, 0.1020939480628628715, -0.2000000000000000111 ) ) ;
#2109 = VERTEX_POINT ( 'NONE', #7550 ) ;
#2110 = MECHANICAL_DESIGN_GEOMETRIC_PRESENTATION_REPRESENTATION (  '', ( #11204 ), #2883 ) ;
#2111 = CARTESIAN_POINT ( 'NONE',  ( 0.4754786166447405593, 0.04500733388959442249, -0.2272637797766489109 ) ) ;
#2112 = VERTEX_POINT ( 'NONE', #10516 ) ;
#2113 = ADVANCED_FACE ( 'NONE', ( #4702 ), #8404, .T. ) ;
#2114 = LINE ( 'NONE', #9582, #11386 ) ;
#2115 = VECTOR ( 'NONE', #3135, 39.37007874015748143 ) ;
#2116 = PLANE ( 'NONE',  #9146 ) ;
#2117 = ORIENTED_EDGE ( 'NONE', *, *, #146, .T. ) ;
#2118 = SURFACE_SIDE_STYLE ('',( #1957 ) ) ;
#2119 = SURFACE_STYLE_USAGE ( .BOTH. , #9644 ) ;
#2120 = FILL_AREA_STYLE_COLOUR ( '', #7628 ) ;
#2121 = COLOUR_RGB ( '',0.7607843137254901578, 0.7607843137254901578, 0.0000000000000000000 ) ;
#2122 = DIRECTION ( 'NONE',  ( 7.913884470697103077E-16, -6.123233995736896691E-17, 1.000000000000000000 ) ) ;
#2123 = EDGE_LOOP ( 'NONE', ( #8370, #6199, #8872, #2221 ) ) ;
#2124 = CARTESIAN_POINT ( 'NONE',  ( 0.5161749314448843551, -0.02272122477122808654, -0.04768270493186111542 ) ) ;
#2125 = ORIENTED_EDGE ( 'NONE', *, *, #2353, .F. ) ;
#2126 = ORIENTED_EDGE ( 'NONE', *, *, #1484, .T. ) ;
#2127 = LINE ( 'NONE', #5715, #6674 ) ;
#2128 = ADVANCED_FACE ( 'NONE', ( #10413 ), #5739, .T. ) ;
#2129 = PRESENTATION_LAYER_ASSIGNMENT (  '', '', ( #9113 ) ) ;
#2130 = CARTESIAN_POINT ( 'NONE',  ( 0.4920108682644405151, 0.04500733388959443637, -0.02726377977651272058 ) ) ;
#2131 = AXIS2_PLACEMENT_3D ( 'NONE', #8459, #1201, #11189 ) ;
#2132 = DIRECTION ( 'NONE',  ( 8.234490263801784106E-12, -1.353889066150678860E-26, -1.000000000000000000 ) ) ;
#2133 = CARTESIAN_POINT ( 'NONE',  ( 0.5134983943106640192, -0.007659296307098515354, -0.08789370103617834273 ) ) ;
#2134 = SURFACE_SIDE_STYLE ('',( #9605 ) ) ;
#2135 = UNCERTAINTY_MEASURE_WITH_UNIT (LENGTH_MEASURE( 1.000000000000000082E-05 ), #7411, 'distance_accuracy_value', 'NONE');
#2136 = CARTESIAN_POINT ( 'NONE',  ( 0.2532616618757514981, 0.04500733388959479025, -0.2781432499591669494 ) ) ;
#2137 = AXIS2_PLACEMENT_3D ( 'NONE', #1468, #7870, #2350 ) ;
#2138 = VECTOR ( 'NONE', #3828, 39.37007874015748854 ) ;
#2139 = VERTEX_POINT ( 'NONE', #8514 ) ;
#2140 = EDGE_CURVE ( 'NONE', #2152, #10423, #6960, .T. ) ;
#2141 = EDGE_CURVE ( 'NONE', #10111, #2524, #4068, .T. ) ;
#2142 = FILL_AREA_STYLE ('',( #3880 ) ) ;
#2143 = PRESENTATION_STYLE_ASSIGNMENT (( #3106 ) ) ;
#2144 =( LENGTH_UNIT ( ) NAMED_UNIT ( * ) SI_UNIT ( $, .METRE. ) );
#2145 = VECTOR ( 'NONE', #9873, 39.37007874015748854 ) ;
#2146 = LINE ( 'NONE', #9275, #6588 ) ;
#2147 = CARTESIAN_POINT ( 'NONE',  ( 0.2506952668933101203, 0.03516481420455543766, -0.1373012207214504010 ) ) ;
#2148 = DIRECTION ( 'NONE',  ( 2.698884520361153650E-13, -4.467119842926643659E-28, 1.000000000000000000 ) ) ;
#2149 = EDGE_CURVE ( 'NONE', #1908, #11816, #9625, .T. ) ;
#2150 = CIRCLE ( 'NONE', #8935, 0.007874015748031501158 ) ;
#2151 = AXIS2_PLACEMENT_3D ( 'NONE', #10818, #3660, #7308 ) ;
#2152 = VERTEX_POINT ( 'NONE', #1321 ) ;
#2153 = EDGE_CURVE ( 'NONE', #7003, #11564, #8829, .T. ) ;
#2154 = PLANE ( 'NONE',  #7813 ) ;
#2155 = LINE ( 'NONE', #10515, #722 ) ;
#2156 = CARTESIAN_POINT ( 'NONE',  ( 0.5047076986980296720, -0.01818255847635047093, -0.1437992128472743436 ) ) ;
#2157 = SURFACE_STYLE_USAGE ( .BOTH. , #1147 ) ;
#2158 = ORIENTED_EDGE ( 'NONE', *, *, #3681, .F. ) ;
#2159 = VECTOR ( 'NONE', #6827, 39.37007874015748143 ) ;
#2160 =( NAMED_UNIT ( * ) SI_UNIT ( $, .STERADIAN. ) SOLID_ANGLE_UNIT ( ) );
#2161 = EDGE_CURVE ( 'NONE', #7715, #1001, #3426, .T. ) ;
#2162 = LINE ( 'NONE', #6021, #317 ) ;
#2163 = FACE_OUTER_BOUND ( 'NONE', #11022, .T. ) ;
#2164 = EDGE_CURVE ( 'NONE', #9598, #9354, #483, .T. ) ;
#2165 = VERTEX_POINT ( 'NONE', #9820 ) ;
#2166 = CARTESIAN_POINT ( 'NONE',  ( 0.3140612938105263319, 0.1020939480628585000, -0.03297244119349745928 ) ) ;
#2167 = ORIENTED_EDGE ( 'NONE', *, *, #6806, .T. ) ;
#2168 = ORIENTED_EDGE ( 'NONE', *, *, #9325, .F. ) ;
#2169 = DIRECTION ( 'NONE',  ( 2.472333760372393539E-11, 9.216762533948997650E-11, -1.000000000000000000 ) ) ;
#2170 = LINE ( 'NONE', #2907, #10484 ) ;
#2171 = ORIENTED_EDGE ( 'NONE', *, *, #5441, .F. ) ;
#2172 = DIRECTION ( 'NONE',  ( -8.234490263801784106E-12, 1.353889066150678860E-26, 1.000000000000000000 ) ) ;
#2173 = LINE ( 'NONE', #7573, #11498 ) ;
#2174 = LENGTH_MEASURE_WITH_UNIT ( LENGTH_MEASURE( 0.02539999999999999897 ), #4159 );
#2175 = EDGE_CURVE ( 'NONE', #11540, #759, #1012, .T. ) ;
#2176 = CARTESIAN_POINT ( 'NONE',  ( 0.1843617094242562537, -0.03570132752772794266, -0.2477362207218442025 ) ) ;
#2177 = ORIENTED_EDGE ( 'NONE', *, *, #10806, .F. ) ;
#2178 = DIRECTION ( 'NONE',  ( -0.9040697402393879090, 1.084202172485500687E-15, 0.4273849608765915020 ) ) ;
#2179 = ORIENTED_EDGE ( 'NONE', *, *, #6377, .T. ) ;
#2180 = DIRECTION ( 'NONE',  ( 1.582776894139444281E-15, 0.0000000000000000000, -1.000000000000000000 ) ) ;
#2181 = ORIENTED_EDGE ( 'NONE', *, *, #11888, .T. ) ;
#2182 = DIRECTION ( 'NONE',  ( 0.0000000000000000000, -1.000000000000000000, 0.0000000000000000000 ) ) ;
#2183 = SURFACE_STYLE_FILL_AREA ( #10493 ) ;
#2184 = SURFACE_SIDE_STYLE ('',( #403 ) ) ;
#2185 = DIRECTION ( 'NONE',  ( -1.000000000000000000, 2.433329250326600975E-14, -1.748601263784622143E-15 ) ) ;
#2186 = DIRECTION ( 'NONE',  ( -1.000000000000000000, 1.644517855226007801E-15, 3.349940197328361899E-10 ) ) ;
#2187 =( NAMED_UNIT ( * ) PLANE_ANGLE_UNIT ( ) SI_UNIT ( $, .RADIAN. ) );
#2188 = EDGE_CURVE ( 'NONE', #6852, #2103, #9720, .T. ) ;
#2189 = EDGE_CURVE ( 'NONE', #5054, #4944, #3301, .T. ) ;
#2190 = ORIENTED_EDGE ( 'NONE', *, *, #8570, .T. ) ;
#2191 = VECTOR ( 'NONE', #6556, 39.37007874015748143 ) ;
#2192 = VECTOR ( 'NONE', #10124, 39.37007874015748143 ) ;
#2193 = ORIENTED_EDGE ( 'NONE', *, *, #1142, .F. ) ;
#2194 = DIRECTION ( 'NONE',  ( 0.05226423164096315188, -0.4972609476841257092, -0.8660254037840142693 ) ) ;
#2195 = AXIS2_PLACEMENT_3D ( 'NONE', #1018, #3775, #8215 ) ;
#2196 = CARTESIAN_POINT ( 'NONE',  ( 0.4561674782086254654, 0.04500733388959445025, -0.2313957089112138044 ) ) ;
#2197 = DIRECTION ( 'NONE',  ( -1.644517855226206988E-15, -1.000000000000000000, 1.136868377216000001E-13 ) ) ;
#2198 = CARTESIAN_POINT ( 'NONE',  ( 0.2148518768365311749, 0.02729079845652401456, -0.08789370103680475832 ) ) ;
#2199 = VECTOR ( 'NONE', #2832, 39.37007874015748143 ) ;
#2200 = VECTOR ( 'NONE', #910, 39.37007874015748143 ) ;
#2201 = DIRECTION ( 'NONE',  ( -1.748601263784621946E-15, 0.0000000000000000000, 1.000000000000000000 ) ) ;
#2202 = ADVANCED_FACE ( 'NONE', ( #10637 ), #11547, .T. ) ;
#2203 = VECTOR ( 'NONE', #8623, 39.37007874015748143 ) ;
#2204 = VECTOR ( 'NONE', #10087, 39.37007874015748143 ) ;
#2205 = MECHANICAL_DESIGN_GEOMETRIC_PRESENTATION_REPRESENTATION (  '', ( #1660 ), #4327 ) ;
#2206 = EDGE_CURVE ( 'NONE', #10724, #6321, #3876, .T. ) ;
#2207 = DIRECTION ( 'NONE',  ( 0.2761728437764086608, -0.9205744939126326853, 0.2761723402478091782 ) ) ;
#2208 = VECTOR ( 'NONE', #2987, 39.37007874015748143 ) ;
#2209 = DIMENSIONAL_EXPONENTS ( 1.000000000000000000, 0.0000000000000000000, 0.0000000000000000000, 0.0000000000000000000, 0.0000000000000000000, 0.0000000000000000000, 0.0000000000000000000 ) ;
#2210 = VERTEX_POINT ( 'NONE', #4986 ) ;
#2211 =( LENGTH_UNIT ( ) NAMED_UNIT ( * ) SI_UNIT ( $, .METRE. ) );
#2212 = AXIS2_PLACEMENT_3D ( 'NONE', #9192, #10874, #11783 ) ;
#2213 = CARTESIAN_POINT ( 'NONE',  ( 0.4561674782086246327, 0.03516481420455511153, -0.03139570891121379326 ) ) ;
#2214 = DIRECTION ( 'NONE',  ( 0.4273849607752874813, -7.028421990500299298E-16, 0.9040697402872777122 ) ) ;
#2215 = DIRECTION ( 'NONE',  ( 4.436729704083846065E-13, -7.267525157177840554E-28, 1.000000000000000000 ) ) ;
#2216 = VECTOR ( 'NONE', #7400, 39.37007874015748143 ) ;
#2217 = CARTESIAN_POINT ( 'NONE',  ( 0.5065489955218345219, -0.03570132752772845613, -0.1272637797763929990 ) ) ;
#2218 = VECTOR ( 'NONE', #11164, 39.37007874015748143 ) ;
#2219 = PRESENTATION_STYLE_ASSIGNMENT (( #2157 ) ) ;
#2220 = AXIS2_PLACEMENT_3D ( 'NONE', #2746, #8543, #8487 ) ;
#2221 = ORIENTED_EDGE ( 'NONE', *, *, #5143, .F. ) ;
#2222 = PRESENTATION_LAYER_ASSIGNMENT (  '', '', ( #3764 ) ) ;
#2223 = LINE ( 'NONE', #6703, #7463 ) ;
#2224 = CARTESIAN_POINT ( 'NONE',  ( 0.3928014512908298839, 0.1021333181416024388, -0.1360039372566872740 ) ) ;
#2225 = EDGE_CURVE ( 'NONE', #9857, #3806, #8531, .T. ) ;
#2226 = UNCERTAINTY_MEASURE_WITH_UNIT (LENGTH_MEASURE( 1.000000000000000082E-05 ), #6181, 'distance_accuracy_value', 'NONE');
#2227 = DIRECTION ( 'NONE',  ( -0.9040697402393879090, 1.084202172485500687E-15, 0.4273849608765915020 ) ) ;
#2228 = VECTOR ( 'NONE', #2552, 39.37007874015748143 ) ;
#2229 = ORIENTED_EDGE ( 'NONE', *, *, #9959, .F. ) ;
#2230 = CARTESIAN_POINT ( 'NONE',  ( 0.5134983943106649074, -0.007659296307098548313, -0.2878937010361783400 ) ) ;
#2231 = VECTOR ( 'NONE', #3060, 39.37007874015748143 ) ;
#2232 = VERTEX_POINT ( 'NONE', #8043 ) ;
#2233 = DIRECTION ( 'NONE',  ( -0.9945218953682685159, 0.1045284632676983655, -1.739022243102431967E-15 ) ) ;
#2234 = EDGE_CURVE ( 'NONE', #11263, #3864, #8691, .T. ) ;
#2235 = EDGE_LOOP ( 'NONE', ( #4698, #2803, #3747, #8392 ) ) ;
#2236 = DIRECTION ( 'NONE',  ( 0.6691306063588791098, 0.7431448254773753703, 5.512083844916310197E-12 ) ) ;
#2237 = LINE ( 'NONE', #5916, #8491 ) ;
#2238 = CARTESIAN_POINT ( 'NONE',  ( 0.1585494827869405321, -0.02585880784268849639, -0.04773622072184426079 ) ) ;
#2239 = ORIENTED_EDGE ( 'NONE', *, *, #10274, .T. ) ;
#2240 = CARTESIAN_POINT ( 'NONE',  ( 0.4144549945979169037, 0.1060309559368543542, -0.2327755907997965668 ) ) ;
#2241 = FILL_AREA_STYLE ('',( #332 ) ) ;
#2242 = EDGE_CURVE ( 'NONE', #11798, #9879, #4388, .T. ) ;
#2243 = DIMENSIONAL_EXPONENTS ( 1.000000000000000000, 0.0000000000000000000, 0.0000000000000000000, 0.0000000000000000000, 0.0000000000000000000, 0.0000000000000000000, 0.0000000000000000000 ) ;
#2244 = CARTESIAN_POINT ( 'NONE',  ( 0.4998417493303342063, 0.02811385722240935386, -0.1272637797764482603 ) ) ;
#2245 = ORIENTED_EDGE ( 'NONE', *, *, #9858, .F. ) ;
#2246 = ORIENTED_EDGE ( 'NONE', *, *, #3082, .F. ) ;
#2247 = CARTESIAN_POINT ( 'NONE',  ( 0.2372226159726412154, 0.04500733388959481801, -0.2272637797769622714 ) ) ;
#2248 = ORIENTED_EDGE ( 'NONE', *, *, #4792, .F. ) ;
#2249 = FACE_OUTER_BOUND ( 'NONE', #503, .T. ) ;
#2250 = CARTESIAN_POINT ( 'NONE',  ( 0.2313841284562265788, 0.03516481424090340396, 0.006644643619571839570 ) ) ;
#2251 = CARTESIAN_POINT ( 'NONE',  ( 0.4991006638888351166, 0.03516481420455501439, -0.2272637797764543444 ) ) ;
#2252 = CARTESIAN_POINT ( 'NONE',  ( 0.1585494827869414203, -0.02585880784268852761, -0.2878937010368048943 ) ) ;
#2253 = ORIENTED_EDGE ( 'NONE', *, *, #9993, .F. ) ;
#2254 = CARTESIAN_POINT ( 'NONE',  ( 0.3140612938105271645, 0.1021333181416025637, -0.2329724411934975259 ) ) ;
#2255 = UNCERTAINTY_MEASURE_WITH_UNIT (LENGTH_MEASURE( 1.000000000000000082E-05 ), #3743, 'distance_accuracy_value', 'NONE');
#2256 = ORIENTED_EDGE ( 'NONE', *, *, #10620, .T. ) ;
#2257 = ORIENTED_EDGE ( 'NONE', *, *, #9189, .F. ) ;
#2258 = DIRECTION ( 'NONE',  ( 1.644517855226008195E-15, 1.000000000000000000, 0.0000000000000000000 ) ) ;
#2259 = DIRECTION ( 'NONE',  ( 1.748601263784622143E-15, 0.0000000000000000000, -1.000000000000000000 ) ) ;
#2260 = CARTESIAN_POINT ( 'NONE',  ( 0.2006796306912835559, -0.02488414520015491682, -0.1674212600919229299 ) ) ;
#2261 = FACE_OUTER_BOUND ( 'NONE', #8338, .T. ) ;
#2262 = EDGE_CURVE ( 'NONE', #11372, #2297, #8937, .T. ) ;
#2263 = DIRECTION ( 'NONE',  ( -8.234490263801784106E-12, 1.353889066150678860E-26, 1.000000000000000000 ) ) ;
#2264 = CARTESIAN_POINT ( 'NONE',  ( 0.5037097929778026062, -0.008688119764421345023, -0.02726377977641642608 ) ) ;
#2265 = MECHANICAL_DESIGN_GEOMETRIC_PRESENTATION_REPRESENTATION (  '', ( #555 ), #162 ) ;
#2266 = DIRECTION ( 'NONE',  ( 1.000000000000000000, -1.734723475977064460E-15, 0.0000000000000000000 ) ) ;
#2267 = AXIS2_PLACEMENT_3D ( 'NONE', #8489, #158, #6680 ) ;
#2268 = ORIENTED_EDGE ( 'NONE', *, *, #9975, .T. ) ;
#2269 =( CONVERSION_BASED_UNIT ( 'INCH', #1371 ) LENGTH_UNIT ( ) NAMED_UNIT ( #3842 ) );
#2270 = DIRECTION ( 'NONE',  ( 1.748601263784621748E-15, 0.0000000000000000000, -1.000000000000000000 ) ) ;
#2271 = DIRECTION ( 'NONE',  ( 1.644517855226008195E-15, 1.000000000000000000, 2.890435660536364269E-30 ) ) ;
#2272 = PRESENTATION_LAYER_ASSIGNMENT (  '', '', ( #8279 ) ) ;
#2273 = CARTESIAN_POINT ( 'NONE',  ( 0.4561674782086246882, 0.03516481420455511153, -0.07785626009207995135 ) ) ;
#2274 = CARTESIAN_POINT ( 'NONE',  ( 0.2148518768365310916, 0.03516481420455551399, -0.02726377977696224642 ) ) ;
#2275 = EDGE_CURVE ( 'NONE', #1156, #8441, #7391, .T. ) ;
#2276 =( CONVERSION_BASED_UNIT ( 'INCH', #10579 ) LENGTH_UNIT ( ) NAMED_UNIT ( #1573 ) );
#2277 = LINE ( 'NONE', #3061, #1747 ) ;
#2278 = VERTEX_POINT ( 'NONE', #1811 ) ;
#2279 = CARTESIAN_POINT ( 'NONE',  ( 0.2031529521231691948, -0.008688119764420866240, -0.1272637797769623214 ) ) ;
#2280 = AXIS2_PLACEMENT_3D ( 'NONE', #2021, #5717, #9848 ) ;
#2281 = ORIENTED_EDGE ( 'NONE', *, *, #11489, .F. ) ;
#2282 = FILL_AREA_STYLE ('',( #8761 ) ) ;
#2283 = ORIENTED_EDGE ( 'NONE', *, *, #8494, .T. ) ;
#2284 = DIRECTION ( 'NONE',  ( -1.000000000000000000, 1.734723475977064460E-15, 1.503638049432454012E-14 ) ) ;
#2285 = DIRECTION ( 'NONE',  ( 0.0000000000000000000, 1.000000000000000000, 0.0000000000000000000 ) ) ;
#2286 = ORIENTED_EDGE ( 'NONE', *, *, #1305, .T. ) ;
#2287 = EDGE_CURVE ( 'NONE', #10872, #7643, #5489, .T. ) ;
#2288 = ORIENTED_EDGE ( 'NONE', *, *, #9119, .T. ) ;
#2289 = DIRECTION ( 'NONE',  ( 0.6691306063588791098, 0.7431448254773753703, 5.512083844916310197E-12 ) ) ;
#2290 = CARTESIAN_POINT ( 'NONE',  ( 0.2506952668928380534, 0.03516481420455542378, -0.2313957089104267950 ) ) ;
#2291 = ORIENTED_EDGE ( 'NONE', *, *, #5487, .F. ) ;
#2292 = PRESENTATION_STYLE_ASSIGNMENT (( #5005 ) ) ;
#2293 =( CONVERSION_BASED_UNIT ( 'INCH', #6659 ) LENGTH_UNIT ( ) NAMED_UNIT ( #10322 ) );
#2294 = DIRECTION ( 'NONE',  ( -1.503638049432454012E-14, 6.123233995739238622E-17, -1.000000000000000000 ) ) ;
#2295 = MECHANICAL_DESIGN_GEOMETRIC_PRESENTATION_REPRESENTATION (  '', ( #10813 ), #7527 ) ;
#2296 = VERTEX_POINT ( 'NONE', #4638 ) ;
#2297 = VERTEX_POINT ( 'NONE', #2701 ) ;
#2298 = VERTEX_POINT ( 'NONE', #6207 ) ;
#2299 = CARTESIAN_POINT ( 'NONE',  ( 0.1933643507908069936, -0.007659296307098001876, -0.1272637797769623214 ) ) ;
#2300 = CARTESIAN_POINT ( 'NONE',  ( 0.4920108682637900910, 0.02729079845652354619, -0.04822661442218195010 ) ) ;
#2301 = CARTESIAN_POINT ( 'NONE',  ( 0.4754786166453176532, 0.04500733388959445719, -0.08789370103648942723 ) ) ;
#2302 = ORIENTED_EDGE ( 'NONE', *, *, #4474, .T. ) ;
#2303 = SURFACE_STYLE_FILL_AREA ( #10668 ) ;
#2304 = CARTESIAN_POINT ( 'NONE',  ( 0.2372226159751995300, 0.03516481420455547929, -0.08789370103625360198 ) ) ;
#2305 = LINE ( 'NONE', #11275, #2208 ) ;
#2306 = VECTOR ( 'NONE', #2233, 39.37007874015748143 ) ;
#2307 = FILL_AREA_STYLE ('',( #4106 ) ) ;
#2308 = VERTEX_POINT ( 'NONE', #6389 ) ;
#2309 = EDGE_CURVE ( 'NONE', #1409, #11611, #4825, .T. ) ;
#2310 = EDGE_CURVE ( 'NONE', #4910, #9841, #11031, .T. ) ;
#2311 = DIMENSIONAL_EXPONENTS ( 1.000000000000000000, 0.0000000000000000000, 0.0000000000000000000, 0.0000000000000000000, 0.0000000000000000000, 0.0000000000000000000, 0.0000000000000000000 ) ;
#2312 = ORIENTED_EDGE ( 'NONE', *, *, #10895, .F. ) ;
#2313 = DIRECTION ( 'NONE',  ( 8.234490263801784106E-12, -1.353889066150678573E-26, -1.000000000000000000 ) ) ;
#2314 = CARTESIAN_POINT ( 'NONE',  ( 0.3928014512908302724, 0.1060309559368543958, -0.2327755907997966223 ) ) ;
#2315 = CARTESIAN_POINT ( 'NONE',  ( 0.2031529521231693058, -0.008688119764420866240, -0.1878937010368048610 ) ) ;
#2316 = DIRECTION ( 'NONE',  ( 1.644517855226008195E-15, 1.000000000000000000, 2.890435660536364269E-30 ) ) ;
#2317 = DIRECTION ( 'NONE',  ( -0.9945218953682686269, 0.1045284632676983516, -1.739022243102431967E-15 ) ) ;
#2318 = VECTOR ( 'NONE', #286, 39.37007874015748143 ) ;
#2319 =( NAMED_UNIT ( * ) PLANE_ANGLE_UNIT ( ) SI_UNIT ( $, .RADIAN. ) );
#2320 = ORIENTED_EDGE ( 'NONE', *, *, #11034, .T. ) ;
#2321 = ADVANCED_FACE ( 'NONE', ( #10104 ), #7187, .F. ) ;
#2322 = FACE_OUTER_BOUND ( 'NONE', #4035, .T. ) ;
#2323 = ORIENTED_EDGE ( 'NONE', *, *, #5837, .F. ) ;
#2324 = DIRECTION ( 'NONE',  ( -0.3079484342811873998, 0.0000000000000000000, -0.9514030490931618678 ) ) ;
#2325 = STYLED_ITEM ( 'NONE', ( #5067 ), #2714 ) ;
#2326 = STYLED_ITEM ( 'NONE', ( #7441 ), #1987 ) ;
#2327 = CARTESIAN_POINT ( 'NONE',  ( 0.4754786166452386609, 0.03769413415677509011, 0.009278752882893157375 ) ) ;
#2328 = CARTESIAN_POINT ( 'NONE',  ( 0.4653510425003174467, 0.001406173138374004891, -0.005563233702158661836 ) ) ;
#2329 = LINE ( 'NONE', #3300, #528 ) ;
#2330 = SURFACE_SIDE_STYLE ('',( #1508 ) ) ;
#2331 = EDGE_LOOP ( 'NONE', ( #11941, #4486, #1422, #3144, #11025, #10127, #1699, #5883 ) ) ;
#2332 = PLANE ( 'NONE',  #1864 ) ;
#2333 = DIRECTION ( 'NONE',  ( -0.2873474124831008614, -0.9578264271459973056, -5.024560486131912112E-16 ) ) ;
#2334 = PRESENTATION_LAYER_ASSIGNMENT (  '', '', ( #6009 ) ) ;
#2335 = UNCERTAINTY_MEASURE_WITH_UNIT (LENGTH_MEASURE( 1.000000000000000082E-05 ), #4580, 'distance_accuracy_value', 'NONE');
#2336 = AXIS2_PLACEMENT_3D ( 'NONE', #2217, #3363, #2459 ) ;
#2337 = EDGE_CURVE ( 'NONE', #5438, #1170, #11062, .T. ) ;
#2338 = FACE_OUTER_BOUND ( 'NONE', #3382, .T. ) ;
#2339 = EDGE_CURVE ( 'NONE', #4138, #1348, #8219, .T. ) ;
#2340 = ORIENTED_EDGE ( 'NONE', *, *, #3098, .F. ) ;
#2341 = CARTESIAN_POINT ( 'NONE',  ( 0.4754786166447402262, 0.03516481420455506990, -0.1272637797766489332 ) ) ;
#2342 = ORIENTED_EDGE ( 'NONE', *, *, #4527, .F. ) ;
#2343 = LINE ( 'NONE', #4150, #6557 ) ;
#2344 =( NAMED_UNIT ( * ) SI_UNIT ( $, .STERADIAN. ) SOLID_ANGLE_UNIT ( ) );
#2345 = ORIENTED_EDGE ( 'NONE', *, *, #3417, .F. ) ;
#2346 =( GEOMETRIC_REPRESENTATION_CONTEXT ( 3 ) GLOBAL_UNCERTAINTY_ASSIGNED_CONTEXT ( ( #7074 ) ) GLOBAL_UNIT_ASSIGNED_CONTEXT ( ( #7457, #6356, #11879 ) ) REPRESENTATION_CONTEXT ( 'NONE', 'WORKASPACE' ) );
#2347 = SURFACE_STYLE_FILL_AREA ( #9765 ) ;
#2348 = ORIENTED_EDGE ( 'NONE', *, *, #1845, .F. ) ;
#2349 = DIRECTION ( 'NONE',  ( 1.000000000000000000, -1.582776894139425349E-15, -1.503638049432454012E-14 ) ) ;
#2350 = DIRECTION ( 'NONE',  ( -1.644517855226008392E-15, -1.000000000000000000, 0.0000000000000000000 ) ) ;
#2351 = CARTESIAN_POINT ( 'NONE',  ( 0.2813808601379166330, 0.1217789874329412020, -0.1831692915873953942 ) ) ;
#2352 =( CONVERSION_BASED_UNIT ( 'INCH', #3386 ) LENGTH_UNIT ( ) NAMED_UNIT ( #4871 ) );
#2353 = EDGE_CURVE ( 'NONE', #4877, #5092, #2578, .T. ) ;
#2354 = CARTESIAN_POINT ( 'NONE',  ( 0.4696401291286647628, 0.03516481420483065501, -0.2272637797769618828 ) ) ;
#2355 = ORIENTED_EDGE ( 'NONE', *, *, #3273, .F. ) ;
#2356 = EDGE_CURVE ( 'NONE', #11754, #7940, #11980, .T. ) ;
#2357 = ORIENTED_EDGE ( 'NONE', *, *, #11688, .F. ) ;
#2358 = CARTESIAN_POINT ( 'NONE',  ( 0.4561674782013420693, 0.04500733388959445025, -0.2778562600921587467 ) ) ;
#2359 = ORIENTED_EDGE ( 'NONE', *, *, #4187, .F. ) ;
#2360 = DIRECTION ( 'NONE',  ( 1.748601263784621748E-15, 0.0000000000000000000, -1.000000000000000000 ) ) ;
#2361 = DIRECTION ( 'NONE',  ( 1.000000000000000000, -1.644517855226007801E-15, 1.748601263784621748E-15 ) ) ;
#2362 = CARTESIAN_POINT ( 'NONE',  ( 0.2746912150703570421, 0.1020939480628467594, -0.03297244119349752867 ) ) ;
#2363 = FILL_AREA_STYLE ('',( #527 ) ) ;
#2364 = ORIENTED_EDGE ( 'NONE', *, *, #9847, .F. ) ;
#2365 = SURFACE_STYLE_FILL_AREA ( #9911 ) ;
#2366 = CARTESIAN_POINT ( 'NONE',  ( 0.4615064727374049713, 0.04500733388959444331, -0.2339196358458595359 ) ) ;
#2367 = UNCERTAINTY_MEASURE_WITH_UNIT (LENGTH_MEASURE( 1.000000000000000082E-05 ), #11106, 'distance_accuracy_value', 'NONE');
#2368 = EDGE_CURVE ( 'NONE', #1260, #2112, #9538, .T. ) ;
#2369 = ORIENTED_EDGE ( 'NONE', *, *, #11760, .T. ) ;
#2370 = VERTEX_POINT ( 'NONE', #55 ) ;
#2371 = CARTESIAN_POINT ( 'NONE',  ( 0.2506952668935070183, 0.04500733388959481107, -0.1778562600915291614 ) ) ;
#2372 = VECTOR ( 'NONE', #9151, 39.37007874015748143 ) ;
#2373 = DIRECTION ( 'NONE',  ( 8.234490263801784106E-12, -1.353889066150678860E-26, -1.000000000000000000 ) ) ;
#2374 = SURFACE_STYLE_USAGE ( .BOTH. , #5037 ) ;
#2375 = CARTESIAN_POINT ( 'NONE',  ( 0.2443412753444523522, 0.04500733388959479719, -0.2833849212010567387 ) ) ;
#2376 = FILL_AREA_STYLE ('',( #9863 ) ) ;
#2377 = CIRCLE ( 'NONE', #2966, 0.007874015748031516770 ) ;
#2378 = VECTOR ( 'NONE', #578, 39.37007874015748143 ) ;
#2379 = STYLED_ITEM ( 'NONE', ( #4177 ), #9917 ) ;
#2380 = EDGE_LOOP ( 'NONE', ( #8010, #5711, #3844, #1277 ) ) ;
#2381 = DIRECTION ( 'NONE',  ( 0.3079484342924094231, -7.228014483236711347E-16, -0.9514030490895295511 ) ) ;
#2382 = CIRCLE ( 'NONE', #2592, 0.007874015748031495954 ) ;
#2383 = ORIENTED_EDGE ( 'NONE', *, *, #7836, .T. ) ;
#2384 = CARTESIAN_POINT ( 'NONE',  ( 0.4144549945979165151, 0.1060309559368543680, -0.1319881892249934463 ) ) ;
#2385 = STYLED_ITEM ( 'NONE', ( #2219 ), #3874 ) ;
#2386 = PLANE ( 'NONE',  #6636 ) ;
#2387 = DIRECTION ( 'NONE',  ( 0.9945218953682690710, 0.1045284632676950765, 8.189380864547705479E-12 ) ) ;
#2388 = DIRECTION ( 'NONE',  ( -1.644517855226008195E-15, -1.000000000000000000, -2.890435660536364269E-30 ) ) ;
#2389 = LENGTH_MEASURE_WITH_UNIT ( LENGTH_MEASURE( 0.02539999999999999897 ), #5247 );
#2390 = DIMENSIONAL_EXPONENTS ( 1.000000000000000000, 0.0000000000000000000, 0.0000000000000000000, 0.0000000000000000000, 0.0000000000000000000, 0.0000000000000000000, 0.0000000000000000000 ) ;
#2391 = VECTOR ( 'NONE', #7815, 39.37007874015748143 ) ;
#2392 = VECTOR ( 'NONE', #5813, 39.37007874015748143 ) ;
#2393 = CARTESIAN_POINT ( 'NONE',  ( 0.1585494827869413648, -0.02585880784268852761, -0.2674212600919230187 ) ) ;
#2394 = EDGE_CURVE ( 'NONE', #1098, #10417, #3716, .T. ) ;
#2395 = ORIENTED_EDGE ( 'NONE', *, *, #4187, .T. ) ;
#2396 = DIRECTION ( 'NONE',  ( 1.644517855226008195E-15, 1.000000000000000000, 2.890435660536364269E-30 ) ) ;
#2397 = SURFACE_STYLE_FILL_AREA ( #4011 ) ;
#2398 = VECTOR ( 'NONE', #3526, 39.37007874015748143 ) ;
#2399 = EDGE_CURVE ( 'NONE', #7569, #6126, #9019, .T. ) ;
#2400 = CIRCLE ( 'NONE', #3931, 0.005905511811023620231 ) ;
#2401 = CARTESIAN_POINT ( 'NONE',  ( 0.5483132623142003004, -0.02585880784268915905, -0.2477362207209310163 ) ) ;
#2402 = VECTOR ( 'NONE', #6762, 39.37007874015748143 ) ;
#2403 = EDGE_LOOP ( 'NONE', ( #21, #2782, #9457, #10710 ) ) ;
#2404 = DIRECTION ( 'NONE',  ( 1.600365673315232923E-12, 1.000000000000000000, -3.637978807091997295E-12 ) ) ;
#2405 = AXIS2_PLACEMENT_3D ( 'NONE', #10025, #1720, #864 ) ;
#2406 = ORIENTED_EDGE ( 'NONE', *, *, #1187, .F. ) ;
#2407 =( GEOMETRIC_REPRESENTATION_CONTEXT ( 3 ) GLOBAL_UNCERTAINTY_ASSIGNED_CONTEXT ( ( #2705 ) ) GLOBAL_UNIT_ASSIGNED_CONTEXT ( ( #8497, #5782, #3285 ) ) REPRESENTATION_CONTEXT ( 'NONE', 'WORKASPACE' ) );
#2408 = DIRECTION ( 'NONE',  ( 1.644517855226007801E-15, 1.000000000000000000, 2.875605999964572744E-30 ) ) ;
#2409 = LENGTH_MEASURE_WITH_UNIT ( LENGTH_MEASURE( 0.02539999999999999897 ), #1391 );
#2410 = CARTESIAN_POINT ( 'NONE',  ( 0.2070209957706385384, 0.02811385722240981530, -0.2272637797769623269 ) ) ;
#2411 = MECHANICAL_DESIGN_GEOMETRIC_PRESENTATION_REPRESENTATION (  '', ( #887 ), #9803 ) ;
#2412 = ORIENTED_EDGE ( 'NONE', *, *, #6490, .T. ) ;
#2413 = AXIS2_PLACEMENT_3D ( 'NONE', #4615, #10972, #11954 ) ;
#2414 = CARTESIAN_POINT ( 'NONE',  ( 0.2313841284561837519, 0.1020939480628586249, 0.01210629896398258791 ) ) ;
#2415 =( CONVERSION_BASED_UNIT ( 'INCH', #507 ) LENGTH_UNIT ( ) NAMED_UNIT ( #8037 ) );
#2416 = DIRECTION ( 'NONE',  ( 1.748601263784621946E-15, 0.0000000000000000000, -1.000000000000000000 ) ) ;
#2417 = EDGE_CURVE ( 'NONE', #6321, #5905, #10943, .T. ) ;
#2418 = EDGE_LOOP ( 'NONE', ( #5016, #6663, #3186, #1950 ) ) ;
#2419 = DIRECTION ( 'NONE',  ( -1.503638049432454012E-14, 6.123233995739238622E-17, -1.000000000000000000 ) ) ;
#2420 = DIRECTION ( 'NONE',  ( -0.6691306063588781106, 0.7431448254773763695, -1.084202172485503842E-15 ) ) ;
#2421 = CIRCLE ( 'NONE', #3753, 0.01771653543307087283 ) ;
#2422 =( NAMED_UNIT ( * ) SI_UNIT ( $, .STERADIAN. ) SOLID_ANGLE_UNIT ( ) );
#2423 =( NAMED_UNIT ( * ) SI_UNIT ( $, .STERADIAN. ) SOLID_ANGLE_UNIT ( ) );
#2424 = COLOUR_RGB ( '',0.7607843137254901578, 0.7607843137254901578, 0.0000000000000000000 ) ;
#2425 = STYLED_ITEM ( 'NONE', ( #8376 ), #5530 ) ;
#2426 = DIRECTION ( 'NONE',  ( 1.582776894139444281E-15, 0.0000000000000000000, -1.000000000000000000 ) ) ;
#2427 = ORIENTED_EDGE ( 'NONE', *, *, #829, .F. ) ;
#2428 = LINE ( 'NONE', #6965, #2378 ) ;
#2429 = ORIENTED_EDGE ( 'NONE', *, *, #9091, .F. ) ;
#2430 = LINE ( 'NONE', #7819, #11842 ) ;
#2431 = ORIENTED_EDGE ( 'NONE', *, *, #2580, .F. ) ;
#2432 = AXIS2_PLACEMENT_3D ( 'NONE', #898, #5425, #4572 ) ;
#2433 = CARTESIAN_POINT ( 'NONE',  ( 0.2514430687598456782, 0.03516481420455543766, -0.1837617719025922414 ) ) ;
#2434 = DIRECTION ( 'NONE',  ( 1.644517855226007801E-15, 1.000000000000000000, 2.890435660536363919E-30 ) ) ;
#2435 = FILL_AREA_STYLE ('',( #11883 ) ) ;
#2436 = AXIS2_PLACEMENT_3D ( 'NONE', #7196, #2834, #3725 ) ;
#2437 = ADVANCED_FACE ( 'NONE', ( #5375 ), #9076, .T. ) ;
#2438 = VERTEX_POINT ( 'NONE', #8556 ) ;
#2439 =( NAMED_UNIT ( * ) PLANE_ANGLE_UNIT ( ) SI_UNIT ( $, .RADIAN. ) );
#2440 = SURFACE_STYLE_FILL_AREA ( #6307 ) ;
#2441 = DIRECTION ( 'NONE',  ( -1.644517855226008392E-15, -1.000000000000000000, -6.123233995736766036E-17 ) ) ;
#2442 = DIRECTION ( 'NONE',  ( -1.748601263784621946E-15, 0.0000000000000000000, 1.000000000000000000 ) ) ;
#2443 = ORIENTED_EDGE ( 'NONE', *, *, #6683, .F. ) ;
#2444 = ORIENTED_EDGE ( 'NONE', *, *, #7415, .F. ) ;
#2445 = SURFACE_STYLE_USAGE ( .BOTH. , #10619 ) ;
#2446 = CARTESIAN_POINT ( 'NONE',  ( 0.2313841284562629386, 0.04500733388959484577, -0.1878937010362536630 ) ) ;
#2447 = EDGE_CURVE ( 'NONE', #1199, #5199, #229, .T. ) ;
#2448 = CARTESIAN_POINT ( 'NONE',  ( 0.4536010832257899583, 0.04500733388959449188, -0.03701423085452092837 ) ) ;
#2449 =( NAMED_UNIT ( * ) SI_UNIT ( $, .STERADIAN. ) SOLID_ANGLE_UNIT ( ) );
#2450 = ORIENTED_EDGE ( 'NONE', *, *, #3160, .T. ) ;
#2451 = VERTEX_POINT ( 'NONE', #8450 ) ;
#2452 = CARTESIAN_POINT ( 'NONE',  ( 0.3928014512908299949, 0.1434325307400276528, -0.1791535435558992695 ) ) ;
#2453 = DIRECTION ( 'NONE',  ( -1.000000000000000000, 2.290257463050552884E-10, 1.899046197220153931E-13 ) ) ;
#2454 = EDGE_CURVE ( 'NONE', #3801, #10215, #221, .T. ) ;
#2455 = CARTESIAN_POINT ( 'NONE',  ( 0.4754786166450025164, 0.03516481420311536044, 0.004564358673763484371 ) ) ;
#2456 = DIRECTION ( 'NONE',  ( 1.000000000000000000, -1.644517855226007801E-15, 1.748601263784622143E-15 ) ) ;
#2457 = CARTESIAN_POINT ( 'NONE',  ( 0.2024471205824045772, 0.03516481420455551399, -0.1272637797769623214 ) ) ;
#2458 = LENGTH_MEASURE_WITH_UNIT ( LENGTH_MEASURE( 0.02539999999999999897 ), #10763 );
#2459 = DIRECTION ( 'NONE',  ( -0.1045284632676950626, 0.9945218953682689600, -8.607386130680116915E-13 ) ) ;
#2460 = CARTESIAN_POINT ( 'NONE',  ( 0.4920108682649401710, 0.03516481420455504908, -0.1878937010363552484 ) ) ;
#2461 = VECTOR ( 'NONE', #8275, 39.37007874015748143 ) ;
#2462 = ORIENTED_EDGE ( 'NONE', *, *, #3978, .F. ) ;
#2463 = UNCERTAINTY_MEASURE_WITH_UNIT (LENGTH_MEASURE( 1.000000000000000082E-05 ), #5430, 'distance_accuracy_value', 'NONE');
#2464 = VECTOR ( 'NONE', #10749, 39.37007874015748854 ) ;
#2465 = AXIS2_PLACEMENT_3D ( 'NONE', #5078, #6048, #6972 ) ;
#2466 = ORIENTED_EDGE ( 'NONE', *, *, #3719, .T. ) ;
#2467 = DIRECTION ( 'NONE',  ( -1.000000000000000000, 1.138412281109781707E-14, 0.0000000000000000000 ) ) ;
#2468 = EDGE_CURVE ( 'NONE', #6794, #398, #2936, .T. ) ;
#2469 = ADVANCED_FACE ( 'NONE', ( #11354 ), #169, .F. ) ;
#2470 = ORIENTED_EDGE ( 'NONE', *, *, #4836, .F. ) ;
#2471 = CARTESIAN_POINT ( 'NONE',  ( 0.5162468380955175240, -0.02281331161264294957, -0.2674632254931907371 ) ) ;
#2472 = CARTESIAN_POINT ( 'NONE',  ( 0.1896577093114369950, -0.02375406862796414220, -0.1477362207218441970 ) ) ;
#2473 = EDGE_LOOP ( 'NONE', ( #4050, #1959, #3446, #1900, #2624, #2312, #3071, #1225 ) ) ;
#2474 =( GEOMETRIC_REPRESENTATION_CONTEXT ( 3 ) GLOBAL_UNCERTAINTY_ASSIGNED_CONTEXT ( ( #2367 ) ) GLOBAL_UNIT_ASSIGNED_CONTEXT ( ( #11106, #8199, #5659 ) ) REPRESENTATION_CONTEXT ( 'NONE', 'WORKASPACE' ) );
#2475 = ORIENTED_EDGE ( 'NONE', *, *, #2855, .F. ) ;
#2476 = DIRECTION ( 'NONE',  ( -0.9945218953682686269, 0.1045284632676983516, -1.739022243102431967E-15 ) ) ;
#2477 = CARTESIAN_POINT ( 'NONE',  ( 0.5048815532788064608, -0.01983667431789505262, -0.1693440471046126772 ) ) ;
#2478 = LINE ( 'NONE', #2351, #6078 ) ;
#2479 = VECTOR ( 'NONE', #11534, 39.37007874015748143 ) ;
#2480 = LINE ( 'NONE', #1594, #9581 ) ;
#2481 = LINE ( 'NONE', #6836, #8395 ) ;
#2482 = VERTEX_POINT ( 'NONE', #10627 ) ;
#2483 = CARTESIAN_POINT ( 'NONE',  ( 0.5158907604264444391, -0.02226315452805445114, -0.1675838586428816668 ) ) ;
#2484 = ADVANCED_FACE ( 'NONE', ( #98 ), #4746, .F. ) ;
#2485 = VERTEX_POINT ( 'NONE', #1064 ) ;
#2486 = VECTOR ( 'NONE', #10793, 39.37007874015748143 ) ;
#2487 = DIRECTION ( 'NONE',  ( -1.644517855226007801E-15, -1.000000000000000000, 6.888556729901404633E-28 ) ) ;
#2488 = VERTEX_POINT ( 'NONE', #2813 ) ;
#2489 = FACE_OUTER_BOUND ( 'NONE', #10566, .T. ) ;
#2490 = SURFACE_STYLE_USAGE ( .BOTH. , #762 ) ;
#2491 = ORIENTED_EDGE ( 'NONE', *, *, #6234, .F. ) ;
#2492 = FILL_AREA_STYLE_COLOUR ( '', #373 ) ;
#2493 = CARTESIAN_POINT ( 'NONE',  ( 0.2443412753461451925, 0.04500733388959479719, -0.2317725596159386781 ) ) ;
#2494 = ADVANCED_FACE ( 'NONE', ( #7525 ), #3872, .T. ) ;
#2495 = UNCERTAINTY_MEASURE_WITH_UNIT (LENGTH_MEASURE( 1.000000000000000082E-05 ), #4334, 'distance_accuracy_value', 'NONE');
#2496 = DIRECTION ( 'NONE',  ( -0.9945218953682685159, 0.1045284632676983655, -1.739022243102431967E-15 ) ) ;
#2497 = ORIENTED_EDGE ( 'NONE', *, *, #3082, .T. ) ;
#2498 = EDGE_CURVE ( 'NONE', #3256, #8509, #8856, .T. ) ;
#2499 = ORIENTED_EDGE ( 'NONE', *, *, #3719, .F. ) ;
#2500 = PLANE ( 'NONE',  #515 ) ;
#2501 =( NAMED_UNIT ( * ) SI_UNIT ( $, .STERADIAN. ) SOLID_ANGLE_UNIT ( ) );
#2502 = AXIS2_PLACEMENT_3D ( 'NONE', #7081, #2408, #6099 ) ;
#2503 = DIRECTION ( 'NONE',  ( 8.234490263801784106E-12, -1.353889066150678860E-26, -1.000000000000000000 ) ) ;
#2504 = CARTESIAN_POINT ( 'NONE',  ( 0.4920108682649405596, 0.04500733388959440168, -0.2878937010363552540 ) ) ;
#2505 = CARTESIAN_POINT ( 'NONE',  ( 0.2148518768365315912, 0.02729079845652399722, -0.1878937010368047777 ) ) ;
#2506 = CARTESIAN_POINT ( 'NONE',  ( 0.1843617094242562815, -0.02585880784268856231, -0.2477362207218442025 ) ) ;
#2507 = AXIS2_PLACEMENT_3D ( 'NONE', #2290, #3318, #4081 ) ;
#2508 =( LENGTH_UNIT ( ) NAMED_UNIT ( * ) SI_UNIT ( $, .METRE. ) );
#2509 = CIRCLE ( 'NONE', #4822, 0.007874015748027556397 ) ;
#2510 =( CONVERSION_BASED_UNIT ( 'INCH', #5103 ) LENGTH_UNIT ( ) NAMED_UNIT ( #10163 ) );
#2511 = VERTEX_POINT ( 'NONE', #4102 ) ;
#2512 = ADVANCED_FACE ( 'NONE', ( #5153 ), #9791, .F. ) ;
#2513 = LINE ( 'NONE', #9989, #5320 ) ;
#2514 = EDGE_CURVE ( 'NONE', #2308, #8891, #5826, .T. ) ;
#2515 =( NAMED_UNIT ( * ) SI_UNIT ( $, .STERADIAN. ) SOLID_ANGLE_UNIT ( ) );
#2516 = DIRECTION ( 'NONE',  ( -1.387778780775897222E-15, 0.0000000000000000000, -1.000000000000000000 ) ) ;
#2517 = CARTESIAN_POINT ( 'NONE',  ( 0.5225010356770469766, -0.03570132752772849083, -0.1674212600912223792 ) ) ;
#2518 = SURFACE_STYLE_USAGE ( .BOTH. , #3657 ) ;
#2519 = FACE_OUTER_BOUND ( 'NONE', #3958, .T. ) ;
#2520 = PLANE ( 'NONE',  #7071 ) ;
#2521 = STYLED_ITEM ( 'NONE', ( #9317 ), #2469 ) ;
#2522 = DIRECTION ( 'NONE',  ( 1.748601263784622143E-15, 0.0000000000000000000, -1.000000000000000000 ) ) ;
#2523 = SURFACE_STYLE_USAGE ( .BOTH. , #3365 ) ;
#2524 = VERTEX_POINT ( 'NONE', #4904 ) ;
#2525 = LINE ( 'NONE', #6093, #7073 ) ;
#2526 = EDGE_CURVE ( 'NONE', #6138, #8384, #2911, .T. ) ;
#2527 = EDGE_CURVE ( 'NONE', #10246, #4877, #7742, .T. ) ;
#2528 = CARTESIAN_POINT ( 'NONE',  ( 0.5061831144098573043, -0.02488414520015543724, -0.1477362207212779832 ) ) ;
#2529 = AXIS2_PLACEMENT_3D ( 'NONE', #10483, #2172, #3030 ) ;
#2530 = MECHANICAL_DESIGN_GEOMETRIC_PRESENTATION_REPRESENTATION (  '', ( #9510 ), #4254 ) ;
#2531 = ORIENTED_EDGE ( 'NONE', *, *, #3095, .F. ) ;
#2532 = LINE ( 'NONE', #2712, #5224 ) ;
#2533 = SURFACE_STYLE_FILL_AREA ( #1521 ) ;
#2534 = ORIENTED_EDGE ( 'NONE', *, *, #5323, .T. ) ;
#2535 = CARTESIAN_POINT ( 'NONE',  ( 0.5171578838488023466, -0.02376851717063332287, -0.2477361528982525429 ) ) ;
#2536 =( LENGTH_UNIT ( ) NAMED_UNIT ( * ) SI_UNIT ( $, .METRE. ) );
#2537 = FILL_AREA_STYLE_COLOUR ( '', #7346 ) ;
#2538 = CARTESIAN_POINT ( 'NONE',  ( 0.2443412753461443876, 0.04500733388959483189, -0.03177255961593866002 ) ) ;
#2539 = ORIENTED_EDGE ( 'NONE', *, *, #6490, .F. ) ;
#2540 = FACE_OUTER_BOUND ( 'NONE', #2331, .T. ) ;
#2541 =( NAMED_UNIT ( * ) SI_UNIT ( $, .STERADIAN. ) SOLID_ANGLE_UNIT ( ) );
#2542 = VECTOR ( 'NONE', #7647, 39.37007874015748143 ) ;
#2543 = DIRECTION ( 'NONE',  ( 0.09052430460833847670, 0.8612812260087805427, 0.4999999999999888978 ) ) ;
#2544 = EDGE_CURVE ( 'NONE', #150, #4570, #7167, .T. ) ;
#2545 = CARTESIAN_POINT ( 'NONE',  ( 0.1585494827869405321, -0.03570132752772788021, -0.06742126009192302150 ) ) ;
#2546 = ORIENTED_EDGE ( 'NONE', *, *, #5608, .F. ) ;
#2547 = DIRECTION ( 'NONE',  ( 0.9578261432953980581, 0.2873483586517651123, 8.673617379884026006E-15 ) ) ;
#2548 = AXIS2_PLACEMENT_3D ( 'NONE', #11950, #9166, #9288 ) ;
#2549 = ORIENTED_EDGE ( 'NONE', *, *, #10462, .T. ) ;
#2550 = ORIENTED_EDGE ( 'NONE', *, *, #100, .F. ) ;
#2551 = DIRECTION ( 'NONE',  ( -0.1045284632676950626, 0.9945218953682689600, -8.607386130680116915E-13 ) ) ;
#2552 = DIRECTION ( 'NONE',  ( 2.521108322106260382E-13, 1.000000000000000000, 4.408561494778652430E-28 ) ) ;
#2553 = ORIENTED_EDGE ( 'NONE', *, *, #4753, .T. ) ;
#2554 = CARTESIAN_POINT ( 'NONE',  ( 0.3928014512908295508, 0.1434325307400276528, -0.03600393725668725453 ) ) ;
#2555 = CARTESIAN_POINT ( 'NONE',  ( 0.3928014512908302724, 0.1021333181416024249, -0.2360039372566872795 ) ) ;
#2556 = LINE ( 'NONE', #11707, #3557 ) ;
#2557 = EDGE_CURVE ( 'NONE', #8136, #2278, #10732, .T. ) ;
#2558 = STYLED_ITEM ( 'NONE', ( #9467 ), #3640 ) ;
#2559 = LINE ( 'NONE', #5531, #3350 ) ;
#2560 = ORIENTED_EDGE ( 'NONE', *, *, #2045, .T. ) ;
#2561 = EDGE_LOOP ( 'NONE', ( #3552, #8809, #8527, #3508, #10453, #9801 ) ) ;
#2562 = LINE ( 'NONE', #5358, #9977 ) ;
#2563 = CARTESIAN_POINT ( 'NONE',  ( 0.3140612938105263319, 0.1020939480628624274, -0.03297244119349746622 ) ) ;
#2564 = DIRECTION ( 'NONE',  ( 1.000000000000000000, -1.644517855226007801E-15, -2.328659752956362145E-10 ) ) ;
#2565 = CARTESIAN_POINT ( 'NONE',  ( 0.4615064727377199971, 0.03516481420455506990, -0.2812378449691272930 ) ) ;
#2566 = FACE_BOUND ( 'NONE', #10593, .T. ) ;
#2567 = ADVANCED_FACE ( 'NONE', ( #6051 ), #4044, .F. ) ;
#2568 = EDGE_CURVE ( 'NONE', #7968, #7715, #1185, .T. ) ;
#2569 = CARTESIAN_POINT ( 'NONE',  ( 0.2313841284562328238, 0.03516481420455545848, -0.2878937010368047833 ) ) ;
#2570 = VERTEX_POINT ( 'NONE', #766 ) ;
#2571 = SURFACE_STYLE_USAGE ( .BOTH. , #7179 ) ;
#2572 = MECHANICAL_DESIGN_GEOMETRIC_PRESENTATION_REPRESENTATION (  '', ( #9360 ), #6238 ) ;
#2573 = LINE ( 'NONE', #50, #903 ) ;
#2574 = CARTESIAN_POINT ( 'NONE',  ( 0.2514430687583495416, 0.03516481420455543766, -0.1778562600915291614 ) ) ;
#2575 = PLANE ( 'NONE',  #4114 ) ;
#2576 =( LENGTH_UNIT ( ) NAMED_UNIT ( * ) SI_UNIT ( $, .METRE. ) );
#2577 = PLANE ( 'NONE',  #5376 ) ;
#2578 = LINE ( 'NONE', #8158, #6380 ) ;
#2579 =( NAMED_UNIT ( * ) PLANE_ANGLE_UNIT ( ) SI_UNIT ( $, .RADIAN. ) );
#2580 = EDGE_CURVE ( 'NONE', #749, #805, #8011, .T. ) ;
#2581 = EDGE_LOOP ( 'NONE', ( #792, #3270, #10970, #11115 ) ) ;
#2582 = MECHANICAL_DESIGN_GEOMETRIC_PRESENTATION_REPRESENTATION (  '', ( #8566 ), #6052 ) ;
#2583 = FILL_AREA_STYLE_COLOUR ( '', #7239 ) ;
#2584 = EDGE_CURVE ( 'NONE', #2659, #9135, #2726, .T. ) ;
#2585 = UNCERTAINTY_MEASURE_WITH_UNIT (LENGTH_MEASURE( 1.000000000000000082E-05 ), #7359, 'distance_accuracy_value', 'NONE');
#2586 = FILL_AREA_STYLE_COLOUR ( '', #102 ) ;
#2587 = VERTEX_POINT ( 'NONE', #11706 ) ;
#2588 = CARTESIAN_POINT ( 'NONE',  ( 0.2514430687598452341, 0.03516481420455545848, -0.08376177190259220806 ) ) ;
#2589 = AXIS2_PLACEMENT_3D ( 'NONE', #9715, #10783, #8908 ) ;
#2590 = LINE ( 'NONE', #3432, #7937 ) ;
#2591 = EDGE_LOOP ( 'NONE', ( #1844, #3088, #11293 ) ) ;
#2592 = AXIS2_PLACEMENT_3D ( 'NONE', #5371, #11787, #9745 ) ;
#2593 = SURFACE_SIDE_STYLE ('',( #4401 ) ) ;
#2594 = CARTESIAN_POINT ( 'NONE',  ( 0.5483132623141996342, -0.02585880784268912436, -0.04773622072093100521 ) ) ;
#2595 = SURFACE_STYLE_USAGE ( .BOTH. , #10891 ) ;
#2596 = LENGTH_MEASURE_WITH_UNIT ( LENGTH_MEASURE( 0.02539999999999999897 ), #3675 );
#2597 = PRESENTATION_LAYER_ASSIGNMENT (  '', '', ( #1257 ) ) ;
#2598 = EDGE_CURVE ( 'NONE', #2296, #6462, #10029, .T. ) ;
#2599 = VERTEX_POINT ( 'NONE', #7219 ) ;
#2600 = SURFACE_STYLE_USAGE ( .BOTH. , #10120 ) ;
#2601 =( LENGTH_UNIT ( ) NAMED_UNIT ( * ) SI_UNIT ( $, .METRE. ) );
#2602 =( LENGTH_UNIT ( ) NAMED_UNIT ( * ) SI_UNIT ( $, .METRE. ) );
#2603 = VECTOR ( 'NONE', #7451, 39.37007874015748143 ) ;
#2604 = AXIS2_PLACEMENT_3D ( 'NONE', #9734, #3466, #8863 ) ;
#2605 = COLOUR_RGB ( '',0.7607843137254901578, 0.7607843137254901578, 0.0000000000000000000 ) ;
#2606 = ADVANCED_FACE ( 'NONE', ( #9169 ), #2617, .F. ) ;
#2607 = ORIENTED_EDGE ( 'NONE', *, *, #11449, .F. ) ;
#2608 = LINE ( 'NONE', #16, #482 ) ;
#2609 = ORIENTED_EDGE ( 'NONE', *, *, #10611, .F. ) ;
#2610 = LENGTH_MEASURE_WITH_UNIT ( LENGTH_MEASURE( 0.02539999999999999897 ), #11151 );
#2611 = ORIENTED_EDGE ( 'NONE', *, *, #7413, .T. ) ;
#2612 = EDGE_CURVE ( 'NONE', #1908, #1393, #819, .T. ) ;
#2613 = AXIS2_PLACEMENT_3D ( 'NONE', #7902, #7784, #2266 ) ;
#2614 = LINE ( 'NONE', #8182, #9202 ) ;
#2615 = CARTESIAN_POINT ( 'NONE',  ( 0.4920108682644408482, 0.02729079845652354619, -0.1272637797765127365 ) ) ;
#2616 = ORIENTED_EDGE ( 'NONE', *, *, #3807, .F. ) ;
#2617 = PLANE ( 'NONE',  #1961 ) ;
#2618 = LINE ( 'NONE', #6308, #4120 ) ;
#2619 = PRESENTATION_LAYER_ASSIGNMENT (  '', '', ( #120 ) ) ;
#2620 = STYLED_ITEM ( 'NONE', ( #4620 ), #5482 ) ;
#2621 = VECTOR ( 'NONE', #9752, 39.37007874015748143 ) ;
#2622 =( CONVERSION_BASED_UNIT ( 'INCH', #6240 ) LENGTH_UNIT ( ) NAMED_UNIT ( #6795 ) );
#2623 = AXIS2_PLACEMENT_3D ( 'NONE', #10779, #5263, #573 ) ;
#2624 = ORIENTED_EDGE ( 'NONE', *, *, #3720, .F. ) ;
#2625 = ORIENTED_EDGE ( 'NONE', *, *, #6806, .F. ) ;
#2626 = DIRECTION ( 'NONE',  ( 1.644517855226007801E-15, 1.000000000000000000, 2.890435660536363919E-30 ) ) ;
#2627 = VECTOR ( 'NONE', #8750, 39.37007874015748143 ) ;
#2628 = CARTESIAN_POINT ( 'NONE',  ( 0.4254818849634284805, 0.1217789874329370248, -0.1831692915873951444 ) ) ;
#2629 = MECHANICAL_DESIGN_GEOMETRIC_PRESENTATION_REPRESENTATION (  '', ( #10913 ), #5695 ) ;
#2630 = PLANE ( 'NONE',  #1842 ) ;
#2631 = DIRECTION ( 'NONE',  ( 1.644517855225896177E-15, 1.000000000000000000, 6.394884621841000123E-14 ) ) ;
#2632 = CARTESIAN_POINT ( 'NONE',  ( 0.5483132623141995232, -0.03570132752772850471, -0.04773622072093100521 ) ) ;
#2633 = FILL_AREA_STYLE ('',( #5542 ) ) ;
#2634 = CARTESIAN_POINT ( 'NONE',  ( 0.4920108682644414033, 0.03516481420455502827, -0.2272637797765127421 ) ) ;
#2635 = DIRECTION ( 'NONE',  ( -1.000000000000000000, 1.644517855226008392E-15, -1.582776894139444676E-15 ) ) ;
#2636 = ORIENTED_EDGE ( 'NONE', *, *, #2760, .T. ) ;
#2637 = LINE ( 'NONE', #4501, #3177 ) ;
#2638 = CARTESIAN_POINT ( 'NONE',  ( 0.5054204884980638690, -0.02496430041343707454, -0.03986220497325271284 ) ) ;
#2639 = LINE ( 'NONE', #735, #1591 ) ;
#2640 = EDGE_CURVE ( 'NONE', #4970, #4163, #6362, .T. ) ;
#2641 = VERTEX_POINT ( 'NONE', #8186 ) ;
#2642 = CARTESIAN_POINT ( 'NONE',  ( 0.4754786166452393825, 0.03516481420455506990, -0.1878937010364914451 ) ) ;
#2643 = DIMENSIONAL_EXPONENTS ( 1.000000000000000000, 0.0000000000000000000, 0.0000000000000000000, 0.0000000000000000000, 0.0000000000000000000, 0.0000000000000000000, 0.0000000000000000000 ) ;
#2644 = SURFACE_SIDE_STYLE ('',( #1745 ) ) ;
#2645 = VERTEX_POINT ( 'NONE', #3580 ) ;
#2646 = DIRECTION ( 'NONE',  ( 1.000000000000000000, -1.644517855226007801E-15, 1.748601263784621748E-15 ) ) ;
#2647 = DIRECTION ( 'NONE',  ( -1.644517855226008195E-15, -1.000000000000000000, -2.890435660536364269E-30 ) ) ;
#2648 = EDGE_LOOP ( 'NONE', ( #681, #577, #8079, #9252 ) ) ;
#2649 = CARTESIAN_POINT ( 'NONE',  ( 0.1972323944382716188, 0.02914268067976812787, -0.1272637797769623214 ) ) ;
#2650 = EDGE_CURVE ( 'NONE', #3882, #10390, #10077, .T. ) ;
#2651 =( CONVERSION_BASED_UNIT ( 'INCH', #10950 ) LENGTH_UNIT ( ) NAMED_UNIT ( #2906 ) );
#2652 = AXIS2_PLACEMENT_3D ( 'NONE', #4637, #4575, #5552 ) ;
#2653 = CARTESIAN_POINT ( 'NONE',  ( 0.1896577093114373835, -0.02375406862796415261, -0.2477362207218442025 ) ) ;
#2654 = ORIENTED_EDGE ( 'NONE', *, *, #11835, .T. ) ;
#2655 = EDGE_CURVE ( 'NONE', #4705, #1040, #7571, .T. ) ;
#2656 = PLANE ( 'NONE',  #5040 ) ;
#2657 = LINE ( 'NONE', #8057, #6552 ) ;
#2658 = PRESENTATION_STYLE_ASSIGNMENT (( #4652 ) ) ;
#2659 = VERTEX_POINT ( 'NONE', #4614 ) ;
#2660 =( LENGTH_UNIT ( ) NAMED_UNIT ( * ) SI_UNIT ( $, .METRE. ) );
#2661 = DIRECTION ( 'NONE',  ( 4.670742959067553102E-12, 0.0000000000000000000, 1.000000000000000000 ) ) ;
#2662 = SURFACE_STYLE_USAGE ( .BOTH. , #8299 ) ;
#2663 = DIRECTION ( 'NONE',  ( 1.644517855226008195E-15, 1.000000000000000000, 0.0000000000000000000 ) ) ;
#2664 = VECTOR ( 'NONE', #10681, 39.37007874015748143 ) ;
#2665 = DIRECTION ( 'NONE',  ( -8.234490263801784106E-12, 1.353889066150678573E-26, 1.000000000000000000 ) ) ;
#2666 = VERTEX_POINT ( 'NONE', #11211 ) ;
#2667 = CARTESIAN_POINT ( 'NONE',  ( 0.2453562723636251441, 0.03516481420455544460, -0.1812378449683796078 ) ) ;
#2668 = ADVANCED_FACE ( 'NONE', ( #2967 ), #2793, .F. ) ;
#2669 = EDGE_CURVE ( 'NONE', #4809, #2103, #4951, .T. ) ;
#2670 = CIRCLE ( 'NONE', #11753, 0.01771653543307088671 ) ;
#2671 = ORIENTED_EDGE ( 'NONE', *, *, #8253, .F. ) ;
#2672 = EDGE_LOOP ( 'NONE', ( #9078, #2340, #3919, #5406, #8688, #3534 ) ) ;
#2673 = DIRECTION ( 'NONE',  ( -1.000000000000000000, 1.644517855226007801E-15, -8.234490263801784106E-12 ) ) ;
#2674 = VECTOR ( 'NONE', #3702, 39.37007874015748143 ) ;
#2675 = ORIENTED_EDGE ( 'NONE', *, *, #7284, .F. ) ;
#2676 =( NAMED_UNIT ( * ) PLANE_ANGLE_UNIT ( ) SI_UNIT ( $, .RADIAN. ) );
#2677 = FILL_AREA_STYLE_COLOUR ( '', #9390 ) ;
#2678 = EDGE_CURVE ( 'NONE', #8627, #9759, #9709, .T. ) ;
#2679 = ORIENTED_EDGE ( 'NONE', *, *, #3576, .F. ) ;
#2680 = VERTEX_POINT ( 'NONE', #510 ) ;
#2681 = EDGE_LOOP ( 'NONE', ( #6454, #6824, #813, #3294 ) ) ;
#2682 = CARTESIAN_POINT ( 'NONE',  ( 0.3142156862761680269, 0.1217789874329372468, -0.007578740406095896970 ) ) ;
#2683 =( NAMED_UNIT ( * ) SI_UNIT ( $, .STERADIAN. ) SOLID_ANGLE_UNIT ( ) );
#2684 =( NAMED_UNIT ( * ) SI_UNIT ( $, .STERADIAN. ) SOLID_ANGLE_UNIT ( ) );
#2685 = DIRECTION ( 'NONE',  ( -1.644517855226007801E-15, -1.000000000000000000, -2.890435660536363919E-30 ) ) ;
#2686 = DIRECTION ( 'NONE',  ( 0.0000000000000000000, 1.000000000000000000, 0.0000000000000000000 ) ) ;
#2687 =( LENGTH_UNIT ( ) NAMED_UNIT ( * ) SI_UNIT ( $, .METRE. ) );
#2688 = STYLED_ITEM ( 'NONE', ( #11153 ), #535 ) ;
#2689 = PRESENTATION_STYLE_ASSIGNMENT (( #3706 ) ) ;
#2690 = EDGE_CURVE ( 'NONE', #10430, #9177, #10432, .T. ) ;
#2691 = CARTESIAN_POINT ( 'NONE',  ( 0.4536010832257904024, 0.03516481420455510459, -0.1370142308545209409 ) ) ;
#2692 = ORIENTED_EDGE ( 'NONE', *, *, #5914, .T. ) ;
#2693 = CARTESIAN_POINT ( 'NONE',  ( 0.2532616618757514426, 0.03516481420455542378, -0.2370142308537339093 ) ) ;
#2694 = CARTESIAN_POINT ( 'NONE',  ( 0.2148518768365311749, 0.04500733388959488740, -0.08789370103680475832 ) ) ;
#2695 = COLOUR_RGB ( '',1.000000000000000000, 1.000000000000000000, 1.000000000000000000 ) ;
#2696 = ORIENTED_EDGE ( 'NONE', *, *, #7135, .F. ) ;
#2697 = FACE_OUTER_BOUND ( 'NONE', #10613, .T. ) ;
#2698 = FACE_OUTER_BOUND ( 'NONE', #2561, .T. ) ;
#2699 = CYLINDRICAL_SURFACE ( 'NONE', #2652, 0.007874015748031482076 ) ;
#2700 =( GEOMETRIC_REPRESENTATION_CONTEXT ( 3 ) GLOBAL_UNCERTAINTY_ASSIGNED_CONTEXT ( ( #460 ) ) GLOBAL_UNIT_ASSIGNED_CONTEXT ( ( #3636, #2676, #7635 ) ) REPRESENTATION_CONTEXT ( 'NONE', 'WORKASPACE' ) );
#2701 = CARTESIAN_POINT ( 'NONE',  ( 0.2506952668932703188, 0.04500733388959482495, -0.03730122072145040241 ) ) ;
#2702 = ORIENTED_EDGE ( 'NONE', *, *, #1381, .F. ) ;
#2703 = VECTOR ( 'NONE', #8753, 39.37007874015748143 ) ;
#2704 = EDGE_CURVE ( 'NONE', #5911, #2931, #3079, .T. ) ;
#2705 = UNCERTAINTY_MEASURE_WITH_UNIT (LENGTH_MEASURE( 1.000000000000000082E-05 ), #8497, 'distance_accuracy_value', 'NONE');
#2706 = PRESENTATION_STYLE_ASSIGNMENT (( #10003 ) ) ;
#2707 = ORIENTED_EDGE ( 'NONE', *, *, #10792, .T. ) ;
#2708 = CARTESIAN_POINT ( 'NONE',  ( 0.4754786166453175977, 0.04500733388959445719, -0.02726377977696183702 ) ) ;
#2709 =( GEOMETRIC_REPRESENTATION_CONTEXT ( 3 ) GLOBAL_UNCERTAINTY_ASSIGNED_CONTEXT ( ( #7796 ) ) GLOBAL_UNIT_ASSIGNED_CONTEXT ( ( #1181, #9485, #9246 ) ) REPRESENTATION_CONTEXT ( 'NONE', 'WORKASPACE' ) );
#2710 = AXIS2_PLACEMENT_3D ( 'NONE', #2051, #10297, #3059 ) ;
#2711 = DIRECTION ( 'NONE',  ( 1.000000000000000000, -1.644517855226007801E-15, 1.748601263784622143E-15 ) ) ;
#2712 = CARTESIAN_POINT ( 'NONE',  ( 0.5225010356770467546, -0.02585880784268908966, -0.06742126009122235974 ) ) ;
#2713 = LINE ( 'NONE', #1706, #7276 ) ;
#2714 = ADVANCED_FACE ( 'NONE', ( #5856 ), #4157, .F. ) ;
#2715 = ORIENTED_EDGE ( 'NONE', *, *, #1941, .T. ) ;
#2716 = LENGTH_MEASURE_WITH_UNIT ( LENGTH_MEASURE( 0.02539999999999999897 ), #4649 );
#2717 = DIRECTION ( 'NONE',  ( 0.0000000000000000000, 1.000000000000000000, 0.0000000000000000000 ) ) ;
#2718 = CARTESIAN_POINT ( 'NONE',  ( 0.4144549945979160710, 0.1060309559368543958, -0.03277559079979654871 ) ) ;
#2719 = ORIENTED_EDGE ( 'NONE', *, *, #3576, .T. ) ;
#2720 =( LENGTH_UNIT ( ) NAMED_UNIT ( * ) SI_UNIT ( $, .METRE. ) );
#2721 = CARTESIAN_POINT ( 'NONE',  ( 0.5483132623140313244, -0.02585880784268914170, -0.1272637797760491352 ) ) ;
#2722 = EDGE_CURVE ( 'NONE', #6779, #2165, #5920, .T. ) ;
#2723 = DIMENSIONAL_EXPONENTS ( 1.000000000000000000, 0.0000000000000000000, 0.0000000000000000000, 0.0000000000000000000, 0.0000000000000000000, 0.0000000000000000000, 0.0000000000000000000 ) ;
#2724 = DIRECTION ( 'NONE',  ( -1.644517855226008195E-15, -1.000000000000000000, -2.890435660536364269E-30 ) ) ;
#2725 = ADVANCED_FACE ( 'NONE', ( #9526 ), #11381, .F. ) ;
#2726 = CIRCLE ( 'NONE', #8712, 0.007874015748031506362 ) ;
#2727 =( GEOMETRIC_REPRESENTATION_CONTEXT ( 3 ) GLOBAL_UNCERTAINTY_ASSIGNED_CONTEXT ( ( #7678 ) ) GLOBAL_UNIT_ASSIGNED_CONTEXT ( ( #5164, #3164, #11406 ) ) REPRESENTATION_CONTEXT ( 'NONE', 'WORKASPACE' ) );
#2728 = PRESENTATION_STYLE_ASSIGNMENT (( #6295 ) ) ;
#2729 = VERTEX_POINT ( 'NONE', #2477 ) ;
#2730 = CARTESIAN_POINT ( 'NONE',  ( 0.2490536793154355943, 0.003668751212429472927, -0.3095942470915551414 ) ) ;
#2731 = EDGE_LOOP ( 'NONE', ( #623, #8045, #9067, #7194, #9296, #2616, #5635, #5454, #9294, #3254, #905, #1294, #9043, #10860 ) ) ;
#2732 = EDGE_LOOP ( 'NONE', ( #10139, #9608, #3671, #6525, #3666, #7747, #6542, #1881 ) ) ;
#2733 = SURFACE_STYLE_USAGE ( .BOTH. , #1779 ) ;
#2734 = LINE ( 'NONE', #8251, #11705 ) ;
#2735 =( NAMED_UNIT ( * ) SI_UNIT ( $, .STERADIAN. ) SOLID_ANGLE_UNIT ( ) );
#2736 = ORIENTED_EDGE ( 'NONE', *, *, #7404, .T. ) ;
#2737 = SURFACE_SIDE_STYLE ('',( #3637 ) ) ;
#2738 = ADVANCED_FACE ( 'NONE', ( #1650 ), #6222, .F. ) ;
#2739 = EDGE_CURVE ( 'NONE', #8620, #2482, #9896, .T. ) ;
#2740 = VECTOR ( 'NONE', #6747, 39.37007874015748143 ) ;
#2741 =( GEOMETRIC_REPRESENTATION_CONTEXT ( 3 ) GLOBAL_UNCERTAINTY_ASSIGNED_CONTEXT ( ( #5395 ) ) GLOBAL_UNIT_ASSIGNED_CONTEXT ( ( #2276, #10692, #5958 ) ) REPRESENTATION_CONTEXT ( 'NONE', 'WORKASPACE' ) );
#2742 = ORIENTED_EDGE ( 'NONE', *, *, #8032, .F. ) ;
#2743 = ORIENTED_EDGE ( 'NONE', *, *, #9375, .F. ) ;
#2744 = ORIENTED_EDGE ( 'NONE', *, *, #2893, .F. ) ;
#2745 =( LENGTH_UNIT ( ) NAMED_UNIT ( * ) SI_UNIT ( $, .METRE. ) );
#2746 = CARTESIAN_POINT ( 'NONE',  ( 0.5092218448044577572, -0.01405121771457881752, -0.07765748056377258512 ) ) ;
#2747 = ORIENTED_EDGE ( 'NONE', *, *, #3031, .F. ) ;
#2748 = PLANE ( 'NONE',  #3805 ) ;
#2749 = CIRCLE ( 'NONE', #4854, 0.01771653543307087283 ) ;
#2750 = FACE_OUTER_BOUND ( 'NONE', #2964, .T. ) ;
#2751 = EDGE_CURVE ( 'NONE', #8000, #929, #6580, .T. ) ;
#2752 = DIRECTION ( 'NONE',  ( -1.000000000000000000, 1.644517855226007801E-15, 3.935361670218154972E-13 ) ) ;
#2753 = ORIENTED_EDGE ( 'NONE', *, *, #10791, .T. ) ;
#2754 = CARTESIAN_POINT ( 'NONE',  ( 0.4696401291287829460, 0.04500733388959443637, -0.2351377955249933094 ) ) ;
#2755 = EDGE_CURVE ( 'NONE', #7139, #4705, #5264, .T. ) ;
#2756 = CARTESIAN_POINT ( 'NONE',  ( 0.2412266368237439562, 0.1020939480628625384, -0.5075787404069425079 ) ) ;
#2757 = ORIENTED_EDGE ( 'NONE', *, *, #2242, .T. ) ;
#2758 = CYLINDRICAL_SURFACE ( 'NONE', #2195, 0.005905511811019676337 ) ;
#2759 = LINE ( 'NONE', #9016, #2461 ) ;
#2760 = EDGE_CURVE ( 'NONE', #1302, #117, #10713, .T. ) ;
#2761 = CARTESIAN_POINT ( 'NONE',  ( 0.4696401291258298638, 0.04500733388959445025, -0.1878937010365682170 ) ) ;
#2762 = ORIENTED_EDGE ( 'NONE', *, *, #1618, .F. ) ;
#2763 = PRESENTATION_STYLE_ASSIGNMENT (( #11857 ) ) ;
#2764 = AXIS2_PLACEMENT_3D ( 'NONE', #2452, #7118, #11658 ) ;
#2765 = LINE ( 'NONE', #9444, #5113 ) ;
#2766 = VERTEX_POINT ( 'NONE', #4467 ) ;
#2767 = DIRECTION ( 'NONE',  ( 1.582776894139444281E-15, 0.0000000000000000000, -1.000000000000000000 ) ) ;
#2768 = CARTESIAN_POINT ( 'NONE',  ( 0.5135310619964218448, -0.02413076081869615711, -0.1477362207212174483 ) ) ;
#2769 = DIRECTION ( 'NONE',  ( -1.644517855226008195E-15, -1.000000000000000000, -2.890435660536364269E-30 ) ) ;
#2770 = ORIENTED_EDGE ( 'NONE', *, *, #2310, .F. ) ;
#2771 = FACE_OUTER_BOUND ( 'NONE', #7380, .T. ) ;
#2772 = VECTOR ( 'NONE', #956, 39.37007874015748143 ) ;
#2773 = LINE ( 'NONE', #66, #11358 ) ;
#2774 = CARTESIAN_POINT ( 'NONE',  ( 0.4653510425003174467, 0.001406173138374004891, -0.005563233702158661836 ) ) ;
#2775 = VERTEX_POINT ( 'NONE', #1590 ) ;
#2776 = CARTESIAN_POINT ( 'NONE',  ( 0.2313841284563815104, 0.03516481420463419411, -0.2878937010362536131 ) ) ;
#2777 =( NAMED_UNIT ( * ) PLANE_ANGLE_UNIT ( ) SI_UNIT ( $, .RADIAN. ) );
#2778 = CARTESIAN_POINT ( 'NONE',  ( 0.5061831144098568602, -0.02488414520015541989, -0.04773622072127796379 ) ) ;
#2779 = VECTOR ( 'NONE', #1894, 39.37007874015748143 ) ;
#2780 = CARTESIAN_POINT ( 'NONE',  ( 0.4679366774458565970, 0.03516481420506866601, 0.01210629896319561152 ) ) ;
#2781 = VECTOR ( 'NONE', #6320, 39.37007874015748143 ) ;
#2782 = ORIENTED_EDGE ( 'NONE', *, *, #6577, .F. ) ;
#2783 = ORIENTED_EDGE ( 'NONE', *, *, #8382, .T. ) ;
#2784 =( NAMED_UNIT ( * ) SI_UNIT ( $, .STERADIAN. ) SOLID_ANGLE_UNIT ( ) );
#2785 = EDGE_LOOP ( 'NONE', ( #2431, #3519, #11367, #2256 ) ) ;
#2786 = EDGE_CURVE ( 'NONE', #8509, #4248, #9094, .T. ) ;
#2787 = AXIS2_PLACEMENT_3D ( 'NONE', #8086, #4305, #831 ) ;
#2788 = DIRECTION ( 'NONE',  ( 0.0000000000000000000, 0.0000000000000000000, 1.000000000000000000 ) ) ;
#2789 =( LENGTH_UNIT ( ) NAMED_UNIT ( * ) SI_UNIT ( $, .METRE. ) );
#2790 = FACE_OUTER_BOUND ( 'NONE', #9238, .T. ) ;
#2791 = AXIS2_PLACEMENT_3D ( 'NONE', #9501, #4644, #1086 ) ;
#2792 = ORIENTED_EDGE ( 'NONE', *, *, #248, .F. ) ;
#2793 = CYLINDRICAL_SURFACE ( 'NONE', #2529, 0.007874015748031509832 ) ;
#2794 = AXIS2_PLACEMENT_3D ( 'NONE', #7938, #5205, #635 ) ;
#2795 = VECTOR ( 'NONE', #94, 39.37007874015748143 ) ;
#2796 = VECTOR ( 'NONE', #1241, 39.37007874015748143 ) ;
#2797 = VECTOR ( 'NONE', #7330, 39.37007874015748143 ) ;
#2798 = CARTESIAN_POINT ( 'NONE',  ( 0.3140612938105263319, 0.1021333181416026054, -0.03297244119349746622 ) ) ;
#2799 = CIRCLE ( 'NONE', #701, 0.005905511811027552849 ) ;
#2800 = EDGE_LOOP ( 'NONE', ( #2086, #1815, #299, #2125, #7576, #3509, #6469, #4020, #2550, #3915, #2770, #4733, #9255, #2792 ) ) ;
#2801 = DIMENSIONAL_EXPONENTS ( 1.000000000000000000, 0.0000000000000000000, 0.0000000000000000000, 0.0000000000000000000, 0.0000000000000000000, 0.0000000000000000000, 0.0000000000000000000 ) ;
#2802 = AXIS2_PLACEMENT_3D ( 'NONE', #7498, #11199, #2898 ) ;
#2803 = ORIENTED_EDGE ( 'NONE', *, *, #3117, .T. ) ;
#2804 = EDGE_LOOP ( 'NONE', ( #8109, #9459, #11039 ) ) ;
#2805 =( LENGTH_UNIT ( ) NAMED_UNIT ( * ) SI_UNIT ( $, .METRE. ) );
#2806 = EDGE_CURVE ( 'NONE', #3979, #5972, #1529, .T. ) ;
#2807 = AXIS2_PLACEMENT_3D ( 'NONE', #3924, #1060, #7652 ) ;
#2808 = CARTESIAN_POINT ( 'NONE',  ( 0.3140612938105263874, 0.1020939480628585000, -0.08218503961889132847 ) ) ;
#2809 = DIRECTION ( 'NONE',  ( 0.9945218953682690710, 0.1045284632676950765, 8.189380864547705479E-12 ) ) ;
#2810 = DIRECTION ( 'NONE',  ( -1.537728278044881501E-09, 0.0000000000000000000, 1.000000000000000000 ) ) ;
#2811 = VECTOR ( 'NONE', #5527, 39.37007874015748854 ) ;
#2812 = DIRECTION ( 'NONE',  ( -0.4273849607752874813, 7.028421990500299298E-16, -0.9040697402872777122 ) ) ;
#2813 = CARTESIAN_POINT ( 'NONE',  ( 0.2924077505034283764, 0.1060309559368545762, -0.1823818900125920572 ) ) ;
#2814 = PRESENTATION_STYLE_ASSIGNMENT (( #10149 ) ) ;
#2815 = LINE ( 'NONE', #5982, #871 ) ;
#2816 = ORIENTED_EDGE ( 'NONE', *, *, #2013, .F. ) ;
#2817 = CARTESIAN_POINT ( 'NONE',  ( 0.2453562723636255327, 0.03516481420455543072, -0.2812378449683796688 ) ) ;
#2818 = COLOUR_RGB ( '',0.2509803921568627416, 0.2509803921568627416, 0.2509803921568627416 ) ;
#2819 = CARTESIAN_POINT ( 'NONE',  ( 0.4754786166455537422, 0.03516481420522438173, -0.02726377977696183702 ) ) ;
#2820 = EDGE_CURVE ( 'NONE', #5911, #11443, #3558, .T. ) ;
#2821 = VERTEX_POINT ( 'NONE', #11623 ) ;
#2822 = CARTESIAN_POINT ( 'NONE',  ( 0.2148518768365315912, 0.04500733388959486658, -0.1878937010368047777 ) ) ;
#2823 = DIRECTION ( 'NONE',  ( 1.000000000000000000, -1.644517855226007801E-15, 1.748601263784621748E-15 ) ) ;
#2824 = LINE ( 'NONE', #7663, #5747 ) ;
#2825 = EDGE_CURVE ( 'NONE', #10018, #3711, #3109, .T. ) ;
#2826 = CIRCLE ( 'NONE', #7657, 0.01771653543307088671 ) ;
#2827 = ORIENTED_EDGE ( 'NONE', *, *, #2206, .F. ) ;
#2828 =( GEOMETRIC_REPRESENTATION_CONTEXT ( 3 ) GLOBAL_UNCERTAINTY_ASSIGNED_CONTEXT ( ( #1749 ) ) GLOBAL_UNIT_ASSIGNED_CONTEXT ( ( #10705, #7925, #2344 ) ) REPRESENTATION_CONTEXT ( 'NONE', 'WORKASPACE' ) );
#2829 = DIRECTION ( 'NONE',  ( -1.644517855226008195E-15, -1.000000000000000000, -6.123233995736766036E-17 ) ) ;
#2830 =( CONVERSION_BASED_UNIT ( 'INCH', #5789 ) LENGTH_UNIT ( ) NAMED_UNIT ( #9775 ) );
#2831 = VERTEX_POINT ( 'NONE', #8901 ) ;
#2832 = DIRECTION ( 'NONE',  ( -1.644517855226008392E-15, -1.000000000000000000, -6.123233995736766036E-17 ) ) ;
#2833 = CARTESIAN_POINT ( 'NONE',  ( 0.5483132623142811246, -0.03078006768520883188, -0.1575787404059704189 ) ) ;
#2834 = DIRECTION ( 'NONE',  ( 1.000000000000000000, -1.644517855226007998E-15, 1.748601263784621946E-15 ) ) ;
#2835 = DIRECTION ( 'NONE',  ( -0.05226423163383198817, -0.4972609476841254317, -0.8660254037844445918 ) ) ;
#2836 = SURFACE_STYLE_FILL_AREA ( #10235 ) ;
#2837 = PLANE ( 'NONE',  #11769 ) ;
#2838 = DIRECTION ( 'NONE',  ( 1.000000000000000000, 0.0000000000000000000, -1.951563910474197493E-15 ) ) ;
#2839 = VERTEX_POINT ( 'NONE', #8115 ) ;
#2840 =( CONVERSION_BASED_UNIT ( 'INCH', #1943 ) LENGTH_UNIT ( ) NAMED_UNIT ( #9237 ) );
#2841 = PRESENTATION_STYLE_ASSIGNMENT (( #4656 ) ) ;
#2842 = UNCERTAINTY_MEASURE_WITH_UNIT (LENGTH_MEASURE( 1.000000000000000082E-05 ), #9450, 'distance_accuracy_value', 'NONE');
#2843 = ADVANCED_FACE ( 'NONE', ( #3501 ), #10015, .F. ) ;
#2844 = DIRECTION ( 'NONE',  ( 1.748601263784621946E-15, 0.0000000000000000000, -1.000000000000000000 ) ) ;
#2845 = ORIENTED_EDGE ( 'NONE', *, *, #1462, .F. ) ;
#2846 = CARTESIAN_POINT ( 'NONE',  ( 0.5061831144098568602, -0.02488414520015541989, -0.04773622072127796379 ) ) ;
#2847 = ORIENTED_EDGE ( 'NONE', *, *, #10213, .F. ) ;
#2848 = ORIENTED_EDGE ( 'NONE', *, *, #10225, .T. ) ;
#2849 = CARTESIAN_POINT ( 'NONE',  ( 0.4754786166451601126, 0.1217789874329369693, 0.01210629896398299730 ) ) ;
#2850 = FILL_AREA_STYLE_COLOUR ( '', #2424 ) ;
#2851 = ORIENTED_EDGE ( 'NONE', *, *, #1187, .T. ) ;
#2852 = CARTESIAN_POINT ( 'NONE',  ( 0.5483132623140308803, -0.02585880784268912436, -0.02726377977604912614 ) ) ;
#2853 =( NAMED_UNIT ( * ) PLANE_ANGLE_UNIT ( ) SI_UNIT ( $, .RADIAN. ) );
#2854 = VECTOR ( 'NONE', #10284, 39.37007874015748143 ) ;
#2855 = EDGE_CURVE ( 'NONE', #4380, #3629, #6346, .T. ) ;
#2856 = CARTESIAN_POINT ( 'NONE',  ( 0.5134983943106644633, -0.007659296307098530966, -0.1878937010361783622 ) ) ;
#2857 = ORIENTED_EDGE ( 'NONE', *, *, #8408, .T. ) ;
#2858 = ORIENTED_EDGE ( 'NONE', *, *, #1495, .F. ) ;
#2859 = LINE ( 'NONE', #6259, #8153 ) ;
#2860 = ORIENTED_EDGE ( 'NONE', *, *, #8290, .F. ) ;
#2861 = LINE ( 'NONE', #8375, #3184 ) ;
#2862 = ORIENTED_EDGE ( 'NONE', *, *, #8141, .F. ) ;
#2863 = CARTESIAN_POINT ( 'NONE',  ( 0.5096303506627006819, 0.02914268067976761439, -0.1272637797763677414 ) ) ;
#2864 = PLANE ( 'NONE',  #304 ) ;
#2865 = DIRECTION ( 'NONE',  ( 1.000000000000000000, -1.644517855226007801E-15, 1.748601263784622143E-15 ) ) ;
#2866 = CYLINDRICAL_SURFACE ( 'NONE', #5573, 0.005905511811027547645 ) ;
#2867 = LENGTH_MEASURE_WITH_UNIT ( LENGTH_MEASURE( 0.02539999999999999897 ), #8380 );
#2868 = CARTESIAN_POINT ( 'NONE',  ( 0.2813808601379161889, 0.1217789874329412297, -0.08316929158739536088 ) ) ;
#2869 =( NAMED_UNIT ( * ) SI_UNIT ( $, .STERADIAN. ) SOLID_ANGLE_UNIT ( ) );
#2870 = CARTESIAN_POINT ( 'NONE',  ( 0.3140612938105263874, 0.1060309559368545623, -0.08238189001259203781 ) ) ;
#2871 = CLOSED_SHELL ( 'NONE', ( #5941, #8949, #9299, #1764, #1987, #4860, #7849, #5041, #5732, #7697, #10487, #6514, #8001, #409, #2469, #1050, #602, #11049, #5172, #9917, #10020 ) ) ;
#2872 = EDGE_CURVE ( 'NONE', #10703, #8191, #5039, .T. ) ;
#2873 = FILL_AREA_STYLE ('',( #348 ) ) ;
#2874 = EDGE_LOOP ( 'NONE', ( #9400, #8942, #10478, #263 ) ) ;
#2875 = LINE ( 'NONE', #5603, #376 ) ;
#2876 = CARTESIAN_POINT ( 'NONE',  ( 0.4696401291286639856, 0.03516481420483068970, -0.02726377977696183702 ) ) ;
#2877 = AXIS2_PLACEMENT_3D ( 'NONE', #11577, #3274, #2182 ) ;
#2878 = CARTESIAN_POINT ( 'NONE',  ( 0.4561674782056334143, 0.03516481420455507684, -0.2778562600920800318 ) ) ;
#2879 = DIMENSIONAL_EXPONENTS ( 1.000000000000000000, 0.0000000000000000000, 0.0000000000000000000, 0.0000000000000000000, 0.0000000000000000000, 0.0000000000000000000, 0.0000000000000000000 ) ;
#2880 = ORIENTED_EDGE ( 'NONE', *, *, #2498, .T. ) ;
#2881 = DIRECTION ( 'NONE',  ( 1.828542904681267652E-15, 0.04993761694386230493, -0.9987523388778462019 ) ) ;
#2882 = EDGE_CURVE ( 'NONE', #4037, #15, #7996, .T. ) ;
#2883 =( GEOMETRIC_REPRESENTATION_CONTEXT ( 3 ) GLOBAL_UNCERTAINTY_ASSIGNED_CONTEXT ( ( #8521 ) ) GLOBAL_UNIT_ASSIGNED_CONTEXT ( ( #918, #7551, #2947 ) ) REPRESENTATION_CONTEXT ( 'NONE', 'WORKASPACE' ) );
#2884 = SURFACE_SIDE_STYLE ('',( #1024 ) ) ;
#2885 = ORIENTED_EDGE ( 'NONE', *, *, #10774, .T. ) ;
#2886 = LINE ( 'NONE', #3887, #289 ) ;
#2887 = LINE ( 'NONE', #4865, #9109 ) ;
#2888 = SURFACE_STYLE_USAGE ( .BOTH. , #1990 ) ;
#2889 = DIRECTION ( 'NONE',  ( 1.000000000000000000, -1.644517855226007801E-15, 1.748601263784621748E-15 ) ) ;
#2890 = DIRECTION ( 'NONE',  ( 0.9945218953682686269, -0.1045284632676983516, 1.739022243102431967E-15 ) ) ;
#2891 = COLOUR_RGB ( '',0.7607843137254901578, 0.7607843137254901578, 0.0000000000000000000 ) ;
#2892 = VERTEX_POINT ( 'NONE', #8242 ) ;
#2893 = EDGE_CURVE ( 'NONE', #7351, #6384, #2146, .T. ) ;
#2894 = AXIS2_PLACEMENT_3D ( 'NONE', #10253, #10377, #5639 ) ;
#2895 = LENGTH_MEASURE_WITH_UNIT ( LENGTH_MEASURE( 0.02539999999999999897 ), #10240 );
#2896 = EDGE_CURVE ( 'NONE', #10072, #4128, #4654, .T. ) ;
#2897 = B_SPLINE_CURVE_WITH_KNOTS ( 'NONE', 3,
 ( #1637, #4458, #3491, #10949 ),
 .UNSPECIFIED., .F., .F.,
 ( 4, 4 ),
 ( 0.0000000000000000000, 1.000000000000000000 ),
 .UNSPECIFIED. ) ;
#2898 = DIRECTION ( 'NONE',  ( -1.000000000000000000, 1.138412281109781707E-14, 0.0000000000000000000 ) ) ;
#2899 = VERTEX_POINT ( 'NONE', #982 ) ;
#2900 = FACE_OUTER_BOUND ( 'NONE', #1071, .T. ) ;
#2901 = ORIENTED_EDGE ( 'NONE', *, *, #6735, .F. ) ;
#2902 = CARTESIAN_POINT ( 'NONE',  ( 0.2372226159726014694, 0.04500733388959483189, -0.1351377955249936924 ) ) ;
#2903 = ORIENTED_EDGE ( 'NONE', *, *, #3612, .F. ) ;
#2904 = PLANE ( 'NONE',  #1150 ) ;
#2905 =( LENGTH_UNIT ( ) NAMED_UNIT ( * ) SI_UNIT ( $, .METRE. ) );
#2906 = DIMENSIONAL_EXPONENTS ( 1.000000000000000000, 0.0000000000000000000, 0.0000000000000000000, 0.0000000000000000000, 0.0000000000000000000, 0.0000000000000000000, 0.0000000000000000000 ) ;
#2907 = CARTESIAN_POINT ( 'NONE',  ( 0.2813808601379161889, 0.1217789874329412297, -0.08316929158739536088 ) ) ;
#2908 = ORIENTED_EDGE ( 'NONE', *, *, #6036, .T. ) ;
#2909 = SURFACE_STYLE_USAGE ( .BOTH. , #2118 ) ;
#2910 = SURFACE_STYLE_FILL_AREA ( #8315 ) ;
#2912 = ADVANCED_FACE ( 'NONE', ( #7389 ), #7327, .T. ) ;
#2911 = CIRCLE ( 'NONE', #6188, 0.007874015748027554662 ) ;
#2913 = CARTESIAN_POINT ( 'NONE',  ( 0.1896577093114370505, -0.02375406862796414220, -0.1674212600919229854 ) ) ;
#2914 = AXIS2_PLACEMENT_3D ( 'NONE', #8501, #3049, #8336 ) ;
#2915 = FACE_OUTER_BOUND ( 'NONE', #8164, .T. ) ;
#2916 = ORIENTED_EDGE ( 'NONE', *, *, #4460, .F. ) ;
#2917 = MECHANICAL_DESIGN_GEOMETRIC_PRESENTATION_REPRESENTATION (  '', ( #3856 ), #11415 ) ;
#2918 = ORIENTED_EDGE ( 'NONE', *, *, #5495, .T. ) ;
#2919 = COLOUR_RGB ( '',0.7607843137254901578, 0.7607843137254901578, 0.0000000000000000000 ) ;
#2920 = CARTESIAN_POINT ( 'NONE',  ( 0.4679366774381520933, 0.03516481420463383328, -0.3272637797750200250 ) ) ;
#2921 = ORIENTED_EDGE ( 'NONE', *, *, #9418, .F. ) ;
#2922 = DIRECTION ( 'NONE',  ( 0.0000000000000000000, 0.0000000000000000000, 1.000000000000000000 ) ) ;
#2923 = FACE_OUTER_BOUND ( 'NONE', #3021, .T. ) ;
#2924 = SURFACE_STYLE_USAGE ( .BOTH. , #6675 ) ;
#2925 = PLANE ( 'NONE',  #3862 ) ;
#2926 = EDGE_CURVE ( 'NONE', #916, #7931, #9220, .T. ) ;
#2927 = DIRECTION ( 'NONE',  ( -1.000000000000000000, 1.734723475977064460E-15, 1.951563910474197493E-15 ) ) ;
#2928 =( LENGTH_UNIT ( ) NAMED_UNIT ( * ) SI_UNIT ( $, .METRE. ) );
#2929 = AXIS2_PLACEMENT_3D ( 'NONE', #4789, #8604, #7516 ) ;
#2930 =( NAMED_UNIT ( * ) SI_UNIT ( $, .STERADIAN. ) SOLID_ANGLE_UNIT ( ) );
#2931 = VERTEX_POINT ( 'NONE', #11081 ) ;
#2932 = LINE ( 'NONE', #111, #8860 ) ;
#2933 = DIRECTION ( 'NONE',  ( 1.644517855226007801E-15, 1.000000000000000000, 2.875605999964572744E-30 ) ) ;
#2934 = LINE ( 'NONE', #7537, #9839 ) ;
#2935 = EDGE_CURVE ( 'NONE', #1543, #2232, #11015, .T. ) ;
#2936 = LINE ( 'NONE', #10404, #6970 ) ;
#2937 = EDGE_CURVE ( 'NONE', #3499, #10423, #288, .T. ) ;
#2938 = ORIENTED_EDGE ( 'NONE', *, *, #718, .T. ) ;
#2939 = CARTESIAN_POINT ( 'NONE',  ( 0.2443412753441369656, 0.03516481420455544460, -0.1833849212018047736 ) ) ;
#2940 = CARTESIAN_POINT ( 'NONE',  ( 0.4561674782085065605, 0.04500733388959448494, -0.03730122072223737706 ) ) ;
#2941 = ORIENTED_EDGE ( 'NONE', *, *, #1384, .T. ) ;
#2942 = CARTESIAN_POINT ( 'NONE',  ( 0.2313841284563810663, 0.03516481420463420798, -0.1878937010362536630 ) ) ;
#2943 = CARTESIAN_POINT ( 'NONE',  ( 0.4554196763416171190, 0.03516481420455510459, -0.1313957089112138266 ) ) ;
#2944 = SURFACE_STYLE_USAGE ( .BOTH. , #11364 ) ;
#2945 = EDGE_CURVE ( 'NONE', #4051, #2839, #8298, .T. ) ;
#2946 = CARTESIAN_POINT ( 'NONE',  ( 0.4561674782013412366, 0.04500733388959448494, -0.07785626009215870780 ) ) ;
#2947 =( NAMED_UNIT ( * ) SI_UNIT ( $, .STERADIAN. ) SOLID_ANGLE_UNIT ( ) );
#2948 =( LENGTH_UNIT ( ) NAMED_UNIT ( * ) SI_UNIT ( $, .METRE. ) );
#2949 = DIRECTION ( 'NONE',  ( -1.644517855226007801E-15, -1.000000000000000000, 6.888556729901404633E-28 ) ) ;
#2950 = ORIENTED_EDGE ( 'NONE', *, *, #7939, .T. ) ;
#2951 = DIMENSIONAL_EXPONENTS ( 1.000000000000000000, 0.0000000000000000000, 0.0000000000000000000, 0.0000000000000000000, 0.0000000000000000000, 0.0000000000000000000, 0.0000000000000000000 ) ;
#2952 = UNCERTAINTY_MEASURE_WITH_UNIT (LENGTH_MEASURE( 1.000000000000000082E-05 ), #3003, 'distance_accuracy_value', 'NONE');
#2953 = PLANE ( 'NONE',  #1262 ) ;
#2954 = ORIENTED_EDGE ( 'NONE', *, *, #3297, .T. ) ;
#2955 = CYLINDRICAL_SURFACE ( 'NONE', #4898, 0.007874015748031499423 ) ;
#2956 = AXIS2_PLACEMENT_3D ( 'NONE', #9769, #2476, #8900 ) ;
#2957 = VERTEX_POINT ( 'NONE', #3677 ) ;
#2958 =( NAMED_UNIT ( * ) PLANE_ANGLE_UNIT ( ) SI_UNIT ( $, .RADIAN. ) );
#2959 = ORIENTED_EDGE ( 'NONE', *, *, #10286, .T. ) ;
#2960 = EDGE_CURVE ( 'NONE', #6796, #3408, #6471, .T. ) ;
#2961 = LINE ( 'NONE', #3799, #8480 ) ;
#2962 =( NAMED_UNIT ( * ) PLANE_ANGLE_UNIT ( ) SI_UNIT ( $, .RADIAN. ) );
#2963 = SURFACE_STYLE_FILL_AREA ( #11378 ) ;
#2964 = EDGE_LOOP ( 'NONE', ( #586, #8717, #8940, #9778 ) ) ;
#2965 = DIRECTION ( 'NONE',  ( -1.644517855226007801E-15, -1.000000000000000000, -2.890435660536363568E-30 ) ) ;
#2966 = AXIS2_PLACEMENT_3D ( 'NONE', #979, #6344, #4404 ) ;
#2967 = FACE_OUTER_BOUND ( 'NONE', #9973, .T. ) ;
#2968 =( NAMED_UNIT ( * ) PLANE_ANGLE_UNIT ( ) SI_UNIT ( $, .RADIAN. ) );
#2969 = COLOUR_RGB ( '',0.7607843137254901578, 0.7607843137254901578, 0.0000000000000000000 ) ;
#2970 = VECTOR ( 'NONE', #10513, 39.37007874015748143 ) ;
#2971 = EDGE_LOOP ( 'NONE', ( #8124, #1405, #1283, #52 ) ) ;
#2972 = MECHANICAL_DESIGN_GEOMETRIC_PRESENTATION_REPRESENTATION (  '', ( #8202 ), #2014 ) ;
#2973 = EDGE_CURVE ( 'NONE', #8246, #8120, #4504, .T. ) ;
#2974 = ORIENTED_EDGE ( 'NONE', *, *, #9926, .T. ) ;
#2975 = PLANE ( 'NONE',  #5044 ) ;
#2976 = VERTEX_POINT ( 'NONE', #5370 ) ;
#2977 =( CONVERSION_BASED_UNIT ( 'INCH', #11266 ) LENGTH_UNIT ( ) NAMED_UNIT ( #3035 ) );
#2978 = CIRCLE ( 'NONE', #7620, 0.007874015748031523709 ) ;
#2979 = CIRCLE ( 'NONE', #4709, 0.007874015748031494219 ) ;
#2980 = EDGE_LOOP ( 'NONE', ( #1658, #7129, #11730, #2323 ) ) ;
#2981 = CARTESIAN_POINT ( 'NONE',  ( 0.4254818849634284805, 0.1217789874329370248, -0.1831692915873951444 ) ) ;
#2982 = CYLINDRICAL_SURFACE ( 'NONE', #4335, 0.007874015748031495954 ) ;
#2983 = PRESENTATION_STYLE_ASSIGNMENT (( #9427 ) ) ;
#2984 = DIRECTION ( 'NONE',  ( -2.073140270563762466E-12, 1.000000000000000000, -6.707523425575003250E-12 ) ) ;
#2985 = CARTESIAN_POINT ( 'NONE',  ( 0.1843617094242558652, -0.02585880784268854496, -0.1477362207218441970 ) ) ;
#2986 =( LENGTH_UNIT ( ) NAMED_UNIT ( * ) SI_UNIT ( $, .METRE. ) );
#2987 = DIRECTION ( 'NONE',  ( 4.389509589141790047E-12, -1.000000000000000000, -9.023892744152991248E-12 ) ) ;
#2988 = AXIS2_PLACEMENT_3D ( 'NONE', #3884, #1984, #5673 ) ;
#2989 = VECTOR ( 'NONE', #3803, 39.37007874015748143 ) ;
#2990 = UNCERTAINTY_MEASURE_WITH_UNIT (LENGTH_MEASURE( 1.000000000000000082E-05 ), #2415, 'distance_accuracy_value', 'NONE');
#2991 = VECTOR ( 'NONE', #10589, 39.37007874015748143 ) ;
#2992 = AXIS2_PLACEMENT_3D ( 'NONE', #8522, #2844, #11371 ) ;
#2993 = ORIENTED_EDGE ( 'NONE', *, *, #5675, .F. ) ;
#2994 = EDGE_CURVE ( 'NONE', #7189, #245, #8212, .T. ) ;
#2995 = VECTOR ( 'NONE', #11638, 39.37007874015748143 ) ;
#2996 = MECHANICAL_DESIGN_GEOMETRIC_PRESENTATION_REPRESENTATION (  '', ( #8617 ), #1072 ) ;
#2997 = SURFACE_STYLE_FILL_AREA ( #3048 ) ;
#2998 = COLOUR_RGB ( '',0.7607843137254901578, 0.7607843137254901578, 0.0000000000000000000 ) ;
#2999 = VECTOR ( 'NONE', #4781, 39.37007874015748143 ) ;
#3000 = SURFACE_STYLE_FILL_AREA ( #2142 ) ;
#3001 = DIRECTION ( 'NONE',  ( 0.1045284632676983655, 0.9945218953682685159, 1.827786029713617844E-16 ) ) ;
#3002 = DIRECTION ( 'NONE',  ( -3.362227163310207537E-12, 4.918510043635005372E-12, -1.000000000000000000 ) ) ;
#3003 =( CONVERSION_BASED_UNIT ( 'INCH', #1982 ) LENGTH_UNIT ( ) NAMED_UNIT ( #4320 ) );
#3004 = VECTOR ( 'NONE', #4060, 39.37007874015748143 ) ;
#3005 =( GEOMETRIC_REPRESENTATION_CONTEXT ( 3 ) GLOBAL_UNCERTAINTY_ASSIGNED_CONTEXT ( ( #11923 ) ) GLOBAL_UNIT_ASSIGNED_CONTEXT ( ( #3800, #8588, #4880 ) ) REPRESENTATION_CONTEXT ( 'NONE', 'WORKASPACE' ) );
#3006 = DIRECTION ( 'NONE',  ( 0.3079484342924094231, -7.228014483236711347E-16, -0.9514030490895295511 ) ) ;
#3007 = COLOUR_RGB ( '',0.7607843137254901578, 0.7607843137254901578, 0.0000000000000000000 ) ;
#3008 = ADVANCED_FACE ( 'NONE', ( #11785 ), #11913, .F. ) ;
#3009 = ORIENTED_EDGE ( 'NONE', *, *, #7585, .T. ) ;
#3010 = LINE ( 'NONE', #1026, #10367 ) ;
#3011 = VECTOR ( 'NONE', #8423, 39.37007874015748143 ) ;
#3012 = FACE_OUTER_BOUND ( 'NONE', #4473, .T. ) ;
#3013 = VECTOR ( 'NONE', #9928, 39.37007874015748143 ) ;
#3014 = DIRECTION ( 'NONE',  ( -1.729787034331768344E-15, -0.9987523388778467570, 0.04993761694385234762 ) ) ;
#3015 = CARTESIAN_POINT ( 'NONE',  ( 0.4679366774381520933, 0.03516481420463383328, 0.01210629896240822401 ) ) ;
#3016 = DIRECTION ( 'NONE',  ( -0.05226423163383502740, -0.4972609476841255427, 0.8660254037844445918 ) ) ;
#3017 = ORIENTED_EDGE ( 'NONE', *, *, #6184, .F. ) ;
#3018 = CARTESIAN_POINT ( 'NONE',  ( 0.1585494827869405321, -0.03570132752772788021, -0.06742126009192302150 ) ) ;
#3019 = EDGE_CURVE ( 'NONE', #11945, #7289, #1624, .T. ) ;
#3020 = LINE ( 'NONE', #1209, #4725 ) ;
#3021 = EDGE_LOOP ( 'NONE', ( #5578, #2466, #1478, #1588 ) ) ;
#3022 = FACE_OUTER_BOUND ( 'NONE', #11360, .T. ) ;
#3023 = ORIENTED_EDGE ( 'NONE', *, *, #4331, .F. ) ;
#3024 =( NAMED_UNIT ( * ) SI_UNIT ( $, .STERADIAN. ) SOLID_ANGLE_UNIT ( ) );
#3025 = ORIENTED_EDGE ( 'NONE', *, *, #7115, .F. ) ;
#3026 = CARTESIAN_POINT ( 'NONE',  ( 0.2514430687598459557, 0.03516481420455542378, -0.2313957089104267950 ) ) ;
#3027 = CARTESIAN_POINT ( 'NONE',  ( 0.3928014512908302169, 0.08634591656677385874, -0.2319881892249935074 ) ) ;
#3028 = ORIENTED_EDGE ( 'NONE', *, *, #5837, .T. ) ;
#3029 = CARTESIAN_POINT ( 'NONE',  ( 0.4696401291264987732, 0.03516481420455509765, -0.08789370103656818367 ) ) ;
#3030 = DIRECTION ( 'NONE',  ( -0.9945218953682690710, -0.1045284632676948544, -8.187894806610516561E-12 ) ) ;
#3031 = EDGE_CURVE ( 'NONE', #7348, #7503, #10992, .T. ) ;
#3032 =( LENGTH_UNIT ( ) NAMED_UNIT ( * ) SI_UNIT ( $, .METRE. ) );
#3033 = EDGE_CURVE ( 'NONE', #3882, #11325, #2639, .T. ) ;
#3034 = ORIENTED_EDGE ( 'NONE', *, *, #5344, .T. ) ;
#3035 = DIMENSIONAL_EXPONENTS ( 1.000000000000000000, 0.0000000000000000000, 0.0000000000000000000, 0.0000000000000000000, 0.0000000000000000000, 0.0000000000000000000, 0.0000000000000000000 ) ;
#3036 = ORIENTED_EDGE ( 'NONE', *, *, #3217, .T. ) ;
#3037 = SURFACE_STYLE_USAGE ( .BOTH. , #10440 ) ;
#3038 = ORIENTED_EDGE ( 'NONE', *, *, #11823, .F. ) ;
#3039 = PLANE ( 'NONE',  #5325 ) ;
#3040 = VERTEX_POINT ( 'NONE', #10876 ) ;
#3041 = CARTESIAN_POINT ( 'NONE',  ( 0.2924077505034287094, 0.1060309559368545623, -0.2319881892249936461 ) ) ;
#3042 = LINE ( 'NONE', #4340, #6979 ) ;
#3043 = CARTESIAN_POINT ( 'NONE',  ( 0.4254818849634283695, 0.1217789874329370248, -0.1319881892249934463 ) ) ;
#3044 = DIRECTION ( 'NONE',  ( -2.080127042981477371E-11, 1.000000000000000000, -6.394884622287363119E-13 ) ) ;
#3045 = EDGE_CURVE ( 'NONE', #9518, #3312, #1739, .T. ) ;
#3046 = COLOUR_RGB ( '',0.7607843137254901578, 0.7607843137254901578, 0.0000000000000000000 ) ;
#3047 = ORIENTED_EDGE ( 'NONE', *, *, #10906, .T. ) ;
#3048 = FILL_AREA_STYLE ('',( #4853 ) ) ;
#3049 = DIRECTION ( 'NONE',  ( 1.644517855226008195E-15, 1.000000000000000000, 2.890435660536364269E-30 ) ) ;
#3050 = PRESENTATION_STYLE_ASSIGNMENT (( #1076 ) ) ;
#3051 = EDGE_CURVE ( 'NONE', #7965, #10725, #10814, .T. ) ;
#3052 = EDGE_CURVE ( 'NONE', #7988, #7169, #4383, .T. ) ;
#3053 = CARTESIAN_POINT ( 'NONE',  ( 0.5155227596967738579, -0.02169457574273200504, -0.06770853112578203992 ) ) ;
#3054 = DIRECTION ( 'NONE',  ( 1.644517855226008195E-15, 1.000000000000000000, 2.890435660536364269E-30 ) ) ;
#3055 = MECHANICAL_DESIGN_GEOMETRIC_PRESENTATION_REPRESENTATION (  '', ( #11778 ), #10054 ) ;
#3056 = ORIENTED_EDGE ( 'NONE', *, *, #7363, .F. ) ;
#3057 = CARTESIAN_POINT ( 'NONE',  ( 0.2313841284562201672, 0.04240669873959744540, -0.3272637797758057854 ) ) ;
#3058 = CARTESIAN_POINT ( 'NONE',  ( 0.2313841284562625222, 0.04500733388959485964, -0.08789370103625360198 ) ) ;
#3059 = DIRECTION ( 'NONE',  ( 0.1045284632676983655, 0.9945218953682685159, 1.827786029713617844E-16 ) ) ;
#3060 = DIRECTION ( 'NONE',  ( 8.234490263801784106E-12, -1.353889066150678860E-26, -1.000000000000000000 ) ) ;
#3061 = CARTESIAN_POINT ( 'NONE',  ( 0.5047076986982570457, -0.01818255847635048827, -0.2713582679653845364 ) ) ;
#3062 =( LENGTH_UNIT ( ) NAMED_UNIT ( * ) SI_UNIT ( $, .METRE. ) );
#3063 = EDGE_CURVE ( 'NONE', #11053, #11003, #2859, .T. ) ;
#3064 = ORIENTED_EDGE ( 'NONE', *, *, #5268, .T. ) ;
#3065 = DIRECTION ( 'NONE',  ( -0.9945218953682685159, 0.1045284632676983655, -1.739022243102431967E-15 ) ) ;
#3066 = AXIS2_PLACEMENT_3D ( 'NONE', #6401, #3673, #11248 ) ;
#3067 = DIRECTION ( 'NONE',  ( 0.0000000000000000000, 0.0000000000000000000, 1.000000000000000000 ) ) ;
#3068 = UNCERTAINTY_MEASURE_WITH_UNIT (LENGTH_MEASURE( 1.000000000000000082E-05 ), #1446, 'distance_accuracy_value', 'NONE');
#3069 = ORIENTED_EDGE ( 'NONE', *, *, #5904, .F. ) ;
#3070 = FACE_OUTER_BOUND ( 'NONE', #5588, .T. ) ;
#3071 = ORIENTED_EDGE ( 'NONE', *, *, #2060, .F. ) ;
#3072 = COLOUR_RGB ( '',0.7607843137254901578, 0.7607843137254901578, 0.0000000000000000000 ) ;
#3073 = CARTESIAN_POINT ( 'NONE',  ( 0.3829589316058804593, 0.001406169436130047957, 0.001978705532486876081 ) ) ;
#3074 = ORIENTED_EDGE ( 'NONE', *, *, #6364, .F. ) ;
#3075 = DIRECTION ( 'NONE',  ( 1.927470528863118556E-15, 1.000000000000000000, 0.0000000000000000000 ) ) ;
#3076 = EDGE_CURVE ( 'NONE', #9580, #7634, #11731, .T. ) ;
#3077 = EDGE_LOOP ( 'NONE', ( #8228, #5881, #11007, #3902, #10908 ) ) ;
#3078 = DIRECTION ( 'NONE',  ( 8.234490263801784106E-12, -1.353889066150678860E-26, -1.000000000000000000 ) ) ;
#3079 = LINE ( 'NONE', #5006, #6394 ) ;
#3080 = CARTESIAN_POINT ( 'NONE',  ( 0.4536010832257899583, 0.04500733388959449188, -0.03701423085452092837 ) ) ;
#3081 = VECTOR ( 'NONE', #610, 39.37007874015748143 ) ;
#3082 = EDGE_CURVE ( 'NONE', #5507, #5799, #8343, .T. ) ;
#3083 =( NAMED_UNIT ( * ) SI_UNIT ( $, .STERADIAN. ) SOLID_ANGLE_UNIT ( ) );
#3084 = VERTEX_POINT ( 'NONE', #7181 ) ;
#3085 = DIRECTION ( 'NONE',  ( -1.000000000000000000, 1.644517855226007801E-15, -4.118119432544784945E-12 ) ) ;
#3086 = VERTEX_POINT ( 'NONE', #7304 ) ;
#3087 = LENGTH_MEASURE_WITH_UNIT ( LENGTH_MEASURE( 0.02539999999999999897 ), #10325 );
#3088 = ORIENTED_EDGE ( 'NONE', *, *, #11383, .T. ) ;
#3089 = CARTESIAN_POINT ( 'NONE',  ( 0.2490536793154355943, 0.003668751212429472927, -0.005563233721056699485 ) ) ;
#3090 = AXIS2_PLACEMENT_3D ( 'NONE', #1299, #9662, #2186 ) ;
#3091 = PLANE ( 'NONE',  #9072 ) ;
#3092 = COLOUR_RGB ( '',0.7607843137254901578, 0.7607843137254901578, 0.0000000000000000000 ) ;
#3093 = CARTESIAN_POINT ( 'NONE',  ( 0.5149982620534940825, -0.02037404134002672798, -0.2468834790947769808 ) ) ;
#3094 = CARTESIAN_POINT ( 'NONE',  ( 0.4754786166455541863, 0.03516481420522436785, -0.1272637797769618495 ) ) ;
#3095 = EDGE_CURVE ( 'NONE', #8659, #10423, #6143, .T. ) ;
#3096 = EDGE_CURVE ( 'NONE', #4490, #11253, #1693, .T. ) ;
#3097 = CARTESIAN_POINT ( 'NONE',  ( 0.2313841284562326850, 0.03516481420455545848, -0.2272637797769622714 ) ) ;
#3098 = EDGE_CURVE ( 'NONE', #11856, #3309, #6202, .T. ) ;
#3099 = UNCERTAINTY_MEASURE_WITH_UNIT (LENGTH_MEASURE( 1.000000000000000082E-05 ), #3263, 'distance_accuracy_value', 'NONE');
#3100 = CARTESIAN_POINT ( 'NONE',  ( 0.2019811918225118130, -0.01983667431789453914, -0.04581343370859897873 ) ) ;
#3101 = MECHANICAL_DESIGN_GEOMETRIC_PRESENTATION_REPRESENTATION (  '', ( #7757 ), #10850 ) ;
#3102 = ORIENTED_EDGE ( 'NONE', *, *, #7231, .T. ) ;
#3103 = ORIENTED_EDGE ( 'NONE', *, *, #3808, .F. ) ;
#3104 = DIRECTION ( 'NONE',  ( 1.748601263784621748E-15, 0.0000000000000000000, -1.000000000000000000 ) ) ;
#3105 = CARTESIAN_POINT ( 'NONE',  ( 0.2453562723632703446, 0.04500733388959483189, -0.03391963584349765720 ) ) ;
#3106 = SURFACE_STYLE_USAGE ( .BOTH. , #11233 ) ;
#3107 = DIRECTION ( 'NONE',  ( 0.0000000000000000000, 0.0000000000000000000, 1.000000000000000000 ) ) ;
#3108 = EDGE_CURVE ( 'NONE', #3309, #3208, #3717, .T. ) ;
#3109 = CIRCLE ( 'NONE', #43, 0.007874015748031495954 ) ;
#3110 = PRESENTATION_LAYER_ASSIGNMENT (  '', '', ( #7757 ) ) ;
#3111 = CARTESIAN_POINT ( 'NONE',  ( 0.5146701546111711600, -0.01880785086055407340, -0.06934404710450368936 ) ) ;
#3112 = EDGE_CURVE ( 'NONE', #1274, #6340, #6601, .T. ) ;
#3113 = CARTESIAN_POINT ( 'NONE',  ( 0.4254818849634284805, 0.1217789874329370248, -0.1831692915873951444 ) ) ;
#3114 = VECTOR ( 'NONE', #11698, 39.37007874015748143 ) ;
#3115 = VERTEX_POINT ( 'NONE', #3918 ) ;
#3116 = DIRECTION ( 'NONE',  ( 1.748601263784622143E-15, 0.0000000000000000000, -1.000000000000000000 ) ) ;
#3117 = EDGE_CURVE ( 'NONE', #5377, #9177, #1347, .T. ) ;
#3118 = LINE ( 'NONE', #8630, #8014 ) ;
#3119 = CARTESIAN_POINT ( 'NONE',  ( 0.4561674782085073931, 0.04500733388959445025, -0.2373012207222373882 ) ) ;
#3120 = CARTESIAN_POINT ( 'NONE',  ( 0.2514430687595305969, 0.04500733388959481107, -0.1373012207214504010 ) ) ;
#3121 = SURFACE_STYLE_FILL_AREA ( #11422 ) ;
#3122 = ORIENTED_EDGE ( 'NONE', *, *, #8449, .T. ) ;
#3123 =( CONVERSION_BASED_UNIT ( 'INCH', #5684 ) LENGTH_UNIT ( ) NAMED_UNIT ( #1960 ) );
#3124 = PRESENTATION_STYLE_ASSIGNMENT (( #6761 ) ) ;
#3125 = FACE_OUTER_BOUND ( 'NONE', #7500, .T. ) ;
#3126 = ORIENTED_EDGE ( 'NONE', *, *, #2032, .T. ) ;
#3127 = EDGE_CURVE ( 'NONE', #8820, #8603, #9599, .T. ) ;
#3128 = ORIENTED_EDGE ( 'NONE', *, *, #7317, .F. ) ;
#3129 = DIRECTION ( 'NONE',  ( -1.644517855226008195E-15, -1.000000000000000000, -2.890435660536364269E-30 ) ) ;
#3130 = VERTEX_POINT ( 'NONE', #1293 ) ;
#3131 = DIRECTION ( 'NONE',  ( 0.9945218953682690710, 0.1045284632676950765, 8.189380864547705479E-12 ) ) ;
#3132 = FACE_OUTER_BOUND ( 'NONE', #5256, .T. ) ;
#3133 = DIRECTION ( 'NONE',  ( -1.748601263784621946E-15, 0.0000000000000000000, 1.000000000000000000 ) ) ;
#3134 = ORIENTED_EDGE ( 'NONE', *, *, #9927, .T. ) ;
#3135 = DIRECTION ( 'NONE',  ( -1.000000000000000000, 2.290257463050552884E-10, 1.899046197220153931E-13 ) ) ;
#3136 = LINE ( 'NONE', #9590, #4916 ) ;
#3137 = DIRECTION ( 'NONE',  ( 1.729787034331967531E-15, 0.9987523388778406508, -0.04993761694397202966 ) ) ;
#3138 = LINE ( 'NONE', #4220, #9966 ) ;
#3139 = PRESENTATION_LAYER_ASSIGNMENT (  '', '', ( #9360 ) ) ;
#3140 = ORIENTED_EDGE ( 'NONE', *, *, #7208, .F. ) ;
#3141 = CARTESIAN_POINT ( 'NONE',  ( 0.5148239132102095938, -0.01982654722438630113, -0.04659784562542735459 ) ) ;
#3142 = EDGE_CURVE ( 'NONE', #4428, #3979, #4896, .T. ) ;
#3143 = ORIENTED_EDGE ( 'NONE', *, *, #1256, .T. ) ;
#3144 = ORIENTED_EDGE ( 'NONE', *, *, #2882, .T. ) ;
#3145 = CARTESIAN_POINT ( 'NONE',  ( 0.4696401291285070001, 0.03516481420455507684, -0.1800196852885760368 ) ) ;
#3146 = ADVANCED_FACE ( 'NONE', ( #5766 ), #3863, .F. ) ;
#3147 = PRESENTATION_STYLE_ASSIGNMENT (( #6909 ) ) ;
#3148 =( CONVERSION_BASED_UNIT ( 'INCH', #3982 ) LENGTH_UNIT ( ) NAMED_UNIT ( #3559 ) );
#3149 =( LENGTH_UNIT ( ) NAMED_UNIT ( * ) SI_UNIT ( $, .METRE. ) );
#3150 = ORIENTED_EDGE ( 'NONE', *, *, #2141, .T. ) ;
#3151 = FACE_OUTER_BOUND ( 'NONE', #7080, .T. ) ;
#3152 = AXIS2_PLACEMENT_3D ( 'NONE', #4047, #7772, #1070 ) ;
#3153 = DIRECTION ( 'NONE',  ( 1.644517855226008195E-15, 1.000000000000000000, 2.890435660536364269E-30 ) ) ;
#3154 =( NAMED_UNIT ( * ) SI_UNIT ( $, .STERADIAN. ) SOLID_ANGLE_UNIT ( ) );
#3155 = ORIENTED_EDGE ( 'NONE', *, *, #8933, .F. ) ;
#3156 = EDGE_CURVE ( 'NONE', #1170, #3676, #6842, .T. ) ;
#3157 = AXIS2_PLACEMENT_3D ( 'NONE', #3977, #4571, #10486 ) ;
#3158 = ORIENTED_EDGE ( 'NONE', *, *, #579, .F. ) ;
#3159 =( NAMED_UNIT ( * ) PLANE_ANGLE_UNIT ( ) SI_UNIT ( $, .RADIAN. ) );
#3160 = EDGE_CURVE ( 'NONE', #1393, #3864, #399, .T. ) ;
#3161 = AXIS2_PLACEMENT_3D ( 'NONE', #2943, #9561, #5048 ) ;
#3162 = DIRECTION ( 'NONE',  ( -1.748601263784621748E-15, -1.482966057179117483E-32, 1.000000000000000000 ) ) ;
#3163 = DIRECTION ( 'NONE',  ( 1.748601263784621748E-15, 0.0000000000000000000, -1.000000000000000000 ) ) ;
#3164 =( NAMED_UNIT ( * ) PLANE_ANGLE_UNIT ( ) SI_UNIT ( $, .RADIAN. ) );
#3165 = FACE_OUTER_BOUND ( 'NONE', #6141, .T. ) ;
#3166 = B_SPLINE_CURVE_WITH_KNOTS ( 'NONE', 3,
 ( #7636, #7808, #390, #11329 ),
 .UNSPECIFIED., .F., .F.,
 ( 4, 4 ),
 ( 0.0000000000000000000, 1.000000000000000000 ),
 .UNSPECIFIED. ) ;
#3167 = COLOUR_RGB ( '',0.7607843137254901578, 0.7607843137254901578, 0.0000000000000000000 ) ;
#3168 = MECHANICAL_DESIGN_GEOMETRIC_PRESENTATION_REPRESENTATION (  '', ( #4535 ), #10356 ) ;
#3169 = PLANE ( 'NONE',  #1066 ) ;
#3170 = VECTOR ( 'NONE', #5228, 39.37007874015748143 ) ;
#3171 = AXIS2_PLACEMENT_3D ( 'NONE', #3223, #3411, #6004 ) ;
#3172 = STYLED_ITEM ( 'NONE', ( #4471 ), #5221 ) ;
#3173 = EDGE_CURVE ( 'NONE', #5054, #1596, #5713, .T. ) ;
#3174 = CARTESIAN_POINT ( 'NONE',  ( 0.2372226159726802952, 0.03516481420455546542, -0.1878937010362142224 ) ) ;
#3175 = AXIS2_PLACEMENT_3D ( 'NONE', #7495, #10122, #10066 ) ;
#3176 = ORIENTED_EDGE ( 'NONE', *, *, #3249, .F. ) ;
#3177 = VECTOR ( 'NONE', #660, 39.37007874015748143 ) ;
#3178 = PLANE ( 'NONE',  #7617 ) ;
#3179 = CARTESIAN_POINT ( 'NONE',  ( 0.2021550464030791305, -0.01818255847634999214, -0.2437992128478284060 ) ) ;
#3180 = CARTESIAN_POINT ( 'NONE',  ( 0.5172050357898659856, -0.02375406862796466609, -0.1674212600912659554 ) ) ;
#3181 = PRESENTATION_LAYER_ASSIGNMENT (  '', '', ( #4911 ) ) ;
#3182 = DIRECTION ( 'NONE',  ( -0.9578261420740937782, -0.2873483627227721438, -1.479133655835075272E-08 ) ) ;
#3183 = CARTESIAN_POINT ( 'NONE',  ( 0.2443412753444515473, 0.04500733388959483189, -0.08338492120105671368 ) ) ;
#3184 = VECTOR ( 'NONE', #1229, 39.37007874015748143 ) ;
#3185 = VECTOR ( 'NONE', #3198, 39.37007874015748143 ) ;
#3186 = ORIENTED_EDGE ( 'NONE', *, *, #8845, .T. ) ;
#3187 = COLOUR_RGB ( '',0.7607843137254901578, 0.7607843137254901578, 0.0000000000000000000 ) ;
#3188 = DIRECTION ( 'NONE',  ( -0.9578264271459974166, 0.2873474124831009169, -1.674856500993800463E-15 ) ) ;
#3189 = UNCERTAINTY_MEASURE_WITH_UNIT (LENGTH_MEASURE( 1.000000000000000082E-05 ), #9038, 'distance_accuracy_value', 'NONE');
#3190 =( CONVERSION_BASED_UNIT ( 'INCH', #10586 ) LENGTH_UNIT ( ) NAMED_UNIT ( #2243 ) );
#3191 = CIRCLE ( 'NONE', #5340, 0.005905511811027562390 ) ;
#3192 = ORIENTED_EDGE ( 'NONE', *, *, #845, .T. ) ;
#3193 = CARTESIAN_POINT ( 'NONE',  ( 0.2453562723636255327, 0.03516481420455543072, -0.2812378449683796688 ) ) ;
#3194 = AXIS2_PLACEMENT_3D ( 'NONE', #10592, #9889, #2285 ) ;
#3195 = VECTOR ( 'NONE', #2396, 39.37007874015748143 ) ;
#3196 = ORIENTED_EDGE ( 'NONE', *, *, #9858, .T. ) ;
#3197 = CARTESIAN_POINT ( 'NONE',  ( 0.5155227596967746351, -0.02169457574273204320, -0.2677085311257820233 ) ) ;
#3198 = DIRECTION ( 'NONE',  ( -1.000000000000000000, 1.734723475977064460E-15, 1.951563910474197493E-15 ) ) ;
#3199 = ORIENTED_EDGE ( 'NONE', *, *, #643, .T. ) ;
#3200 = LINE ( 'NONE', #8897, #4999 ) ;
#3201 = ORIENTED_EDGE ( 'NONE', *, *, #3330, .T. ) ;
#3202 = DIRECTION ( 'NONE',  ( 1.000000000000000000, -1.644517855226007801E-15, -2.328659748462362256E-10 ) ) ;
#3203 = PLANE ( 'NONE',  #10549 ) ;
#3204 = EDGE_CURVE ( 'NONE', #6982, #10884, #1171, .T. ) ;
#3205 = DIRECTION ( 'NONE',  ( -4.243133622236443522E-11, 0.0000000000000000000, -1.000000000000000000 ) ) ;
#3206 = VERTEX_POINT ( 'NONE', #10553 ) ;
#3207 = CARTESIAN_POINT ( 'NONE',  ( 0.5152344748436955557, -0.02108063623287808816, -0.1679189576495357383 ) ) ;
#3208 = VERTEX_POINT ( 'NONE', #7702 ) ;
#3209 = ORIENTED_EDGE ( 'NONE', *, *, #4175, .F. ) ;
#3210 = PRESENTATION_STYLE_ASSIGNMENT (( #7821 ) ) ;
#3211 = DIRECTION ( 'NONE',  ( 1.644517855226008195E-15, 1.000000000000000000, 2.890435660536364269E-30 ) ) ;
#3212 = DIRECTION ( 'NONE',  ( -1.644517855226008195E-15, -1.000000000000000000, -6.123233995736766036E-17 ) ) ;
#3213 = PRESENTATION_STYLE_ASSIGNMENT (( #10612 ) ) ;
#3214 = VERTEX_POINT ( 'NONE', #1114 ) ;
#3215 = SURFACE_SIDE_STYLE ('',( #11526 ) ) ;
#3216 = DIRECTION ( 'NONE',  ( -0.4273849607752874813, 7.028421990500299298E-16, -0.9040697402872777122 ) ) ;
#3217 = EDGE_CURVE ( 'NONE', #230, #4477, #9476, .T. ) ;
#3218 = EDGE_CURVE ( 'NONE', #10847, #9857, #10489, .T. ) ;
#3219 = UNCERTAINTY_MEASURE_WITH_UNIT (LENGTH_MEASURE( 1.000000000000000082E-05 ), #5703, 'distance_accuracy_value', 'NONE');
#3220 = CYLINDRICAL_SURFACE ( 'NONE', #5491, 0.01771653543307089712 ) ;
#3221 = VERTEX_POINT ( 'NONE', #7764 ) ;
#3222 = ORIENTED_EDGE ( 'NONE', *, *, #4144, .F. ) ;
#3223 = CARTESIAN_POINT ( 'NONE',  ( 0.5152090898304263478, -0.02393547695607490741, -0.1398622049731721440 ) ) ;
#3224 = CARTESIAN_POINT ( 'NONE',  ( 0.1923664450707121831, -0.01715373501898775563, -0.07135826796593867927 ) ) ;
#3225 = CARTESIAN_POINT ( 'NONE',  ( 0.4754786166453180418, 0.04500733388959444331, -0.1878937010364894467 ) ) ;
#3226 = SURFACE_STYLE_USAGE ( .BOTH. , #9552 ) ;
#3227 = DIRECTION ( 'NONE',  ( 1.748601263784621748E-15, 0.0000000000000000000, -1.000000000000000000 ) ) ;
#3228 = VECTOR ( 'NONE', #9923, 39.37007874015748143 ) ;
#3229 = EDGE_CURVE ( 'NONE', #2831, #8260, #11446, .T. ) ;
#3230 = ADVANCED_FACE ( 'NONE', ( #340 ), #2975, .T. ) ;
#3231 = CARTESIAN_POINT ( 'NONE',  ( 0.4920108682644409037, 0.03516481420455504908, -0.1272637797765127365 ) ) ;
#3232 = CIRCLE ( 'NONE', #6330, 0.005905511811027547645 ) ;
#3233 = EDGE_LOOP ( 'NONE', ( #4015, #2549, #8149, #6729, #5496, #11431 ) ) ;
#3234 = CARTESIAN_POINT ( 'NONE',  ( 0.2372226159726018579, 0.03516481420455544460, -0.2351377955249937257 ) ) ;
#3235 = VECTOR ( 'NONE', #5294, 39.37007874015748143 ) ;
#3236 = ORIENTED_EDGE ( 'NONE', *, *, #2557, .F. ) ;
#3237 =( NAMED_UNIT ( * ) SI_UNIT ( $, .STERADIAN. ) SOLID_ANGLE_UNIT ( ) );
#3238 = VECTOR ( 'NONE', #10146, 39.37007874015748854 ) ;
#3239 = DIRECTION ( 'NONE',  ( 1.000000000000000000, 5.419062250743739597E-13, 3.925417528682153637E-13 ) ) ;
#3240 = LINE ( 'NONE', #611, #6874 ) ;
#3241 = DIMENSIONAL_EXPONENTS ( 1.000000000000000000, 0.0000000000000000000, 0.0000000000000000000, 0.0000000000000000000, 0.0000000000000000000, 0.0000000000000000000, 0.0000000000000000000 ) ;
#3242 = FILL_AREA_STYLE_COLOUR ( '', #6010 ) ;
#3243 = CARTESIAN_POINT ( 'NONE',  ( 0.4254818849634283695, 0.1217789874329370248, -0.1319881892249934463 ) ) ;
#3244 = DIMENSIONAL_EXPONENTS ( 1.000000000000000000, 0.0000000000000000000, 0.0000000000000000000, 0.0000000000000000000, 0.0000000000000000000, 0.0000000000000000000, 0.0000000000000000000 ) ;
#3245 = EDGE_CURVE ( 'NONE', #2042, #5724, #5272, .T. ) ;
#3246 = ORIENTED_EDGE ( 'NONE', *, *, #3883, .T. ) ;
#3247 = DIRECTION ( 'NONE',  ( -8.234490263801784106E-12, 1.353889066150678860E-26, 1.000000000000000000 ) ) ;
#3248 = CARTESIAN_POINT ( 'NONE',  ( 0.2006796306912835559, -0.02488414520015491682, -0.1674212600919229299 ) ) ;
#3249 = EDGE_CURVE ( 'NONE', #2232, #3979, #4091, .T. ) ;
#3250 = VECTOR ( 'NONE', #6740, 39.37007874015748143 ) ;
#3251 = DIRECTION ( 'NONE',  ( -8.234490263801784106E-12, 1.353889066150678860E-26, 1.000000000000000000 ) ) ;
#3252 = ORIENTED_EDGE ( 'NONE', *, *, #11724, .F. ) ;
#3253 = PLANE ( 'NONE',  #3362 ) ;
#3254 = ORIENTED_EDGE ( 'NONE', *, *, #6248, .F. ) ;
#3255 = CARTESIAN_POINT ( 'NONE',  ( 0.5152344748436959998, -0.02108063623287810551, -0.2679189576495357161 ) ) ;
#3256 = VERTEX_POINT ( 'NONE', #451 ) ;
#3257 = VERTEX_POINT ( 'NONE', #2358 ) ;
#3258 =( NAMED_UNIT ( * ) PLANE_ANGLE_UNIT ( ) SI_UNIT ( $, .RADIAN. ) );
#3259 = PRESENTATION_LAYER_ASSIGNMENT (  '', '', ( #11778 ) ) ;
#3260 = LENGTH_MEASURE_WITH_UNIT ( LENGTH_MEASURE( 0.02539999999999999897 ), #4082 );
#3261 = EDGE_CURVE ( 'NONE', #4248, #8911, #2430, .T. ) ;
#3262 = ORIENTED_EDGE ( 'NONE', *, *, #3052, .T. ) ;
#3263 =( CONVERSION_BASED_UNIT ( 'INCH', #9643 ) LENGTH_UNIT ( ) NAMED_UNIT ( #7660 ) );
#3264 = PRESENTATION_STYLE_ASSIGNMENT (( #11812 ) ) ;
#3265 = DIRECTION ( 'NONE',  ( -1.748601263784622143E-15, 0.0000000000000000000, 1.000000000000000000 ) ) ;
#3266 = COLOUR_RGB ( '',0.7607843137254901578, 0.7607843137254901578, 0.0000000000000000000 ) ;
#3267 = EDGE_LOOP ( 'NONE', ( #7949, #6819, #2816, #8322, #31, #4790, #11597, #10531 ) ) ;
#3268 = LINE ( 'NONE', #11693, #4708 ) ;
#3269 = VECTOR ( 'NONE', #5445, 39.37007874015748143 ) ;
#3270 = ORIENTED_EDGE ( 'NONE', *, *, #2310, .T. ) ;
#3271 = VERTEX_POINT ( 'NONE', #1537 ) ;
#3272 = FILL_AREA_STYLE_COLOUR ( '', #9399 ) ;
#3273 = EDGE_CURVE ( 'NONE', #4380, #5803, #5210, .T. ) ;
#3274 = DIRECTION ( 'NONE',  ( -1.000000000000000000, 1.644517855226007998E-15, -1.748601263784621946E-15 ) ) ;
#3275 =( CONVERSION_BASED_UNIT ( 'INCH', #7767 ) LENGTH_UNIT ( ) NAMED_UNIT ( #995 ) );
#3276 = VERTEX_POINT ( 'NONE', #5015 ) ;
#3277 = DIRECTION ( 'NONE',  ( -2.073140270563762466E-12, 1.000000000000000000, -6.707523425575003250E-12 ) ) ;
#3278 = CARTESIAN_POINT ( 'NONE',  ( 0.5225010356768849951, -0.01798479209465760759, -0.1477362207211436185 ) ) ;
#3279 = VECTOR ( 'NONE', #485, 39.37007874015748143 ) ;
#3280 = VECTOR ( 'NONE', #3855, 39.37007874015748143 ) ;
#3281 = DIRECTION ( 'NONE',  ( 1.000000000000000000, -1.243065535181522807E-11, -2.549634902058215512E-12 ) ) ;
#3282 = ORIENTED_EDGE ( 'NONE', *, *, #10323, .T. ) ;
#3283 = VECTOR ( 'NONE', #5117, 39.37007874015748854 ) ;
#3284 = EDGE_LOOP ( 'NONE', ( #3201, #4165, #1431, #10993 ) ) ;
#3285 =( NAMED_UNIT ( * ) SI_UNIT ( $, .STERADIAN. ) SOLID_ANGLE_UNIT ( ) );
#3286 = ADVANCED_FACE ( 'NONE', ( #1408 ), #8003, .T. ) ;
#3287 = CARTESIAN_POINT ( 'NONE',  ( 0.1843617094242554211, -0.03570132752772790796, -0.04773622072184419141 ) ) ;
#3288 = DIRECTION ( 'NONE',  ( -1.644517855226007801E-15, -1.000000000000000000, -2.875605999964572744E-30 ) ) ;
#3289 = DIRECTION ( 'NONE',  ( 0.0000000000000000000, 1.000000000000000000, 0.0000000000000000000 ) ) ;
#3290 = SURFACE_SIDE_STYLE ('',( #11590 ) ) ;
#3291 = PRESENTATION_LAYER_ASSIGNMENT (  '', '', ( #10083 ) ) ;
#3292 = FACE_OUTER_BOUND ( 'NONE', #5897, .T. ) ;
#3293 = AXIS2_PLACEMENT_3D ( 'NONE', #4756, #7425, #2823 ) ;
#3294 = ORIENTED_EDGE ( 'NONE', *, *, #6857, .T. ) ;
#3295 = DIRECTION ( 'NONE',  ( 1.644517855226008195E-15, 1.000000000000000000, 2.890435660536364269E-30 ) ) ;
#3296 = ORIENTED_EDGE ( 'NONE', *, *, #8731, .T. ) ;
#3297 = EDGE_CURVE ( 'NONE', #11263, #4026, #10107, .T. ) ;
#3298 = STYLED_ITEM ( 'NONE', ( #11953 ), #2606 ) ;
#3299 = PLANE ( 'NONE',  #4030 ) ;
#3300 = CARTESIAN_POINT ( 'NONE',  ( 0.3140612938105271645, 0.1020939480628623997, -0.2329724411934975259 ) ) ;
#3301 = LINE ( 'NONE', #7855, #9322 ) ;
#3302 = ORIENTED_EDGE ( 'NONE', *, *, #1208, .T. ) ;
#3303 = DIRECTION ( 'NONE',  ( -0.05226423163383502740, -0.4972609476841255427, 0.8660254037844445918 ) ) ;
#3304 = FACE_OUTER_BOUND ( 'NONE', #2681, .T. ) ;
#3305 = VECTOR ( 'NONE', #7666, 39.37007874015748854 ) ;
#3306 = UNCERTAINTY_MEASURE_WITH_UNIT (LENGTH_MEASURE( 1.000000000000000082E-05 ), #3837, 'distance_accuracy_value', 'NONE');
#3307 = AXIS2_PLACEMENT_3D ( 'NONE', #5248, #8950, #4321 ) ;
#3308 = CARTESIAN_POINT ( 'NONE',  ( 0.4696401291258294752, 0.04500733388959446413, -0.08789370103656818367 ) ) ;
#3309 = VERTEX_POINT ( 'NONE', #10789 ) ;
#3310 = LENGTH_MEASURE_WITH_UNIT ( LENGTH_MEASURE( 0.02539999999999999897 ), #7745 );
#3311 = ADVANCED_FACE ( 'NONE', ( #7879 ), #3332, .T. ) ;
#3312 = VERTEX_POINT ( 'NONE', #9721 ) ;
#3313 = CARTESIAN_POINT ( 'NONE',  ( 0.5172050357898664297, -0.02375406862796468691, -0.2674212600912659332 ) ) ;
#3314 = CARTESIAN_POINT ( 'NONE',  ( 0.4578091021359867452, 0.001406169436326775574, 0.001978705532487012690 ) ) ;
#3315 = EDGE_LOOP ( 'NONE', ( #2847, #3331, #4710, #9799, #1361, #605, #4839, #4543, #8695, #2696, #4838, #11523, #5141, #7904 ) ) ;
#3316 = VECTOR ( 'NONE', #11467, 39.37007874015748854 ) ;
#3317 = CARTESIAN_POINT ( 'NONE',  ( 0.4920108682649405041, 0.02729079845652353231, -0.2878937010363552540 ) ) ;
#3318 = DIRECTION ( 'NONE',  ( 1.644517855226008195E-15, 1.000000000000000000, 2.890435660536364269E-30 ) ) ;
#3319 = LINE ( 'NONE', #8772, #9950 ) ;
#3320 = ORIENTED_EDGE ( 'NONE', *, *, #5954, .T. ) ;
#3321 = LINE ( 'NONE', #6167, #1233 ) ;
#3322 = DIRECTION ( 'NONE',  ( 0.9040697404025186401, -1.626303258728254284E-15, 0.4273849605315124811 ) ) ;
#3323 = SURFACE_SIDE_STYLE ('',( #9838 ) ) ;
#3324 = DIMENSIONAL_EXPONENTS ( 1.000000000000000000, 0.0000000000000000000, 0.0000000000000000000, 0.0000000000000000000, 0.0000000000000000000, 0.0000000000000000000, 0.0000000000000000000 ) ;
#3325 = CYLINDRICAL_SURFACE ( 'NONE', #3750, 0.01771653543307086937 ) ;
#3326 = CARTESIAN_POINT ( 'NONE',  ( 0.3496518449916174442, 0.1434325307400277361, -0.1791535435558992695 ) ) ;
#3327 = AXIS2_PLACEMENT_3D ( 'NONE', #197, #9410, #3969 ) ;
#3328 = EDGE_LOOP ( 'NONE', ( #10306, #11703, #636, #5469 ) ) ;
#3329 = CARTESIAN_POINT ( 'NONE',  ( 0.5225010356770470876, -0.02585880784268910701, -0.1674212600912223792 ) ) ;
#3330 = EDGE_CURVE ( 'NONE', #11981, #10417, #11056, .T. ) ;
#3331 = ORIENTED_EDGE ( 'NONE', *, *, #7971, .F. ) ;
#3332 = PLANE ( 'NONE',  #6598 ) ;
#3333 = ORIENTED_EDGE ( 'NONE', *, *, #2893, .T. ) ;
#3334 = EDGE_CURVE ( 'NONE', #651, #2511, #6230, .T. ) ;
#3335 = CARTESIAN_POINT ( 'NONE',  ( 0.5092218448041271328, -0.01405121771457881752, -0.03750000024881194188 ) ) ;
#3336 =( NAMED_UNIT ( * ) SI_UNIT ( $, .STERADIAN. ) SOLID_ANGLE_UNIT ( ) );
#3337 = EDGE_LOOP ( 'NONE', ( #11319, #11376, #2076, #10609 ) ) ;
#3338 =( CONVERSION_BASED_UNIT ( 'INCH', #11642 ) LENGTH_UNIT ( ) NAMED_UNIT ( #4783 ) );
#3339 = DIRECTION ( 'NONE',  ( 4.482742302360809843E-10, 0.0000000000000000000, -1.000000000000000000 ) ) ;
#3340 = LINE ( 'NONE', #3405, #6650 ) ;
#3341 = UNCERTAINTY_MEASURE_WITH_UNIT (LENGTH_MEASURE( 1.000000000000000082E-05 ), #8422, 'distance_accuracy_value', 'NONE');
#3342 = EDGE_CURVE ( 'NONE', #2165, #7017, #6318, .T. ) ;
#3343 = ORIENTED_EDGE ( 'NONE', *, *, #5268, .F. ) ;
#3344 = ORIENTED_EDGE ( 'NONE', *, *, #1250, .T. ) ;
#3345 = CARTESIAN_POINT ( 'NONE',  ( 0.3496518449916174442, 0.1434325307400277361, -0.1791535435558992695 ) ) ;
#3346 = CARTESIAN_POINT ( 'NONE',  ( 0.1843617094242558929, -0.01798479209465704554, -0.1674212600919229854 ) ) ;
#3347 = DIRECTION ( 'NONE',  ( 1.748601263784622143E-15, 0.0000000000000000000, -1.000000000000000000 ) ) ;
#3348 = LINE ( 'NONE', #5295, #10344 ) ;
#3349 =( GEOMETRIC_REPRESENTATION_CONTEXT ( 3 ) GLOBAL_UNCERTAINTY_ASSIGNED_CONTEXT ( ( #5779 ) ) GLOBAL_UNIT_ASSIGNED_CONTEXT ( ( #9534, #4283, #8910 ) ) REPRESENTATION_CONTEXT ( 'NONE', 'WORKASPACE' ) );
#3350 = VECTOR ( 'NONE', #7345, 39.37007874015748854 ) ;
#3351 = ORIENTED_EDGE ( 'NONE', *, *, #3117, .F. ) ;
#3352 = DIRECTION ( 'NONE',  ( 0.0000000000000000000, 0.0000000000000000000, -1.000000000000000000 ) ) ;
#3353 = MECHANICAL_DESIGN_GEOMETRIC_PRESENTATION_REPRESENTATION (  '', ( #5492 ), #281 ) ;
#3354 = EDGE_LOOP ( 'NONE', ( #1599, #2268, #2534, #9947 ) ) ;
#3355 = DIRECTION ( 'NONE',  ( -1.644517855226008195E-15, -1.000000000000000000, -2.890435660536364269E-30 ) ) ;
#3356 = CARTESIAN_POINT ( 'NONE',  ( 0.1896577093114374113, -0.02375406862796415261, -0.2674212600919229632 ) ) ;
#3357 = VECTOR ( 'NONE', #1065, 39.37007874015748143 ) ;
#3358 = LINE ( 'NONE', #11732, #3914 ) ;
#3359 = LINE ( 'NONE', #4196, #3081 ) ;
#3360 = DIRECTION ( 'NONE',  ( 1.748601263784622143E-15, 0.0000000000000000000, -1.000000000000000000 ) ) ;
#3361 = SURFACE_STYLE_FILL_AREA ( #1744 ) ;
#3362 = AXIS2_PLACEMENT_3D ( 'NONE', #11926, #4396, #11861 ) ;
#3363 = DIRECTION ( 'NONE',  ( -0.9945218953682689600, -0.1045284632676950626, -8.189380864547703863E-12 ) ) ;
#3364 = AXIS2_PLACEMENT_3D ( 'NONE', #769, #8135, #8258 ) ;
#3365 = SURFACE_SIDE_STYLE ('',( #7128 ) ) ;
#3366 = ORIENTED_EDGE ( 'NONE', *, *, #1969, .F. ) ;
#3367 = COLOUR_RGB ( '',1.000000000000000000, 1.000000000000000000, 1.000000000000000000 ) ;
#3368 = DIRECTION ( 'NONE',  ( -1.644517855226007801E-15, -1.000000000000000000, -2.890435660536363919E-30 ) ) ;
#3369 = COLOUR_RGB ( '',0.7607843137254901578, 0.7607843137254901578, 0.0000000000000000000 ) ;
#3370 = ADVANCED_FACE ( 'NONE', ( #20 ), #7282, .F. ) ;
#3371 = ORIENTED_EDGE ( 'NONE', *, *, #845, .F. ) ;
#3372 = LINE ( 'NONE', #563, #2991 ) ;
#3373 = PRESENTATION_LAYER_ASSIGNMENT (  '', '', ( #7837 ) ) ;
#3374 = EDGE_LOOP ( 'NONE', ( #11909, #2342, #11150, #9307 ) ) ;
#3375 = COLOUR_RGB ( '',0.7607843137254901578, 0.7607843137254901578, 0.0000000000000000000 ) ;
#3376 = CARTESIAN_POINT ( 'NONE',  ( 0.2021550464030787697, -0.01818255847634997827, -0.1713582679659386987 ) ) ;
#3377 = DIRECTION ( 'NONE',  ( -1.000000000000000000, -3.408447766453399072E-14, -1.748601263784622143E-15 ) ) ;
#3378 = STYLED_ITEM ( 'NONE', ( #1288 ), #5186 ) ;
#3379 = VECTOR ( 'NONE', #4218, 39.37007874015748143 ) ;
#3380 = FACE_OUTER_BOUND ( 'NONE', #745, .T. ) ;
#3381 = SURFACE_STYLE_USAGE ( .BOTH. , #9034 ) ;
#3382 = EDGE_LOOP ( 'NONE', ( #9763, #10819, #2862, #6414 ) ) ;
#3383 = CARTESIAN_POINT ( 'NONE',  ( 0.2014422566030117379, -0.02496430041343659922, -0.1398622049738126871 ) ) ;
#3384 = CARTESIAN_POINT ( 'NONE',  ( 6.393511784004161030E-16, 0.1434325307400282634, -0.1000000000000000056 ) ) ;
#3385 = ADVANCED_FACE ( 'NONE', ( #1896 ), #8359, .F. ) ;
#3386 = LENGTH_MEASURE_WITH_UNIT ( LENGTH_MEASURE( 0.02539999999999999897 ), #4280 );
#3387 = PRESENTATION_LAYER_ASSIGNMENT (  '', '', ( #1858 ) ) ;
#3388 = VECTOR ( 'NONE', #3656, 39.37007874015748143 ) ;
#3389 = COLOUR_RGB ( '',1.000000000000000000, 1.000000000000000000, 1.000000000000000000 ) ;
#3390 = CARTESIAN_POINT ( 'NONE',  ( 0.2453562723633105069, 0.03516481420455543072, -0.2339196358434976752 ) ) ;
#3391 = MECHANICAL_DESIGN_GEOMETRIC_PRESENTATION_REPRESENTATION (  '', ( #7058 ), #10561 ) ;
#3392 = EDGE_LOOP ( 'NONE', ( #1728, #10755, #7901, #8839 ) ) ;
#3393 = DIRECTION ( 'NONE',  ( -1.644517855226008195E-15, -1.000000000000000000, -2.890435660536364269E-30 ) ) ;
#3394 = ORIENTED_EDGE ( 'NONE', *, *, #3112, .F. ) ;
#3395 = CARTESIAN_POINT ( 'NONE',  ( 0.2148518768365320075, 0.02729079845652397987, -0.2878937010368047833 ) ) ;
#3396 = ORIENTED_EDGE ( 'NONE', *, *, #9628, .T. ) ;
#3397 = SURFACE_SIDE_STYLE ('',( #5991 ) ) ;
#3398 =( GEOMETRIC_REPRESENTATION_CONTEXT ( 3 ) GLOBAL_UNCERTAINTY_ASSIGNED_CONTEXT ( ( #2585 ) ) GLOBAL_UNIT_ASSIGNED_CONTEXT ( ( #7359, #10151, #11200 ) ) REPRESENTATION_CONTEXT ( 'NONE', 'WORKASPACE' ) );
#3399 = FILL_AREA_STYLE_COLOUR ( '', #1338 ) ;
#3400 = DIRECTION ( 'NONE',  ( 1.828542904681267652E-15, 0.04993761694386230493, -0.9987523388778462019 ) ) ;
#3401 = VECTOR ( 'NONE', #1376, 39.37007874015748854 ) ;
#3402 = ORIENTED_EDGE ( 'NONE', *, *, #1440, .F. ) ;
#3403 = CARTESIAN_POINT ( 'NONE',  ( 0.2372226159726799066, 0.03516481420455547929, -0.08001968528830076532 ) ) ;
#3404 = FILL_AREA_STYLE_COLOUR ( '', #6776 ) ;
#3405 = CARTESIAN_POINT ( 'NONE',  ( 0.3140612938105263319, 0.1021333181416026054, -0.03297244119349746622 ) ) ;
#3406 = EDGE_CURVE ( 'NONE', #2112, #11173, #1978, .T. ) ;
#3407 = EDGE_CURVE ( 'NONE', #245, #5751, #10343, .T. ) ;
#3408 = VERTEX_POINT ( 'NONE', #7111 ) ;
#3409 = DIMENSIONAL_EXPONENTS ( 1.000000000000000000, 0.0000000000000000000, 0.0000000000000000000, 0.0000000000000000000, 0.0000000000000000000, 0.0000000000000000000, 0.0000000000000000000 ) ;
#3410 = VERTEX_POINT ( 'NONE', #3469 ) ;
#3411 = DIRECTION ( 'NONE',  ( -0.9945218953682690710, -0.1045284632676950765, -8.189380864547705479E-12 ) ) ;
#3412 = FACE_OUTER_BOUND ( 'NONE', #8870, .T. ) ;
#3413 = DIRECTION ( 'NONE',  ( 1.748601263784621748E-15, 0.0000000000000000000, -1.000000000000000000 ) ) ;
#3414 = SURFACE_SIDE_STYLE ('',( #656 ) ) ;
#3415 = EDGE_CURVE ( 'NONE', #5546, #10081, #10808, .T. ) ;
#3416 = DIRECTION ( 'NONE',  ( 1.748601263784622143E-15, 0.0000000000000000000, -1.000000000000000000 ) ) ;
#3417 = EDGE_CURVE ( 'NONE', #567, #3571, #2749, .T. ) ;
#3418 = LINE ( 'NONE', #9810, #9780 ) ;
#3419 = VERTEX_POINT ( 'NONE', #6193 ) ;
#3420 = ORIENTED_EDGE ( 'NONE', *, *, #433, .F. ) ;
#3421 = LENGTH_MEASURE_WITH_UNIT ( LENGTH_MEASURE( 0.02539999999999999897 ), #10758 );
#3422 = CARTESIAN_POINT ( 'NONE',  ( 0.1921418968833506769, -0.01929016831111244820, -0.06892388780233671408 ) ) ;
#3423 = CARTESIAN_POINT ( 'NONE',  ( 0.4625214697563814759, 0.04500733388959444331, -0.2833849212006233631 ) ) ;
#3424 = DIRECTION ( 'NONE',  ( 0.1045284632676983655, 0.9945218953682685159, 1.827786029713617844E-16 ) ) ;
#3425 = ADVANCED_FACE ( 'NONE', ( #1617 ), #5293, .F. ) ;
#3426 = LINE ( 'NONE', #5051, #3283 ) ;
#3427 = ORIENTED_EDGE ( 'NONE', *, *, #1725, .F. ) ;
#3428 = UNCERTAINTY_MEASURE_WITH_UNIT (LENGTH_MEASURE( 1.000000000000000082E-05 ), #151, 'distance_accuracy_value', 'NONE');
#3429 = CARTESIAN_POINT ( 'NONE',  ( 0.3928014512908298839, 0.1060309559368544097, -0.1327755907997966167 ) ) ;
#3430 = ORIENTED_EDGE ( 'NONE', *, *, #964, .T. ) ;
#3431 = FACE_OUTER_BOUND ( 'NONE', #548, .T. ) ;
#3432 = CARTESIAN_POINT ( 'NONE',  ( 0.5483132623142003004, -0.03570132752772853940, -0.2477362207209310163 ) ) ;
#3433 = EDGE_CURVE ( 'NONE', #10364, #4037, #2150, .T. ) ;
#3434 = ORIENTED_EDGE ( 'NONE', *, *, #141, .F. ) ;
#3435 = CARTESIAN_POINT ( 'NONE',  ( 0.5171906553894763947, -0.02376973408140408903, -0.2477362080802064381 ) ) ;
#3436 = MECHANICAL_DESIGN_GEOMETRIC_PRESENTATION_REPRESENTATION (  '', ( #363 ), #4972 ) ;
#3437 = DIRECTION ( 'NONE',  ( 1.000000000000000000, -1.644517855226007801E-15, 1.748601263784621748E-15 ) ) ;
#3438 = PLANE ( 'NONE',  #11591 ) ;
#3439 = DIRECTION ( 'NONE',  ( -1.748601263784621748E-15, 0.0000000000000000000, 1.000000000000000000 ) ) ;
#3440 = ORIENTED_EDGE ( 'NONE', *, *, #8629, .F. ) ;
#3441 = DIRECTION ( 'NONE',  ( -1.748601263784622143E-15, 0.0000000000000000000, 1.000000000000000000 ) ) ;
#3442 = CLOSED_SHELL ( 'NONE', ( #10129, #2484, #9502, #2714, #5596, #11509, #5420, #3425, #4067, #3731 ) ) ;
#3443 =( CONVERSION_BASED_UNIT ( 'INCH', #11748 ) LENGTH_UNIT ( ) NAMED_UNIT ( #11235 ) );
#3444 = UNCERTAINTY_MEASURE_WITH_UNIT (LENGTH_MEASURE( 1.000000000000000082E-05 ), #10995, 'distance_accuracy_value', 'NONE');
#3445 = CARTESIAN_POINT ( 'NONE',  ( 0.2514430687567357769, 0.04500733388959479025, -0.2778562600915686076 ) ) ;
#3446 = ORIENTED_EDGE ( 'NONE', *, *, #11295, .T. ) ;
#3447 = CYLINDRICAL_SURFACE ( 'NONE', #9563, 0.007874015748031504627 ) ;
#3448 = ORIENTED_EDGE ( 'NONE', *, *, #9668, .F. ) ;
#3449 = AXIS2_PLACEMENT_3D ( 'NONE', #3317, #4022, #2289 ) ;
#3450 = DIRECTION ( 'NONE',  ( -1.644517855226008195E-15, -1.000000000000000000, -2.890435660536364269E-30 ) ) ;
#3451 = VERTEX_POINT ( 'NONE', #4612 ) ;
#3452 = ADVANCED_FACE ( 'NONE', ( #8313 ), #5581, .F. ) ;
#3453 = CARTESIAN_POINT ( 'NONE',  ( 0.2019811918225137837, -0.01983667431789040703, -0.2693440471051540275 ) ) ;
#3454 =( NAMED_UNIT ( * ) SI_UNIT ( $, .STERADIAN. ) SOLID_ANGLE_UNIT ( ) );
#3455 = ORIENTED_EDGE ( 'NONE', *, *, #10956, .F. ) ;
#3456 = DIRECTION ( 'NONE',  ( -0.9945218953682685159, 0.1045284632676983655, -1.739022243102431967E-15 ) ) ;
#3457 = CARTESIAN_POINT ( 'NONE',  ( 0.3142156862761680269, 0.1217789874329372468, 0.01210629896398272669 ) ) ;
#3458 = VECTOR ( 'NONE', #10061, 39.37007874015748143 ) ;
#3459 = DIMENSIONAL_EXPONENTS ( 1.000000000000000000, 0.0000000000000000000, 0.0000000000000000000, 0.0000000000000000000, 0.0000000000000000000, 0.0000000000000000000, 0.0000000000000000000 ) ;
#3460 = UNCERTAINTY_MEASURE_WITH_UNIT (LENGTH_MEASURE( 1.000000000000000082E-05 ), #609, 'distance_accuracy_value', 'NONE');
#3461 = FILL_AREA_STYLE ('',( #1903 ) ) ;
#3462 = VERTEX_POINT ( 'NONE', #865 ) ;
#3463 = ORIENTED_EDGE ( 'NONE', *, *, #1561, .T. ) ;
#3464 = DIRECTION ( 'NONE',  ( -1.555145074134650487E-15, -0.9987523388778386524, -0.04993761694401192830 ) ) ;
#3465 = ADVANCED_FACE ( 'NONE', ( #8364 ), #9345, .T. ) ;
#3466 = DIRECTION ( 'NONE',  ( -8.234490263801784106E-12, 1.353889066150678573E-26, 1.000000000000000000 ) ) ;
#3467 = AXIS2_PLACEMENT_3D ( 'NONE', #1520, #9888, #1583 ) ;
#3468 = FILL_AREA_STYLE_COLOUR ( '', #3046 ) ;
#3469 = CARTESIAN_POINT ( 'NONE',  ( 0.2313841284562624390, 0.04500733388959485964, -0.02726377977696224642 ) ) ;
#3470 = DIRECTION ( 'NONE',  ( 0.9040697401960466895, -1.445602896647340100E-15, -0.4273849609682733863 ) ) ;
#3471 = AXIS2_PLACEMENT_3D ( 'NONE', #8689, #423, #4064 ) ;
#3472 = ORIENTED_EDGE ( 'NONE', *, *, #9310, .F. ) ;
#3473 = CARTESIAN_POINT ( 'NONE',  ( 0.1585494827869409484, -0.03570132752772788715, -0.1674212600919230409 ) ) ;
#3474 = EDGE_CURVE ( 'NONE', #7988, #10629, #4061, .T. ) ;
#3475 = DIRECTION ( 'NONE',  ( 1.644517855226007801E-15, 1.000000000000000000, 2.875605999964572744E-30 ) ) ;
#3476 = DIRECTION ( 'NONE',  ( 1.000000000000000000, -1.644517855226007801E-15, 1.748601263784622143E-15 ) ) ;
#3477 = ADVANCED_FACE ( 'NONE', ( #3907 ), #6773, .T. ) ;
#3478 =( NAMED_UNIT ( * ) SI_UNIT ( $, .STERADIAN. ) SOLID_ANGLE_UNIT ( ) );
#3479 = CARTESIAN_POINT ( 'NONE',  ( 0.2148518768365311749, 0.03516481420455551399, -0.08789370103680475832 ) ) ;
#3480 = SURFACE_STYLE_USAGE ( .BOTH. , #6443 ) ;
#3481 = PRESENTATION_LAYER_ASSIGNMENT (  '', '', ( #2521 ) ) ;
#3482 = CARTESIAN_POINT ( 'NONE',  ( 0.2506952668928376649, 0.03516481420455543766, -0.1313957089104267617 ) ) ;
#3483 = CIRCLE ( 'NONE', #11411, 0.007874015748031490750 ) ;
#3484 = EDGE_LOOP ( 'NONE', ( #8399, #383, #4827, #6516 ) ) ;
#3485 = CARTESIAN_POINT ( 'NONE',  ( 0.3928014512908303835, 0.1434325307400276250, -0.2360039372566872795 ) ) ;
#3486 = EDGE_CURVE ( 'NONE', #10903, #9055, #7587, .T. ) ;
#3487 = DIRECTION ( 'NONE',  ( -1.644517855226007801E-15, -1.000000000000000000, -2.890435660536363568E-30 ) ) ;
#3488 = ADVANCED_FACE ( 'NONE', ( #5854 ), #2116, .T. ) ;
#3489 = STYLED_ITEM ( 'NONE', ( #3213 ), #1968 ) ;
#3490 = ORIENTED_EDGE ( 'NONE', *, *, #1418, .F. ) ;
#3491 = CARTESIAN_POINT ( 'NONE',  ( 0.1970056568980007028, -0.02450745300942713464, -0.06742126009192292435 ) ) ;
#3492 = SURFACE_STYLE_USAGE ( .BOTH. , #9143 ) ;
#3493 = SURFACE_STYLE_USAGE ( .BOTH. , #1820 ) ;
#3494 = ORIENTED_EDGE ( 'NONE', *, *, #730, .F. ) ;
#3495 =( CONVERSION_BASED_UNIT ( 'INCH', #2716 ) LENGTH_UNIT ( ) NAMED_UNIT ( #652 ) );
#3496 = PRESENTATION_STYLE_ASSIGNMENT (( #11806 ) ) ;
#3497 = DIRECTION ( 'NONE',  ( 0.9578261432953891763, 0.2873483586517949773, 1.674856004652267247E-15 ) ) ;
#3498 = DIRECTION ( 'NONE',  ( -0.9945218953682690710, -0.1045284632676948683, -8.189822277139379500E-12 ) ) ;
#3499 = VERTEX_POINT ( 'NONE', #4025 ) ;
#3500 = DIRECTION ( 'NONE',  ( 0.1045284632676983655, 0.9945218953682685159, 1.827786029713617844E-16 ) ) ;
#3501 = FACE_OUTER_BOUND ( 'NONE', #10052, .T. ) ;
#3502 = VECTOR ( 'NONE', #6201, 39.37007874015748143 ) ;
#3503 = AXIS2_PLACEMENT_3D ( 'NONE', #7321, #5385, #750 ) ;
#3504 = DIRECTION ( 'NONE',  ( -1.000000000000000000, 1.644517855226007801E-15, -8.234490263801784106E-12 ) ) ;
#3505 = ORIENTED_EDGE ( 'NONE', *, *, #4298, .F. ) ;
#3506 = LENGTH_MEASURE_WITH_UNIT ( LENGTH_MEASURE( 0.02539999999999999897 ), #9281 );
#3507 = STYLED_ITEM ( 'NONE', ( #5362 ), #3425 ) ;
#3508 = ORIENTED_EDGE ( 'NONE', *, *, #9416, .F. ) ;
#3509 = ORIENTED_EDGE ( 'NONE', *, *, #9892, .F. ) ;
#3510 = SURFACE_SIDE_STYLE ('',( #9163 ) ) ;
#3511 =( NAMED_UNIT ( * ) SI_UNIT ( $, .STERADIAN. ) SOLID_ANGLE_UNIT ( ) );
#3512 = CYLINDRICAL_SURFACE ( 'NONE', #11917, 0.005905511811027556318 ) ;
#3513 = ORIENTED_EDGE ( 'NONE', *, *, #11449, .T. ) ;
#3514 = DIRECTION ( 'NONE',  ( -1.644517855226008195E-15, -1.000000000000000000, -2.890435660536364269E-30 ) ) ;
#3515 = CARTESIAN_POINT ( 'NONE',  ( 0.2514430687567349998, 0.04500733388959482495, -0.07785626009156855487 ) ) ;
#3516 = EDGE_CURVE ( 'NONE', #3676, #8719, #6654, .T. ) ;
#3517 = DIRECTION ( 'NONE',  ( -1.000000000000000000, 0.0000000000000000000, 1.734723475977064066E-15 ) ) ;
#3518 = ORIENTED_EDGE ( 'NONE', *, *, #1714, .T. ) ;
#3519 = ORIENTED_EDGE ( 'NONE', *, *, #8992, .T. ) ;
#3520 = DIRECTION ( 'NONE',  ( -1.000000000000000000, 1.626303258728259609E-15, -2.168404344971012812E-15 ) ) ;
#3521 = LENGTH_MEASURE_WITH_UNIT ( LENGTH_MEASURE( 0.02539999999999999897 ), #1553 );
#3522 = CARTESIAN_POINT ( 'NONE',  ( 0.1933643507908065773, -0.007659296307097984528, -0.02726377977696231580 ) ) ;
#3523 = CARTESIAN_POINT ( 'NONE',  ( 0.2372226159726802952, 0.04500733388959483189, -0.1800196852883007848 ) ) ;
#3524 = DIRECTION ( 'NONE',  ( 8.234490263801784106E-12, -1.353889066150678860E-26, -1.000000000000000000 ) ) ;
#3525 = CARTESIAN_POINT ( 'NONE',  ( 0.1843617094242554766, -0.01798479209465702819, -0.04773622072184419141 ) ) ;
#3526 = DIRECTION ( 'NONE',  ( 0.9945218953682689600, 0.1045284632676950626, 8.189380864547705479E-12 ) ) ;
#3527 = EDGE_CURVE ( 'NONE', #10649, #9177, #1107, .T. ) ;
#3528 = CARTESIAN_POINT ( 'NONE',  ( 0.4754786166447397266, 0.03516481420455509072, -0.02726377977664890331 ) ) ;
#3529 = ORIENTED_EDGE ( 'NONE', *, *, #4645, .F. ) ;
#3530 = DIRECTION ( 'NONE',  ( 1.748601263784621748E-15, 0.0000000000000000000, -1.000000000000000000 ) ) ;
#3531 = AXIS2_PLACEMENT_3D ( 'NONE', #3767, #8330, #1801 ) ;
#3532 = CARTESIAN_POINT ( 'NONE',  ( 0.3926470588251994576, 0.1020939480628583751, -0.007578740406095759927 ) ) ;
#3533 = CARTESIAN_POINT ( 'NONE',  ( 0.1914011193520336329, -0.02157683654261705747, -0.06774491815687146146 ) ) ;
#3534 = ORIENTED_EDGE ( 'NONE', *, *, #3978, .T. ) ;
#3535 = DIRECTION ( 'NONE',  ( -2.837565599156477682E-11, 1.000000000000000000, -4.961769309790727612E-26 ) ) ;
#3536 = PRESENTATION_STYLE_ASSIGNMENT (( #4446 ) ) ;
#3537 = SURFACE_SIDE_STYLE ('',( #11853 ) ) ;
#3538 = FILL_AREA_STYLE_COLOUR ( '', #10278 ) ;
#3539 = LINE ( 'NONE', #4450, #4234 ) ;
#3540 = ORIENTED_EDGE ( 'NONE', *, *, #7644, .T. ) ;
#3541 = VECTOR ( 'NONE', #1236, 39.37007874015748143 ) ;
#3542 = EDGE_CURVE ( 'NONE', #4570, #5427, #2069, .T. ) ;
#3543 = UNCERTAINTY_MEASURE_WITH_UNIT (LENGTH_MEASURE( 1.000000000000000082E-05 ), #334, 'distance_accuracy_value', 'NONE');
#3544 = CARTESIAN_POINT ( 'NONE',  ( 0.5134983943101647519, -0.007659296307098515354, -0.02726377977633583430 ) ) ;
#3545 =( GEOMETRIC_REPRESENTATION_CONTEXT ( 3 ) GLOBAL_UNCERTAINTY_ASSIGNED_CONTEXT ( ( #4142 ) ) GLOBAL_UNIT_ASSIGNED_CONTEXT ( ( #1323, #1559, #5419 ) ) REPRESENTATION_CONTEXT ( 'NONE', 'WORKASPACE' ) );
#3546 = ORIENTED_EDGE ( 'NONE', *, *, #10826, .T. ) ;
#3547 = DIRECTION ( 'NONE',  ( -0.06844477288250365443, 0.6512085141311786396, 0.7558060493196154805 ) ) ;
#3548 = VECTOR ( 'NONE', #9955, 39.37007874015748143 ) ;
#3549 = VECTOR ( 'NONE', #576, 39.37007874015748143 ) ;
#3550 =( NAMED_UNIT ( * ) SI_UNIT ( $, .STERADIAN. ) SOLID_ANGLE_UNIT ( ) );
#3551 = FILL_AREA_STYLE ('',( #11863 ) ) ;
#3552 = ORIENTED_EDGE ( 'NONE', *, *, #11149, .F. ) ;
#3553 = CYLINDRICAL_SURFACE ( 'NONE', #7915, 0.005905511811023620231 ) ;
#3554 = PRESENTATION_LAYER_ASSIGNMENT (  '', '', ( #11486 ) ) ;
#3555 = ORIENTED_EDGE ( 'NONE', *, *, #1188, .F. ) ;
#3556 = CYLINDRICAL_SURFACE ( 'NONE', #7600, 0.007874015748031495954 ) ;
#3557 = VECTOR ( 'NONE', #10854, 39.37007874015748143 ) ;
#3558 = LINE ( 'NONE', #10837, #8924 ) ;
#3559 = DIMENSIONAL_EXPONENTS ( 1.000000000000000000, 0.0000000000000000000, 0.0000000000000000000, 0.0000000000000000000, 0.0000000000000000000, 0.0000000000000000000, 0.0000000000000000000 ) ;
#3560 = MECHANICAL_DESIGN_GEOMETRIC_PRESENTATION_REPRESENTATION (  '', ( #1238 ), #5309 ) ;
#3561 = DIRECTION ( 'NONE',  ( 1.000000000000000000, -1.644517855226008195E-15, -1.387778780775897814E-15 ) ) ;
#3562 = MECHANICAL_DESIGN_GEOMETRIC_PRESENTATION_REPRESENTATION (  '', ( #7436 ), #7248 ) ;
#3563 =( CONVERSION_BASED_UNIT ( 'INCH', #10897 ) LENGTH_UNIT ( ) NAMED_UNIT ( #11531 ) );
#3564 = VECTOR ( 'NONE', #6132, 39.37007874015748143 ) ;
#3565 = VECTOR ( 'NONE', #5162, 39.37007874015748143 ) ;
#3566 = ORIENTED_EDGE ( 'NONE', *, *, #8883, .F. ) ;
#3567 = DIRECTION ( 'NONE',  ( -1.000000000000000000, 1.644517855226007998E-15, 1.748601263784621946E-15 ) ) ;
#3568 = MECHANICAL_DESIGN_GEOMETRIC_PRESENTATION_REPRESENTATION (  '', ( #6479 ), #888 ) ;
#3569 = VERTEX_POINT ( 'NONE', #5806 ) ;
#3570 =( LENGTH_UNIT ( ) NAMED_UNIT ( * ) SI_UNIT ( $, .METRE. ) );
#3571 = VERTEX_POINT ( 'NONE', #1218 ) ;
#3572 = VECTOR ( 'NONE', #10630, 39.37007874015748143 ) ;
#3573 = PLANE ( 'NONE',  #2405 ) ;
#3574 =( NAMED_UNIT ( * ) PLANE_ANGLE_UNIT ( ) SI_UNIT ( $, .RADIAN. ) );
#3575 = DIRECTION ( 'NONE',  ( -0.6691306063588781106, 0.7431448254773763695, 0.0000000000000000000 ) ) ;
#3576 = EDGE_CURVE ( 'NONE', #9049, #8419, #2170, .T. ) ;
#3577 = ORIENTED_EDGE ( 'NONE', *, *, #2704, .T. ) ;
#3578 = SURFACE_SIDE_STYLE ('',( #9106 ) ) ;
#3579 = COLOUR_RGB ( '',0.2509803921568627416, 0.2509803921568627416, 0.2509803921568627416 ) ;
#3580 = CARTESIAN_POINT ( 'NONE',  ( 0.4561674782084675361, 0.03516481420455509765, -0.1373012207222373826 ) ) ;
#3581 = PRESENTATION_STYLE_ASSIGNMENT (( #6420 ) ) ;
#3582 = VECTOR ( 'NONE', #2767, 39.37007874015748143 ) ;
#3583 = COLOUR_RGB ( '',0.7607843137254901578, 0.7607843137254901578, 0.0000000000000000000 ) ;
#3584 = SURFACE_STYLE_FILL_AREA ( #3461 ) ;
#3585 = ORIENTED_EDGE ( 'NONE', *, *, #3407, .F. ) ;
#3586 = VECTOR ( 'NONE', #1899, 39.37007874015748143 ) ;
#3587 = ORIENTED_EDGE ( 'NONE', *, *, #285, .T. ) ;
#3588 = CARTESIAN_POINT ( 'NONE',  ( 0.4754786166455545748, 0.03516481420522435397, -0.2272637797769618828 ) ) ;
#3589 = STYLED_ITEM ( 'NONE', ( #446 ), #5172 ) ;
#3590 = LINE ( 'NONE', #1730, #9777 ) ;
#3591 = DIRECTION ( 'NONE',  ( -1.748601263784621748E-15, 0.0000000000000000000, 1.000000000000000000 ) ) ;
#3592 = DIRECTION ( 'NONE',  ( 1.748601263784622143E-15, 0.0000000000000000000, -1.000000000000000000 ) ) ;
#3593 = EDGE_CURVE ( 'NONE', #5087, #4051, #1281, .T. ) ;
#3594 = PLANE ( 'NONE',  #10037 ) ;
#3595 = DIRECTION ( 'NONE',  ( 0.09052430460837825044, 0.8612812260087766569, -0.4999999999999882316 ) ) ;
#3596 =( LENGTH_UNIT ( ) NAMED_UNIT ( * ) SI_UNIT ( $, .METRE. ) );
#3597 = ORIENTED_EDGE ( 'NONE', *, *, #3031, .T. ) ;
#3598 = DIRECTION ( 'NONE',  ( -1.644517855226008195E-15, -1.000000000000000000, -6.123233995736766036E-17 ) ) ;
#3599 = DIRECTION ( 'NONE',  ( 4.196190604145846758E-13, -6.871954312449809553E-28, -1.000000000000000000 ) ) ;
#3600 = ORIENTED_EDGE ( 'NONE', *, *, #665, .F. ) ;
#3601 = CARTESIAN_POINT ( 'NONE',  ( 0.2443412753455939668, 0.03516481420455543072, -0.2317725596143638267 ) ) ;
#3602 =( LENGTH_UNIT ( ) NAMED_UNIT ( * ) SI_UNIT ( $, .METRE. ) );
#3603 = EDGE_CURVE ( 'NONE', #7189, #7940, #59, .T. ) ;
#3604 = EDGE_CURVE ( 'NONE', #7968, #3271, #7506, .T. ) ;
#3605 = DIRECTION ( 'NONE',  ( 1.644517855226008195E-15, 1.000000000000000000, 2.890435660536364269E-30 ) ) ;
#3606 = ORIENTED_EDGE ( 'NONE', *, *, #8141, .T. ) ;
#3607 = ORIENTED_EDGE ( 'NONE', *, *, #2073, .F. ) ;
#3608 = CYLINDRICAL_SURFACE ( 'NONE', #5102, 0.005905511811027564992 ) ;
#3609 = CIRCLE ( 'NONE', #4782, 0.007874015748031494219 ) ;
#3610 = CARTESIAN_POINT ( 'NONE',  ( 0.1909719846748601513, -0.02226315452805394113, -0.2475736221702392603 ) ) ;
#3611 = LINE ( 'NONE', #7439, #9224 ) ;
#3612 = EDGE_CURVE ( 'NONE', #11443, #9162, #4948, .T. ) ;
#3613 = ORIENTED_EDGE ( 'NONE', *, *, #5408, .F. ) ;
#3614 = CARTESIAN_POINT ( 'NONE',  ( 0.5483132623141999673, -0.02585880784268914170, -0.1477362207209310108 ) ) ;
#3615 = SURFACE_STYLE_FILL_AREA ( #8236 ) ;
#3616 = DIRECTION ( 'NONE',  ( 1.748601263784621748E-15, 0.0000000000000000000, -1.000000000000000000 ) ) ;
#3617 = DIRECTION ( 'NONE',  ( 1.644517855226008195E-15, 1.000000000000000000, 2.890435660536364269E-30 ) ) ;
#3618 = EDGE_LOOP ( 'NONE', ( #875, #450, #7648, #4506 ) ) ;
#3619 = PLANE ( 'NONE',  #10695 ) ;
#3620 = B_SPLINE_CURVE_WITH_KNOTS ( 'NONE', 3,
 ( #11444, #7700, #5600, #4893, #7366, #2124, #8271, #397, #8602, #11054, #3141, #3709, #11388 ),
 .UNSPECIFIED., .F., .F.,
 ( 4, 3, 3, 3, 4 ),
 ( -1.878211220321841299E-06, 0.0000000000000000000, 5.232092011448408257E-05, 0.0001048841986582706544, 0.0001536880156048156401 ),
 .UNSPECIFIED. ) ;
#3621 =( NAMED_UNIT ( * ) PLANE_ANGLE_UNIT ( ) SI_UNIT ( $, .RADIAN. ) );
#3622 = AXIS2_PLACEMENT_3D ( 'NONE', #2252, #7884, #4901 ) ;
#3623 = DIRECTION ( 'NONE',  ( -1.000000000000000000, 1.644517855226007801E-15, -8.234490263801784106E-12 ) ) ;
#3624 = ORIENTED_EDGE ( 'NONE', *, *, #9892, .T. ) ;
#3625 = LINE ( 'NONE', #6353, #3548 ) ;
#3626 = CIRCLE ( 'NONE', #2267, 0.01771653543307088671 ) ;
#3627 = ORIENTED_EDGE ( 'NONE', *, *, #2164, .T. ) ;
#3628 = DIRECTION ( 'NONE',  ( -1.000000000000000000, 1.644517855226007801E-15, -8.234490263801784106E-12 ) ) ;
#3629 = VERTEX_POINT ( 'NONE', #5003 ) ;
#3630 = ADVANCED_FACE ( 'NONE', ( #10537 ), #441, .T. ) ;
#3631 = DIRECTION ( 'NONE',  ( -0.09052430460421928560, 0.8612812260087807648, -0.5000000000007341905 ) ) ;
#3632 = SURFACE_STYLE_FILL_AREA ( #5460 ) ;
#3633 = DIRECTION ( 'NONE',  ( -0.9578261420740937782, -0.2873483627227724213, 1.479133750702765530E-08 ) ) ;
#3634 = STYLED_ITEM ( 'NONE', ( #11350 ), #155 ) ;
#3635 = EDGE_LOOP ( 'NONE', ( #11237, #4222, #7315, #88 ) ) ;
#3636 =( CONVERSION_BASED_UNIT ( 'INCH', #10028 ) LENGTH_UNIT ( ) NAMED_UNIT ( #10603 ) );
#3637 = SURFACE_STYLE_FILL_AREA ( #6596 ) ;
#3638 = ORIENTED_EDGE ( 'NONE', *, *, #2655, .T. ) ;
#3639 = DIMENSIONAL_EXPONENTS ( 1.000000000000000000, 0.0000000000000000000, 0.0000000000000000000, 0.0000000000000000000, 0.0000000000000000000, 0.0000000000000000000, 0.0000000000000000000 ) ;
#3640 = ADVANCED_FACE ( 'NONE', ( #386 ), #9641, .F. ) ;
#3641 = VERTEX_POINT ( 'NONE', #5136 ) ;
#3642 = EDGE_LOOP ( 'NONE', ( #4558, #9789, #10706, #9905 ) ) ;
#3643 = CARTESIAN_POINT ( 'NONE',  ( 0.5152090898304267919, -0.02393547695607492476, -0.2398622049731721773 ) ) ;
#3644 = CARTESIAN_POINT ( 'NONE',  ( 0.3928014512908296063, 0.1021333181416024527, -0.03297244119349760499 ) ) ;
#3645 = SURFACE_SIDE_STYLE ('',( #11898 ) ) ;
#3646 = CARTESIAN_POINT ( 'NONE',  ( 0.1921925904901460591, -0.01880785086056259089, -0.2458134337086158305 ) ) ;
#3647 = CARTESIAN_POINT ( 'NONE',  ( 0.5163375968542005534, -0.03467250407036624738, -0.1272637797763124801 ) ) ;
#3648 = LENGTH_MEASURE_WITH_UNIT ( LENGTH_MEASURE( 0.02539999999999999897 ), #2687 );
#3649 = DIRECTION ( 'NONE',  ( 1.748601263784621946E-15, -2.465190328815662439E-32, -1.000000000000000000 ) ) ;
#3650 = DIRECTION ( 'NONE',  ( -1.000000000000000000, 1.644517855226007801E-15, -4.436729704083846065E-13 ) ) ;
#3651 = ORIENTED_EDGE ( 'NONE', *, *, #9714, .F. ) ;
#3652 = CARTESIAN_POINT ( 'NONE',  ( 0.4754786166450025164, 0.03516481420311536044, -0.3197218394863753366 ) ) ;
#3653 = VECTOR ( 'NONE', #7911, 39.37007874015748143 ) ;
#3654 = CARTESIAN_POINT ( 'NONE',  ( 0.2443412753444515473, 0.04500733388959483189, -0.08338492120105671368 ) ) ;
#3655 = EDGE_LOOP ( 'NONE', ( #10975, #9701, #436, #5345, #3708, #1735 ) ) ;
#3656 = DIRECTION ( 'NONE',  ( 1.000000000000000000, -1.644517855226007801E-15, -2.873049712194215800E-12 ) ) ;
#3657 = SURFACE_SIDE_STYLE ('',( #11060 ) ) ;
#3658 = SURFACE_STYLE_FILL_AREA ( #1808 ) ;
#3659 = CIRCLE ( 'NONE', #6752, 0.007874015748031516770 ) ;
#3660 = DIRECTION ( 'NONE',  ( -0.9945218953682690710, -0.1045284632676950765, -8.189380864547705479E-12 ) ) ;
#3661 = ORIENTED_EDGE ( 'NONE', *, *, #11602, .T. ) ;
#3662 = CARTESIAN_POINT ( 'NONE',  ( 0.3928014512908295508, 0.1020939480628583751, -0.08218503961889118969 ) ) ;
#3663 = UNCERTAINTY_MEASURE_WITH_UNIT (LENGTH_MEASURE( 1.000000000000000082E-05 ), #1232, 'distance_accuracy_value', 'NONE');
#3664 = ADVANCED_FACE ( 'NONE', ( #10777 ), #6897, .T. ) ;
#3665 =( NAMED_UNIT ( * ) SI_UNIT ( $, .STERADIAN. ) SOLID_ANGLE_UNIT ( ) );
#3666 = ORIENTED_EDGE ( 'NONE', *, *, #11602, .F. ) ;
#3667 = CARTESIAN_POINT ( 'NONE',  ( 0.5048815532788069049, -0.01983667431789506996, -0.2693440471046126827 ) ) ;
#3668 = AXIS2_PLACEMENT_3D ( 'NONE', #1, #10830, #11006 ) ;
#3669 = CARTESIAN_POINT ( 'NONE',  ( 0.3928014512908295508, 0.1020939480628622886, -0.07915354355589927782 ) ) ;
#3670 = DIRECTION ( 'NONE',  ( -8.234490263801784106E-12, 1.353889066150678860E-26, 1.000000000000000000 ) ) ;
#3671 = ORIENTED_EDGE ( 'NONE', *, *, #874, .F. ) ;
#3672 = DIRECTION ( 'NONE',  ( -0.1045284632676950626, 0.9945218953682689600, -8.607386130680116915E-13 ) ) ;
#3673 = DIRECTION ( 'NONE',  ( 0.09052430460833847670, 0.8612812260087805427, 0.4999999999999888978 ) ) ;
#3674 = FACE_OUTER_BOUND ( 'NONE', #2785, .T. ) ;
#3675 =( LENGTH_UNIT ( ) NAMED_UNIT ( * ) SI_UNIT ( $, .METRE. ) );
#3676 = VERTEX_POINT ( 'NONE', #6165 ) ;
#3677 = CARTESIAN_POINT ( 'NONE',  ( 0.2006796306912806138, -0.02488414520016166837, -0.1477362207218441692 ) ) ;
#3678 = FACE_OUTER_BOUND ( 'NONE', #653, .T. ) ;
#3679 = STYLED_ITEM ( 'NONE', ( #7754 ), #2725 ) ;
#3680 = VECTOR ( 'NONE', #11179, 39.37007874015748143 ) ;
#3681 = EDGE_CURVE ( 'NONE', #2821, #8541, #9945, .T. ) ;
#3682 = DIRECTION ( 'NONE',  ( 0.05226423162670060241, -0.4972609476841257092, 0.8660254037848750253 ) ) ;
#3683 = ORIENTED_EDGE ( 'NONE', *, *, #10225, .F. ) ;
#3684 = FILL_AREA_STYLE ('',( #8357 ) ) ;
#3685 = ORIENTED_EDGE ( 'NONE', *, *, #2339, .T. ) ;
#3686 = ORIENTED_EDGE ( 'NONE', *, *, #1120, .T. ) ;
#3687 = VECTOR ( 'NONE', #7012, 39.37007874015748143 ) ;
#3688 = FACE_OUTER_BOUND ( 'NONE', #4400, .T. ) ;
#3689 = DIRECTION ( 'NONE',  ( -0.1045284632676950626, 0.9945218953682689600, -8.607386130680116915E-13 ) ) ;
#3690 = CARTESIAN_POINT ( 'NONE',  ( 0.4754786166447397266, 0.03516481420455509072, -0.02726377977664890331 ) ) ;
#3691 = VERTEX_POINT ( 'NONE', #6105 ) ;
#3692 = FILL_AREA_STYLE ('',( #6306 ) ) ;
#3693 = EDGE_CURVE ( 'NONE', #8260, #3040, #10596, .T. ) ;
#3694 =( NAMED_UNIT ( * ) PLANE_ANGLE_UNIT ( ) SI_UNIT ( $, .RADIAN. ) );
#3695 = PRESENTATION_LAYER_ASSIGNMENT (  '', '', ( #3507 ) ) ;
#3696 = ORIENTED_EDGE ( 'NONE', *, *, #8786, .F. ) ;
#3697 = ORIENTED_EDGE ( 'NONE', *, *, #1124, .F. ) ;
#3698 = ORIENTED_EDGE ( 'NONE', *, *, #5112, .F. ) ;
#3699 = DIRECTION ( 'NONE',  ( -1.748601263784622143E-15, 0.0000000000000000000, 1.000000000000000000 ) ) ;
#3700 = CARTESIAN_POINT ( 'NONE',  ( 0.2514430687595301528, 0.04500733388959482495, -0.03730122072145040241 ) ) ;
#3701 = SURFACE_STYLE_USAGE ( .BOTH. , #10392 ) ;
#3702 = DIRECTION ( 'NONE',  ( 8.234490263801784106E-12, -1.353889066150678860E-26, -1.000000000000000000 ) ) ;
#3703 =( CONVERSION_BASED_UNIT ( 'INCH', #11108 ) LENGTH_UNIT ( ) NAMED_UNIT ( #5266 ) );
#3704 = FILL_AREA_STYLE ('',( #7526 ) ) ;
#3705 = EDGE_CURVE ( 'NONE', #6982, #10659, #5977, .T. ) ;
#3706 = SURFACE_STYLE_USAGE ( .BOTH. , #1856 ) ;
#3707 =( NAMED_UNIT ( * ) PLANE_ANGLE_UNIT ( ) SI_UNIT ( $, .RADIAN. ) );
#3708 = ORIENTED_EDGE ( 'NONE', *, *, #10447, .T. ) ;
#3709 = CARTESIAN_POINT ( 'NONE',  ( 0.5147208482177769717, -0.01929016831111298597, -0.04623359301079384143 ) ) ;
#3710 = CARTESIAN_POINT ( 'NONE',  ( 0.2924077505034288205, 0.1060309559368545623, -0.2823818900125920628 ) ) ;
#3711 = VERTEX_POINT ( 'NONE', #2538 ) ;
#3712 = LENGTH_MEASURE_WITH_UNIT ( LENGTH_MEASURE( 0.02539999999999999897 ), #666 );
#3713 = CARTESIAN_POINT ( 'NONE',  ( 0.2313841284562323797, 0.03516481420455547235, -0.1878937010368047777 ) ) ;
#3714 = DIRECTION ( 'NONE',  ( 0.6691306063588773334, -0.7431448254773770357, 9.637352644315590806E-16 ) ) ;
#3715 = DIMENSIONAL_EXPONENTS ( 1.000000000000000000, 0.0000000000000000000, 0.0000000000000000000, 0.0000000000000000000, 0.0000000000000000000, 0.0000000000000000000, 0.0000000000000000000 ) ;
#3716 = LINE ( 'NONE', #1629, #613 ) ;
#3717 = B_SPLINE_CURVE_WITH_KNOTS ( 'NONE', 3,
 ( #10266, #1964, #8151, #4737, #8944, #664, #9931, #3533, #11848, #7061, #4315, #3422, #7119 ),
 .UNSPECIFIED., .F., .F.,
 ( 4, 3, 3, 3, 4 ),
 ( -1.878211220322463444E-06, -2.117582368135750848E-22, 5.232092011448422487E-05, 0.0001048841986582702208, 0.0001536880156048162365 ),
 .UNSPECIFIED. ) ;
#3718 = EDGE_LOOP ( 'NONE', ( #10805, #11837, #10644, #4083 ) ) ;
#3719 = EDGE_CURVE ( 'NONE', #4090, #4842, #3319, .T. ) ;
#3720 = EDGE_CURVE ( 'NONE', #10605, #2892, #6219, .T. ) ;
#3721 = PRESENTATION_LAYER_ASSIGNMENT (  '', '', ( #5843 ) ) ;
#3722 = VERTEX_POINT ( 'NONE', #8898 ) ;
#3723 = DIRECTION ( 'NONE',  ( 1.644517855226007801E-15, 1.000000000000000000, 2.875605999964572744E-30 ) ) ;
#3724 = DIRECTION ( 'NONE',  ( -1.000000000000000000, 1.644517855226007801E-15, -8.234490263801784106E-12 ) ) ;
#3725 = DIRECTION ( 'NONE',  ( 0.0000000000000000000, -0.2873478937908958142, 0.9578262827537862290 ) ) ;
#3726 = LINE ( 'NONE', #3614, #235 ) ;
#3727 = VECTOR ( 'NONE', #2752, 39.37007874015748143 ) ;
#3728 = LENGTH_MEASURE_WITH_UNIT ( LENGTH_MEASURE( 0.02539999999999999897 ), #2536 );
#3729 = PRESENTATION_STYLE_ASSIGNMENT (( #1029 ) ) ;
#3730 = CARTESIAN_POINT ( 'NONE',  ( 0.2514430687598451231, 0.03516481420455545848, -0.03139570891042674922 ) ) ;
#3731 = ADVANCED_FACE ( 'NONE', ( #11679 ), #1395, .F. ) ;
#3732 = ORIENTED_EDGE ( 'NONE', *, *, #17, .F. ) ;
#3733 = PLANE ( 'NONE',  #8800 ) ;
#3734 = VECTOR ( 'NONE', #11148, 39.37007874015748854 ) ;
#3735 = CARTESIAN_POINT ( 'NONE',  ( 0.2021550464030783256, -0.01818255847634996092, -0.04379921284782839486 ) ) ;
#3736 = ORIENTED_EDGE ( 'NONE', *, *, #8869, .T. ) ;
#3737 = SURFACE_SIDE_STYLE ('',( #5749 ) ) ;
#3738 = VERTEX_POINT ( 'NONE', #7268 ) ;
#3739 = FILL_AREA_STYLE_COLOUR ( '', #1598 ) ;
#3740 = ORIENTED_EDGE ( 'NONE', *, *, #10416, .T. ) ;
#3741 =( GEOMETRIC_REPRESENTATION_CONTEXT ( 3 ) GLOBAL_UNCERTAINTY_ASSIGNED_CONTEXT ( ( #8758 ) ) GLOBAL_UNIT_ASSIGNED_CONTEXT ( ( #7443, #752, #8350 ) ) REPRESENTATION_CONTEXT ( 'NONE', 'WORKASPACE' ) );
#3742 = DIRECTION ( 'NONE',  ( 0.6691306063588791098, 0.7431448254773753703, 5.509915440571338380E-12 ) ) ;
#3743 =( CONVERSION_BASED_UNIT ( 'INCH', #195 ) LENGTH_UNIT ( ) NAMED_UNIT ( #5155 ) );
#3744 = FACE_OUTER_BOUND ( 'NONE', #9957, .T. ) ;
#3745 = EDGE_CURVE ( 'NONE', #11313, #11205, #2377, .T. ) ;
#3746 = CIRCLE ( 'NONE', #11894, 0.005905511811027564992 ) ;
#3747 = ORIENTED_EDGE ( 'NONE', *, *, #2690, .F. ) ;
#3748 = VECTOR ( 'NONE', #4517, 39.37007874015748143 ) ;
#3749 = AXIS2_PLACEMENT_3D ( 'NONE', #1729, #5412, #7170 ) ;
#3750 = AXIS2_PLACEMENT_3D ( 'NONE', #9096, #10782, #6037 ) ;
#3751 = AXIS2_PLACEMENT_3D ( 'NONE', #1123, #3820, #5475 ) ;
#3752 = ORIENTED_EDGE ( 'NONE', *, *, #2262, .F. ) ;
#3753 = AXIS2_PLACEMENT_3D ( 'NONE', #7601, #8397, #7486 ) ;
#3754 = ORIENTED_EDGE ( 'NONE', *, *, #10406, .F. ) ;
#3755 = ORIENTED_EDGE ( 'NONE', *, *, #5441, .T. ) ;
#3756 = SURFACE_SIDE_STYLE ('',( #10442 ) ) ;
#3757 = CARTESIAN_POINT ( 'NONE',  ( 0.4254818849634279254, 0.1217789874329370386, -0.03198818922499343381 ) ) ;
#3758 = VECTOR ( 'NONE', #7215, 39.37007874015748143 ) ;
#3759 = STYLED_ITEM ( 'NONE', ( #4739 ), #7459 ) ;
#3760 = FACE_OUTER_BOUND ( 'NONE', #8100, .T. ) ;
#3761 = FILL_AREA_STYLE ('',( #9301 ) ) ;
#3762 = DIRECTION ( 'NONE',  ( 8.234490263801784106E-12, -1.353889066150678860E-26, -1.000000000000000000 ) ) ;
#3763 = ADVANCED_FACE ( 'NONE', ( #10892 ), #4464, .T. ) ;
#3764 = STYLED_ITEM ( 'NONE', ( #4346 ), #4498 ) ;
#3765 = CARTESIAN_POINT ( 'NONE',  ( 0.2506952668945306439, 0.03516481420455543766, -0.1778562600915685743 ) ) ;
#3766 = EDGE_CURVE ( 'NONE', #5054, #8837, #8238, .T. ) ;
#3767 = CARTESIAN_POINT ( 'NONE',  ( 0.2746912150703575972, 0.1217789874329372746, -0.1831692915873953942 ) ) ;
#3768 = MECHANICAL_DESIGN_GEOMETRIC_PRESENTATION_REPRESENTATION (  '', ( #126 ), #9413 ) ;
#3769 = ORIENTED_EDGE ( 'NONE', *, *, #2825, .T. ) ;
#3770 = SURFACE_STYLE_USAGE ( .BOTH. , #1920 ) ;
#3771 = AXIS2_PLACEMENT_3D ( 'NONE', #4010, #1149, #8517 ) ;
#3772 =( NAMED_UNIT ( * ) SI_UNIT ( $, .STERADIAN. ) SOLID_ANGLE_UNIT ( ) );
#3773 = EDGE_CURVE ( 'NONE', #4457, #1876, #6290, .T. ) ;
#3774 = CARTESIAN_POINT ( 'NONE',  ( 0.1585494827869405599, -0.02585880784268849639, -0.06742126009192302150 ) ) ;
#3775 = DIRECTION ( 'NONE',  ( 1.644517855226008195E-15, 1.000000000000000000, 2.890435660536364269E-30 ) ) ;
#3776 = CARTESIAN_POINT ( 'NONE',  ( 0.4754786166453180418, 0.04500733388959444331, -0.1878937010364894467 ) ) ;
#3777 = EDGE_CURVE ( 'NONE', #10724, #9236, #9217, .T. ) ;
#3778 = DIRECTION ( 'NONE',  ( -0.9945218953682685159, 0.1045284632676983655, -1.739022243102431967E-15 ) ) ;
#3779 = ORIENTED_EDGE ( 'NONE', *, *, #10735, .T. ) ;
#3780 =( NAMED_UNIT ( * ) PLANE_ANGLE_UNIT ( ) SI_UNIT ( $, .RADIAN. ) );
#3781 = ORIENTED_EDGE ( 'NONE', *, *, #4046, .F. ) ;
#3782 = CARTESIAN_POINT ( 'NONE',  ( 0.2342116740154053245, 0.03769412902946407684, -0.3272637797758070066 ) ) ;
#3783 = EDGE_CURVE ( 'NONE', #4026, #1983, #4592, .T. ) ;
#3784 =( CONVERSION_BASED_UNIT ( 'INCH', #4701 ) LENGTH_UNIT ( ) NAMED_UNIT ( #3241 ) );
#3785 =( NAMED_UNIT ( * ) SI_UNIT ( $, .STERADIAN. ) SOLID_ANGLE_UNIT ( ) );
#3786 = DIRECTION ( 'NONE',  ( 1.644517855226008195E-15, 1.000000000000000000, 2.890435660536364269E-30 ) ) ;
#3787 =( CONVERSION_BASED_UNIT ( 'INCH', #7845 ) LENGTH_UNIT ( ) NAMED_UNIT ( #10574 ) );
#3788 = CARTESIAN_POINT ( 'NONE',  ( 0.3140612938105271645, 0.1020939480628584722, -0.2329724411934975259 ) ) ;
#3789 = ORIENTED_EDGE ( 'NONE', *, *, #9479, .T. ) ;
#3790 = DIMENSIONAL_EXPONENTS ( 1.000000000000000000, 0.0000000000000000000, 0.0000000000000000000, 0.0000000000000000000, 0.0000000000000000000, 0.0000000000000000000, 0.0000000000000000000 ) ;
#3791 = LENGTH_MEASURE_WITH_UNIT ( LENGTH_MEASURE( 0.02539999999999999897 ), #9277 );
#3792 = CARTESIAN_POINT ( 'NONE',  ( 0.3140612938105266649, 0.1020939480628624135, -0.1821850396188910703 ) ) ;
#3793 = VERTEX_POINT ( 'NONE', #10012 ) ;
#3794 =( NAMED_UNIT ( * ) PLANE_ANGLE_UNIT ( ) SI_UNIT ( $, .RADIAN. ) );
#3795 = EDGE_CURVE ( 'NONE', #8000, #4269, #920, .T. ) ;
#3796 = ORIENTED_EDGE ( 'NONE', *, *, #3108, .T. ) ;
#3797 = CARTESIAN_POINT ( 'NONE',  ( 0.4615064727376412823, 0.04500733388959444331, -0.2812378449690091098 ) ) ;
#3798 = VERTEX_POINT ( 'NONE', #1708 ) ;
#3799 = CARTESIAN_POINT ( 'NONE',  ( 0.2453562723632707610, 0.04500733388959481801, -0.1339196358434976697 ) ) ;
#3800 =( CONVERSION_BASED_UNIT ( 'INCH', #7568 ) LENGTH_UNIT ( ) NAMED_UNIT ( #2105 ) );
#3801 = VERTEX_POINT ( 'NONE', #4528 ) ;
#3802 = FILL_AREA_STYLE ('',( #4883 ) ) ;
#3803 = DIRECTION ( 'NONE',  ( -1.000000000000000000, 1.644517855226007801E-15, -8.234490263801784106E-12 ) ) ;
#3804 = FACE_OUTER_BOUND ( 'NONE', #7739, .T. ) ;
#3805 = AXIS2_PLACEMENT_3D ( 'NONE', #4625, #5417, #11170 ) ;
#3806 = VERTEX_POINT ( 'NONE', #5446 ) ;
#3807 = EDGE_CURVE ( 'NONE', #944, #1409, #5624, .T. ) ;
#3808 = EDGE_CURVE ( 'NONE', #616, #8620, #1836, .T. ) ;
#3809 = ORIENTED_EDGE ( 'NONE', *, *, #5774, .T. ) ;
#3810 = CIRCLE ( 'NONE', #11182, 0.007874015748031489015 ) ;
#3811 = CARTESIAN_POINT ( 'NONE',  ( 0.1585494827869413370, -0.03570132752772790796, -0.2674212600919230187 ) ) ;
#3812 = ORIENTED_EDGE ( 'NONE', *, *, #4792, .T. ) ;
#3813 =( CONVERSION_BASED_UNIT ( 'INCH', #153 ) LENGTH_UNIT ( ) NAMED_UNIT ( #11726 ) );
#3814 = DIRECTION ( 'NONE',  ( 1.000000000000000000, -1.644517855226007801E-15, 1.748601263784622143E-15 ) ) ;
#3815 = LINE ( 'NONE', #213, #4610 ) ;
#3816 = LINE ( 'NONE', #7520, #7638 ) ;
#3817 = LINE ( 'NONE', #10209, #10093 ) ;
#3819 = EDGE_CURVE ( 'NONE', #6371, #2666, #7324, .T. ) ;
#3818 = CARTESIAN_POINT ( 'NONE',  ( 0.3140612938105271645, 0.1021333181416025637, -0.2329724411934975259 ) ) ;
#3820 = DIRECTION ( 'NONE',  ( -1.000000000000000000, 1.644517855226007801E-15, -8.234490263801784106E-12 ) ) ;
#3821 = CLOSED_SHELL ( 'NONE', ( #2567, #3874, #155, #2100, #6369, #11552, #427, #9011, #3951, #8790, #408, #8887, #5482, #4066, #9827, #11408, #2437, #1499, #9248, #7120 ) ) ;
#3822 = DIRECTION ( 'NONE',  ( 0.1045284632676983655, 0.9945218953682685159, 1.827786029713617844E-16 ) ) ;
#3823 = EDGE_LOOP ( 'NONE', ( #3518, #6352, #5045, #2609, #3697, #9822 ) ) ;
#3824 = EDGE_CURVE ( 'NONE', #4457, #3214, #11143, .T. ) ;
#3825 = LINE ( 'NONE', #2036, #2796 ) ;
#3826 = DIRECTION ( 'NONE',  ( -2.431700674155225860E-12, -1.000000000000000000, -4.252089701634316427E-27 ) ) ;
#3827 = VECTOR ( 'NONE', #7460, 39.37007874015748143 ) ;
#3828 = DIRECTION ( 'NONE',  ( 0.4273849608879177753, -7.028421992352470748E-16, -0.9040697402340335254 ) ) ;
#3829 = CARTESIAN_POINT ( 'NONE',  ( 0.1843617094242562815, -0.02585880784268856231, -0.2477362207218442025 ) ) ;
#3830 = ORIENTED_EDGE ( 'NONE', *, *, #4534, .F. ) ;
#3831 = CARTESIAN_POINT ( 'NONE',  ( 0.4578091021353568602, -0.004205264535602351757, -0.3095942470915555300 ) ) ;
#3832 =( GEOMETRIC_REPRESENTATION_CONTEXT ( 3 ) GLOBAL_UNCERTAINTY_ASSIGNED_CONTEXT ( ( #2842 ) ) GLOBAL_UNIT_ASSIGNED_CONTEXT ( ( #9450, #9216, #5681 ) ) REPRESENTATION_CONTEXT ( 'NONE', 'WORKASPACE' ) );
#3833 = EDGE_CURVE ( 'NONE', #5546, #3084, #11250, .T. ) ;
#3834 = CARTESIAN_POINT ( 'NONE',  ( 0.4625214697567742173, 0.04500733388959447800, -0.03177255961278863117 ) ) ;
#3835 = EDGE_LOOP ( 'NONE', ( #10338, #2179, #4299, #4937, #5144, #899, #11423, #6905 ) ) ;
#3836 = LINE ( 'NONE', #125, #8019 ) ;
#3837 =( CONVERSION_BASED_UNIT ( 'INCH', #11299 ) LENGTH_UNIT ( ) NAMED_UNIT ( #1193 ) );
#3838 = DIRECTION ( 'NONE',  ( -1.000000000000000000, 1.644517855226007801E-15, -8.234490263801784106E-12 ) ) ;
#3839 = LINE ( 'NONE', #11548, #192 ) ;
#3840 =( NAMED_UNIT ( * ) SI_UNIT ( $, .STERADIAN. ) SOLID_ANGLE_UNIT ( ) );
#3841 = VECTOR ( 'NONE', #11365, 39.37007874015748143 ) ;
#3842 = DIMENSIONAL_EXPONENTS ( 1.000000000000000000, 0.0000000000000000000, 0.0000000000000000000, 0.0000000000000000000, 0.0000000000000000000, 0.0000000000000000000, 0.0000000000000000000 ) ;
#3843 = FACE_OUTER_BOUND ( 'NONE', #9707, .T. ) ;
#3844 = ORIENTED_EDGE ( 'NONE', *, *, #10651, .F. ) ;
#3845 = DIRECTION ( 'NONE',  ( 1.777675229241740150E-13, -1.000000000000000000, 3.108296855845006447E-28 ) ) ;
#3846 = EDGE_CURVE ( 'NONE', #1407, #7397, #4894, .T. ) ;
#3847 = VECTOR ( 'NONE', #6016, 39.37007874015748143 ) ;
#3848 = ORIENTED_EDGE ( 'NONE', *, *, #2872, .F. ) ;
#3849 = CARTESIAN_POINT ( 'NONE',  ( 0.5054377417277423623, -0.02312123604650298536, -0.06742126009136263642 ) ) ;
#3850 = EDGE_LOOP ( 'NONE', ( #144, #1237, #349, #3351 ) ) ;
#3851 = ORIENTED_EDGE ( 'NONE', *, *, #10941, .T. ) ;
#3852 = FACE_BOUND ( 'NONE', #5209, .T. ) ;
#3853 = DIRECTION ( 'NONE',  ( 0.0000000000000000000, 0.0000000000000000000, 1.000000000000000000 ) ) ;
#3854 = ORIENTED_EDGE ( 'NONE', *, *, #9104, .F. ) ;
#3855 = DIRECTION ( 'NONE',  ( 1.000000000000000000, -1.734723475977064460E-15, -1.734723475977064460E-15 ) ) ;
#3856 = STYLED_ITEM ( 'NONE', ( #7887 ), #2567 ) ;
#3857 = PRESENTATION_STYLE_ASSIGNMENT (( #2119 ) ) ;
#3858 = CARTESIAN_POINT ( 'NONE',  ( 0.2021550464030783256, -0.01818255847634996092, -0.04379921284782839486 ) ) ;
#3859 = ORIENTED_EDGE ( 'NONE', *, *, #5487, .T. ) ;
#3860 = DIMENSIONAL_EXPONENTS ( 1.000000000000000000, 0.0000000000000000000, 0.0000000000000000000, 0.0000000000000000000, 0.0000000000000000000, 0.0000000000000000000, 0.0000000000000000000 ) ;
#3861 = ORIENTED_EDGE ( 'NONE', *, *, #8017, .F. ) ;
#3862 = AXIS2_PLACEMENT_3D ( 'NONE', #2251, #1351, #11451 ) ;
#3863 = PLANE ( 'NONE',  #2929 ) ;
#3864 = VERTEX_POINT ( 'NONE', #4868 ) ;
#3865 = LINE ( 'NONE', #8432, #8996 ) ;
#3866 = SURFACE_STYLE_USAGE ( .BOTH. , #9424 ) ;
#3867 = ORIENTED_EDGE ( 'NONE', *, *, #9490, .F. ) ;
#3868 = PRESENTATION_STYLE_ASSIGNMENT (( #6496 ) ) ;
#3869 = CARTESIAN_POINT ( 'NONE',  ( 0.3928014512908299394, 0.1020939480628622748, -0.1821850396188912091 ) ) ;
#3870 = DIRECTION ( 'NONE',  ( 1.644517855226008195E-15, 1.000000000000000000, 2.890435660536364269E-30 ) ) ;
#3871 = CARTESIAN_POINT ( 'NONE',  ( 0.2019811918225126179, -0.01983667431789457383, -0.2458134337085990107 ) ) ;
#3872 = PLANE ( 'NONE',  #9305 ) ;
#3873 = PLANE ( 'NONE',  #3751 ) ;
#3874 = ADVANCED_FACE ( 'NONE', ( #9452 ), #6576, .T. ) ;
#3875 = VECTOR ( 'NONE', #4036, 39.37007874015748143 ) ;
#3876 = CIRCLE ( 'NONE', #10662, 0.007874015748031527179 ) ;
#3877 = DIRECTION ( 'NONE',  ( 0.6691306063588791098, 0.7431448254773753703, 5.512083844916310197E-12 ) ) ;
#3878 = ORIENTED_EDGE ( 'NONE', *, *, #3245, .T. ) ;
#3879 = AXIS2_PLACEMENT_3D ( 'NONE', #9228, #10194, #5520 ) ;
#3880 = FILL_AREA_STYLE_COLOUR ( '', #2092 ) ;
#3881 = FILL_AREA_STYLE_COLOUR ( '', #11555 ) ;
#3882 = VERTEX_POINT ( 'NONE', #10519 ) ;
#3883 = EDGE_CURVE ( 'NONE', #1519, #2839, #8407, .T. ) ;
#3884 = CARTESIAN_POINT ( 'NONE',  ( 0.2372226159726014416, 0.03516481420455546542, -0.1351377955249936924 ) ) ;
#3885 = LINE ( 'NONE', #5613, #10368 ) ;
#3886 = ORIENTED_EDGE ( 'NONE', *, *, #11121, .T. ) ;
#3887 = CARTESIAN_POINT ( 'NONE',  ( 0.2313841284562319633, 0.04500733388959485964, -0.08789370103680475832 ) ) ;
#3888 = DIRECTION ( 'NONE',  ( 0.9945218953682689600, 0.1045284632676950626, 8.189380864547705479E-12 ) ) ;
#3889 =( CONVERSION_BASED_UNIT ( 'INCH', #5619 ) LENGTH_UNIT ( ) NAMED_UNIT ( #7036 ) );
#3890 = LINE ( 'NONE', #7673, #2231 ) ;
#3891 = SURFACE_SIDE_STYLE ('',( #850 ) ) ;
#3892 = DIRECTION ( 'NONE',  ( -0.9945218953682690710, -0.1045284632676948683, -8.189822277139379500E-12 ) ) ;
#3893 = DIRECTION ( 'NONE',  ( 1.600365673315232923E-12, 1.000000000000000000, -3.637978807091997295E-12 ) ) ;
#3894 = EDGE_CURVE ( 'NONE', #2659, #1932, #4936, .T. ) ;
#3895 = ORIENTED_EDGE ( 'NONE', *, *, #4331, .T. ) ;
#3896 = EDGE_CURVE ( 'NONE', #6371, #3419, #6701, .T. ) ;
#3897 = CARTESIAN_POINT ( 'NONE',  ( 0.4615064727374438847, 0.03516481420455509072, -0.1339196358458594749 ) ) ;
#3898 = UNCERTAINTY_MEASURE_WITH_UNIT (LENGTH_MEASURE( 1.000000000000000082E-05 ), #10051, 'distance_accuracy_value', 'NONE');
#3899 = DIRECTION ( 'NONE',  ( -1.644517855226008392E-15, -1.000000000000000000, -6.123233995736766036E-17 ) ) ;
#3900 = VERTEX_POINT ( 'NONE', #5841 ) ;
#3901 = AXIS2_PLACEMENT_3D ( 'NONE', #6221, #11810, #3500 ) ;
#3902 = ORIENTED_EDGE ( 'NONE', *, *, #5079, .F. ) ;
#3903 = ORIENTED_EDGE ( 'NONE', *, *, #141, .T. ) ;
#3904 = ADVANCED_FACE ( 'NONE', ( #8635 ), #10362, .T. ) ;
#3905 = FILL_AREA_STYLE ('',( #9230 ) ) ;
#3906 = DIRECTION ( 'NONE',  ( -2.171873791922962805E-11, 0.0000000000000000000, 1.000000000000000000 ) ) ;
#3907 = FACE_OUTER_BOUND ( 'NONE', #9225, .T. ) ;
#3908 = ORIENTED_EDGE ( 'NONE', *, *, #2206, .T. ) ;
#3909 = LENGTH_MEASURE_WITH_UNIT ( LENGTH_MEASURE( 0.02539999999999999897 ), #2071 );
#3910 =( CONVERSION_BASED_UNIT ( 'INCH', #8596 ) LENGTH_UNIT ( ) NAMED_UNIT ( #8518 ) );
#3911 = CYLINDRICAL_SURFACE ( 'NONE', #9981, 0.007874015748031478606 ) ;
#3912 = AXIS2_PLACEMENT_3D ( 'NONE', #2798, #9292, #3517 ) ;
#3913 = DIRECTION ( 'NONE',  ( 1.000000000000000000, 0.0000000000000000000, -7.913884470697103077E-16 ) ) ;
#3914 = VECTOR ( 'NONE', #11660, 39.37007874015748143 ) ;
#3915 = ORIENTED_EDGE ( 'NONE', *, *, #10941, .F. ) ;
#3916 = AXIS2_PLACEMENT_3D ( 'NONE', #3525, #10810, #6137 ) ;
#3917 = EDGE_LOOP ( 'NONE', ( #1352, #2444, #8429, #3878, #9784, #2167, #11391, #4874 ) ) ;
#3918 = CARTESIAN_POINT ( 'NONE',  ( 0.5225010356768845510, -0.03570132752772847001, -0.04773622072114360598 ) ) ;
#3919 = ORIENTED_EDGE ( 'NONE', *, *, #11461, .F. ) ;
#3920 = CARTESIAN_POINT ( 'NONE',  ( 0.4696401291285074442, 0.03516481420455506990, -0.2800196852885760146 ) ) ;
#3921 = AXIS2_PLACEMENT_3D ( 'NONE', #5128, #4016, #2467 ) ;
#3922 = MECHANICAL_DESIGN_GEOMETRIC_PRESENTATION_REPRESENTATION (  '', ( #6061 ), #10717 ) ;
#3923 = ORIENTED_EDGE ( 'NONE', *, *, #1235, .T. ) ;
#3924 = CARTESIAN_POINT ( 'NONE',  ( 0.1916536552706492591, -0.02393547695607435924, -0.07529527583995439255 ) ) ;
#3925 = CARTESIAN_POINT ( 'NONE',  ( 0.5151853795052341312, -0.02096163172394873569, -0.2471900312112683407 ) ) ;
#3926 = DIRECTION ( 'NONE',  ( -1.644517855226008195E-15, -1.000000000000000000, -2.890435660536364269E-30 ) ) ;
#3927 = SURFACE_STYLE_USAGE ( .BOTH. , #3984 ) ;
#3928 = SURFACE_STYLE_FILL_AREA ( #8328 ) ;
#3929 = CARTESIAN_POINT ( 'NONE',  ( 0.4615064727376404496, 0.04500733388959447800, -0.08123784496900907093 ) ) ;
#3930 = UNCERTAINTY_MEASURE_WITH_UNIT (LENGTH_MEASURE( 1.000000000000000082E-05 ), #11351, 'distance_accuracy_value', 'NONE');
#3931 = AXIS2_PLACEMENT_3D ( 'NONE', #5382, #6396, #10112 ) ;
#3932 = CARTESIAN_POINT ( 'NONE',  ( 0.2018299441358805957, -0.02127569993138964111, -0.04706700642873200974 ) ) ;
#3933 = CIRCLE ( 'NONE', #2802, 0.007874015748031482076 ) ;
#3934 = ORIENTED_EDGE ( 'NONE', *, *, #9975, .F. ) ;
#3935 = CARTESIAN_POINT ( 'NONE',  ( 0.4561674782085065605, 0.04500733388959448494, -0.03730122072223737706 ) ) ;
#3936 = EDGE_CURVE ( 'NONE', #11945, #9648, #9506, .T. ) ;
#3937 = MECHANICAL_DESIGN_GEOMETRIC_PRESENTATION_REPRESENTATION (  '', ( #122 ), #1676 ) ;
#3938 = DIRECTION ( 'NONE',  ( -1.644517855226008195E-15, -1.000000000000000000, -2.890435660536364269E-30 ) ) ;
#3939 = DIRECTION ( 'NONE',  ( -1.644517855226007801E-15, -1.000000000000000000, 6.888556729901404633E-28 ) ) ;
#3940 =( LENGTH_UNIT ( ) NAMED_UNIT ( * ) SI_UNIT ( $, .METRE. ) );
#3941 = SURFACE_SIDE_STYLE ('',( #6744 ) ) ;
#3942 = DIMENSIONAL_EXPONENTS ( 1.000000000000000000, 0.0000000000000000000, 0.0000000000000000000, 0.0000000000000000000, 0.0000000000000000000, 0.0000000000000000000, 0.0000000000000000000 ) ;
#3943 = CARTESIAN_POINT ( 'NONE',  ( 0.2506952668928376649, 0.04500733388959481107, -0.1313957089104267617 ) ) ;
#3944 = CARTESIAN_POINT ( 'NONE',  ( 0.2514430687595310410, 0.04500733388959479025, -0.2373012207214504066 ) ) ;
#3945 = VECTOR ( 'NONE', #1447, 39.37007874015748854 ) ;
#3946 = COLOUR_RGB ( '',0.7607843137254901578, 0.7607843137254901578, 0.0000000000000000000 ) ;
#3947 = PRESENTATION_LAYER_ASSIGNMENT (  '', '', ( #6876 ) ) ;
#3948 = FACE_OUTER_BOUND ( 'NONE', #7002, .T. ) ;
#3949 = VERTEX_POINT ( 'NONE', #7737 ) ;
#3950 = FACE_OUTER_BOUND ( 'NONE', #522, .T. ) ;
#3951 = ADVANCED_FACE ( 'NONE', ( #3843 ), #132, .T. ) ;
#3952 = VECTOR ( 'NONE', #6324, 39.37007874015748143 ) ;
#3953 = CARTESIAN_POINT ( 'NONE',  ( 0.2389260676734684674, 0.03516481420629898741, -0.3272637797758070066 ) ) ;
#3954 = CARTESIAN_POINT ( 'NONE',  ( 0.5146701546111720482, -0.01880785086055410810, -0.2693440471045037143 ) ) ;
#3955 = VECTOR ( 'NONE', #11601, 39.37007874015748143 ) ;
#3956 = DIRECTION ( 'NONE',  ( 0.6691306063588773334, -0.7431448254773770357, 9.637352644315590806E-16 ) ) ;
#3957 = DIRECTION ( 'NONE',  ( -1.644517855226008392E-15, -1.000000000000000000, -6.123233995736766036E-17 ) ) ;
#3958 = EDGE_LOOP ( 'NONE', ( #9716, #10125, #10004, #4250 ) ) ;
#3959 = SURFACE_SIDE_STYLE ('',( #429 ) ) ;
#3960 = EDGE_LOOP ( 'NONE', ( #6011, #7885, #3056, #5357, #2443, #11512 ) ) ;
#3961 = DIRECTION ( 'NONE',  ( -1.582776894139425349E-15, -1.000000000000000000, -2.505182696621675477E-30 ) ) ;
#3962 = EDGE_CURVE ( 'NONE', #5483, #2298, #5232, .T. ) ;
#3963 = VERTEX_POINT ( 'NONE', #7049 ) ;
#3964 = DIRECTION ( 'NONE',  ( 8.234490263801784106E-12, -1.353889066150678860E-26, -1.000000000000000000 ) ) ;
#3965 = VERTEX_POINT ( 'NONE', #11722 ) ;
#3966 = EDGE_CURVE ( 'NONE', #1612, #7306, #11475, .T. ) ;
#3967 = CARTESIAN_POINT ( 'NONE',  ( 0.2019811918225122294, -0.01983667431789455649, -0.1458134337085990051 ) ) ;
#3968 = SURFACE_SIDE_STYLE ('',( #8362 ) ) ;
#3969 = DIRECTION ( 'NONE',  ( -0.9040697402684464423, 1.626303258728254482E-15, -0.4273849608151225055 ) ) ;
#3970 = ORIENTED_EDGE ( 'NONE', *, *, #11105, .F. ) ;
#3971 = CARTESIAN_POINT ( 'NONE',  ( 0.5054375802373491933, -0.02312085409984029893, -0.1477362207212866985 ) ) ;
#3972 = SURFACE_STYLE_USAGE ( .BOTH. , #11565 ) ;
#3973 = PLANE ( 'NONE',  #7642 ) ;
#3974 = SURFACE_SIDE_STYLE ('',( #9591 ) ) ;
#3975 = DIRECTION ( 'NONE',  ( -1.748601263784621748E-15, 0.0000000000000000000, 1.000000000000000000 ) ) ;
#3976 = VERTEX_POINT ( 'NONE', #2448 ) ;
#3977 = CARTESIAN_POINT ( 'NONE',  ( 0.2506952668926405448, 0.04500733388959482495, -0.08376177190259220806 ) ) ;
#3978 = EDGE_CURVE ( 'NONE', #7406, #3208, #3348, .T. ) ;
#3979 = VERTEX_POINT ( 'NONE', #9004 ) ;
#3980 = ORIENTED_EDGE ( 'NONE', *, *, #1295, .F. ) ;
#3981 = LINE ( 'NONE', #8486, #10922 ) ;
#3982 = LENGTH_MEASURE_WITH_UNIT ( LENGTH_MEASURE( 0.02539999999999999897 ), #9540 );
#3983 = AXIS2_PLACEMENT_3D ( 'NONE', #2198, #5890, #8741 ) ;
#3984 = SURFACE_SIDE_STYLE ('',( #6431 ) ) ;
#3985 = VECTOR ( 'NONE', #1884, 39.37007874015748143 ) ;
#3986 = DIRECTION ( 'NONE',  ( -1.734723475977064066E-15, 6.123233995737051998E-17, -1.000000000000000000 ) ) ;
#3987 = EDGE_CURVE ( 'NONE', #193, #9162, #1436, .T. ) ;
#3988 = AXIS2_PLACEMENT_3D ( 'NONE', #10562, #274, #11343 ) ;
#3989 = ADVANCED_FACE ( 'NONE', ( #778 ), #4436, .F. ) ;
#3990 = VECTOR ( 'NONE', #4099, 39.37007874015748143 ) ;
#3991 = EDGE_LOOP ( 'NONE', ( #6255, #6014, #5926, #7077 ) ) ;
#3992 = DIMENSIONAL_EXPONENTS ( 1.000000000000000000, 0.0000000000000000000, 0.0000000000000000000, 0.0000000000000000000, 0.0000000000000000000, 0.0000000000000000000, 0.0000000000000000000 ) ;
#3993 = ORIENTED_EDGE ( 'NONE', *, *, #7787, .T. ) ;
#3994 = DIRECTION ( 'NONE',  ( 8.235599702199906221E-12, 0.0000000000000000000, -1.000000000000000000 ) ) ;
#3995 = DIRECTION ( 'NONE',  ( 0.8191520442895904308, 0.5735764363501912877, 1.432370299876534972E-15 ) ) ;
#3996 = DIRECTION ( 'NONE',  ( -2.633310236532794139E-11, 0.0000000000000000000, -1.000000000000000000 ) ) ;
#3997 = LENGTH_MEASURE_WITH_UNIT ( LENGTH_MEASURE( 0.02539999999999999897 ), #2144 );
#3998 = DIRECTION ( 'NONE',  ( -8.234490263801784106E-12, -1.263142004424646236E-14, 1.000000000000000000 ) ) ;
#3999 = AXIS2_PLACEMENT_3D ( 'NONE', #282, #1017, #10282 ) ;
#4000 = CARTESIAN_POINT ( 'NONE',  ( 0.1918973829254592145, -0.02046055635963480585, -0.2681681594472050123 ) ) ;
#4001 = LINE ( 'NONE', #7726, #3572 ) ;
#4002 = ORIENTED_EDGE ( 'NONE', *, *, #2544, .T. ) ;
#4003 = CARTESIAN_POINT ( 'NONE',  ( 0.5154616257491041464, -0.02157683654261761605, -0.1474125626562529934 ) ) ;
#4004 = DIRECTION ( 'NONE',  ( 1.644517855226008195E-15, 1.000000000000000000, 2.890435660536364269E-30 ) ) ;
#4005 = CARTESIAN_POINT ( 'NONE',  ( 0.5225010356770474207, -0.03570132752772850471, -0.2674212600912223570 ) ) ;
#4006 = FILL_AREA_STYLE ('',( #368 ) ) ;
#4007 = PLANE ( 'NONE',  #9097 ) ;
#4008 = DIRECTION ( 'NONE',  ( -1.644517855226007801E-15, -1.000000000000000000, -2.890435660536363919E-30 ) ) ;
#4009 = ORIENTED_EDGE ( 'NONE', *, *, #519, .F. ) ;
#4010 = CARTESIAN_POINT ( 'NONE',  ( 1.615919420253699533E-16, 0.1020939480628629131, 2.557639921168761610E-31 ) ) ;
#4011 = FILL_AREA_STYLE ('',( #7000 ) ) ;
#4012 = EDGE_CURVE ( 'NONE', #10018, #10195, #7298, .T. ) ;
#4013 = UNCERTAINTY_MEASURE_WITH_UNIT (LENGTH_MEASURE( 1.000000000000000082E-05 ), #4884, 'distance_accuracy_value', 'NONE');
#4014 = SURFACE_SIDE_STYLE ('',( #494 ) ) ;
#4015 = ORIENTED_EDGE ( 'NONE', *, *, #6936, .F. ) ;
#4016 = DIRECTION ( 'NONE',  ( -1.748601263784621946E-15, 0.0000000000000000000, 1.000000000000000000 ) ) ;
#4017 = ORIENTED_EDGE ( 'NONE', *, *, #10791, .F. ) ;
#4018 = AXIS2_PLACEMENT_3D ( 'NONE', #5132, #4209, #8838 ) ;
#4019 = DIRECTION ( 'NONE',  ( 8.234490263801784106E-12, -1.353889066150678860E-26, -1.000000000000000000 ) ) ;
#4020 = ORIENTED_EDGE ( 'NONE', *, *, #3076, .F. ) ;
#4021 = STYLED_ITEM ( 'NONE', ( #1337 ), #8668 ) ;
#4022 = DIRECTION ( 'NONE',  ( -8.234490263801784106E-12, 1.353889066150678860E-26, 1.000000000000000000 ) ) ;
#4023 = DIRECTION ( 'NONE',  ( 0.1045284632676983655, 0.9945218953682685159, 1.827786029713617844E-16 ) ) ;
#4024 = PRESENTATION_LAYER_ASSIGNMENT (  '', '', ( #11 ) ) ;
#4025 = CARTESIAN_POINT ( 'NONE',  ( 0.2514430687595310410, 0.04500733388959479025, -0.2373012207214504066 ) ) ;
#4026 = VERTEX_POINT ( 'NONE', #11110 ) ;
#4027 = LINE ( 'NONE', #11440, #3280 ) ;
#4028 = EDGE_CURVE ( 'NONE', #9227, #2570, #9247, .T. ) ;
#4029 = FACE_OUTER_BOUND ( 'NONE', #1115, .T. ) ;
#4030 = AXIS2_PLACEMENT_3D ( 'NONE', #8631, #479, #551 ) ;
#4031 = ADVANCED_FACE ( 'NONE', ( #10212 ), #10335, .T. ) ;
#4032 = LINE ( 'NONE', #4281, #484 ) ;
#4033 = ORIENTED_EDGE ( 'NONE', *, *, #4775, .T. ) ;
#4034 = LENGTH_MEASURE_WITH_UNIT ( LENGTH_MEASURE( 0.02539999999999999897 ), #1291 );
#4035 = EDGE_LOOP ( 'NONE', ( #1670, #8475, #9206, #9433, #1834, #9475, #10488, #1998 ) ) ;
#4036 = DIRECTION ( 'NONE',  ( -0.2761719287273032286, -0.9205747435843071313, 0.2761724230580027695 ) ) ;
#4037 = VERTEX_POINT ( 'NONE', #1915 ) ;
#4038 = VECTOR ( 'NONE', #6328, 39.37007874015748143 ) ;
#4039 = PLANE ( 'NONE',  #6153 ) ;
#4040 =( NAMED_UNIT ( * ) PLANE_ANGLE_UNIT ( ) SI_UNIT ( $, .RADIAN. ) );
#4041 = AXIS2_PLACEMENT_3D ( 'NONE', #11536, #10624, #5832 ) ;
#4042 = PLANE ( 'NONE',  #2465 ) ;
#4043 = LENGTH_MEASURE_WITH_UNIT ( LENGTH_MEASURE( 0.02539999999999999897 ), #8613 );
#4044 = CYLINDRICAL_SURFACE ( 'NONE', #6196, 0.007874015748031499423 ) ;
#4045 = EDGE_CURVE ( 'NONE', #10023, #5174, #11047, .T. ) ;
#4046 = EDGE_CURVE ( 'NONE', #3571, #10649, #9183, .T. ) ;
#4047 = CARTESIAN_POINT ( 'NONE',  ( 0.4696401291287821134, 0.04500733388959446413, -0.03513779552499328440 ) ) ;
#4048 = MECHANICAL_DESIGN_GEOMETRIC_PRESENTATION_REPRESENTATION (  '', ( #3679 ), #9906 ) ;
#4049 = VECTOR ( 'NONE', #2865, 39.37007874015748143 ) ;
#4050 = ORIENTED_EDGE ( 'NONE', *, *, #11775, .T. ) ;
#4051 = VERTEX_POINT ( 'NONE', #10090 ) ;
#4052 =( LENGTH_UNIT ( ) NAMED_UNIT ( * ) SI_UNIT ( $, .METRE. ) );
#4053 = DIRECTION ( 'NONE',  ( -0.3079484342681049203, 7.228014483236687681E-16, 0.9514030490973962584 ) ) ;
#4054 = CARTESIAN_POINT ( 'NONE',  ( 0.2313841284561837519, 0.1217789874329373717, 0.01210629896398258791 ) ) ;
#4055 = DIRECTION ( 'NONE',  ( -1.000000000000000000, 1.644517855226007801E-15, -8.234490263801784106E-12 ) ) ;
#4057 = ADVANCED_FACE ( 'NONE', ( #2750 ), #3873, .T. ) ;
#4056 = VECTOR ( 'NONE', #4841, 39.37007874015748143 ) ;
#4058 = MECHANICAL_DESIGN_GEOMETRIC_PRESENTATION_REPRESENTATION (  '', ( #11058 ), #5827 ) ;
#4059 = DIRECTION ( 'NONE',  ( -2.085096165010846546E-13, 3.400221813223966042E-28, 1.000000000000000000 ) ) ;
#4060 = DIRECTION ( 'NONE',  ( -0.4273849608878791395, 7.028421992351837687E-16, 0.9040697402340519551 ) ) ;
#4061 = CIRCLE ( 'NONE', #10868, 0.01771653543307086937 ) ;
#4062 = ORIENTED_EDGE ( 'NONE', *, *, #4378, .F. ) ;
#4063 =( NAMED_UNIT ( * ) PLANE_ANGLE_UNIT ( ) SI_UNIT ( $, .RADIAN. ) );
#4064 = DIRECTION ( 'NONE',  ( -5.450240952997740675E-10, 0.0000000000000000000, -1.000000000000000000 ) ) ;
#4065 = LINE ( 'NONE', #7124, #128 ) ;
#4066 = ADVANCED_FACE ( 'NONE', ( #99 ), #41, .F. ) ;
#4067 = ADVANCED_FACE ( 'NONE', ( #5935 ), #346, .F. ) ;
#4068 = LINE ( 'NONE', #1377, #11428 ) ;
#4069 = PRESENTATION_STYLE_ASSIGNMENT (( #7612 ) ) ;
#4070 = SURFACE_STYLE_USAGE ( .BOTH. , #9925 ) ;
#4071 = VERTEX_POINT ( 'NONE', #7771 ) ;
#4072 = MECHANICAL_DESIGN_GEOMETRIC_PRESENTATION_REPRESENTATION (  '', ( #2558 ), #6045 ) ;
#4073 = SURFACE_STYLE_FILL_AREA ( #10526 ) ;
#4074 = ORIENTED_EDGE ( 'NONE', *, *, #2678, .F. ) ;
#4075 = DIRECTION ( 'NONE',  ( -1.000000000000000000, 1.644517855226007801E-15, -8.234490263801784106E-12 ) ) ;
#4076 = ORIENTED_EDGE ( 'NONE', *, *, #2739, .T. ) ;
#4077 = DIRECTION ( 'NONE',  ( -8.234490263801784106E-12, -1.263142004424646236E-14, 1.000000000000000000 ) ) ;
#4078 = ORIENTED_EDGE ( 'NONE', *, *, #9729, .T. ) ;
#4079 = EDGE_CURVE ( 'NONE', #322, #2645, #7709, .T. ) ;
#4080 =( NAMED_UNIT ( * ) SI_UNIT ( $, .STERADIAN. ) SOLID_ANGLE_UNIT ( ) );
#4081 = DIRECTION ( 'NONE',  ( 0.0000000000000000000, 0.0000000000000000000, 1.000000000000000000 ) ) ;
#4082 =( LENGTH_UNIT ( ) NAMED_UNIT ( * ) SI_UNIT ( $, .METRE. ) );
#4083 = ORIENTED_EDGE ( 'NONE', *, *, #2394, .F. ) ;
#4084 = DIRECTION ( 'NONE',  ( 1.644517855226008195E-15, 1.000000000000000000, 2.890435660536364269E-30 ) ) ;
#4085 =( NAMED_UNIT ( * ) SI_UNIT ( $, .STERADIAN. ) SOLID_ANGLE_UNIT ( ) );
#4086 = EDGE_CURVE ( 'NONE', #9533, #3462, #276, .T. ) ;
#4087 = CARTESIAN_POINT ( 'NONE',  ( 0.3928014512908303835, 0.1021333181416024249, -0.2821850396188912424 ) ) ;
#4088 = ORIENTED_EDGE ( 'NONE', *, *, #11472, .T. ) ;
#4089 = CARTESIAN_POINT ( 'NONE',  ( 0.2461244040472859718, 0.03516481420455546542, -0.3272637797758070066 ) ) ;
#4090 = VERTEX_POINT ( 'NONE', #10497 ) ;
#4091 = LINE ( 'NONE', #8974, #3114 ) ;
#4092 = VERTEX_POINT ( 'NONE', #4174 ) ;
#4093 = SURFACE_SIDE_STYLE ('',( #453 ) ) ;
#4094 = EDGE_CURVE ( 'NONE', #7554, #7424, #6854, .T. ) ;
#4095 = AXIS2_PLACEMENT_3D ( 'NONE', #11867, #8113, #2838 ) ;
#4096 = EDGE_CURVE ( 'NONE', #5938, #4600, #5026, .T. ) ;
#4097 =( NAMED_UNIT ( * ) SI_UNIT ( $, .STERADIAN. ) SOLID_ANGLE_UNIT ( ) );
#4098 = CARTESIAN_POINT ( 'NONE',  ( 0.5146701546109776482, -0.01880785086054942781, -0.2458134337079937171 ) ) ;
#4099 = DIRECTION ( 'NONE',  ( -1.000000000000000000, 1.644517855226007801E-15, -8.234490263801784106E-12 ) ) ;
#4100 = VERTEX_POINT ( 'NONE', #11345 ) ;
#4101 = DIRECTION ( 'NONE',  ( 8.234490263801784106E-12, -1.353889066150678860E-26, -1.000000000000000000 ) ) ;
#4102 = CARTESIAN_POINT ( 'NONE',  ( 0.5225010356768854392, -0.02585880784268912436, -0.2477362207211436240 ) ) ;
#4103 = PRESENTATION_LAYER_ASSIGNMENT (  '', '', ( #8566 ) ) ;
#4104 = LINE ( 'NONE', #7831, #7446 ) ;
#4105 = EDGE_CURVE ( 'NONE', #6852, #9055, #10396, .T. ) ;
#4106 = FILL_AREA_STYLE_COLOUR ( '', #5083 ) ;
#4107 = COLOUR_RGB ( '',0.7607843137254901578, 0.7607843137254901578, 0.0000000000000000000 ) ;
#4108 = ORIENTED_EDGE ( 'NONE', *, *, #2926, .T. ) ;
#4109 = VECTOR ( 'NONE', #758, 39.37007874015748143 ) ;
#4110 = VECTOR ( 'NONE', #5644, 39.37007874015748143 ) ;
#4111 = ORIENTED_EDGE ( 'NONE', *, *, #999, .T. ) ;
#4112 = DIRECTION ( 'NONE',  ( -1.748601263784622143E-15, 0.0000000000000000000, 1.000000000000000000 ) ) ;
#4113 = EDGE_CURVE ( 'NONE', #4477, #4643, #4104, .T. ) ;
#4114 = AXIS2_PLACEMENT_3D ( 'NONE', #7907, #10760, #9874 ) ;
#4115 = DIRECTION ( 'NONE',  ( 8.234490263801784106E-12, -1.353889066150678573E-26, -1.000000000000000000 ) ) ;
#4116 = CARTESIAN_POINT ( 'NONE',  ( 0.5037097929778026062, -0.008688119764421345023, -0.02726377977641642608 ) ) ;
#4117 = LINE ( 'NONE', #2315, #10643 ) ;
#4118 = LINE ( 'NONE', #1367, #1510 ) ;
#4119 = VECTOR ( 'NONE', #4059, 39.37007874015748143 ) ;
#4120 = VECTOR ( 'NONE', #5154, 39.37007874015748143 ) ;
#4121 = AXIS2_PLACEMENT_3D ( 'NONE', #7624, #11373, #6766 ) ;
#4122 = MECHANICAL_DESIGN_GEOMETRIC_PRESENTATION_REPRESENTATION (  '', ( #7639 ), #1255 ) ;
#4123 = ORIENTED_EDGE ( 'NONE', *, *, #4661, .T. ) ;
#4124 = COLOUR_RGB ( '',0.7607843137254901578, 0.7607843137254901578, 0.0000000000000000000 ) ;
#4125 = CARTESIAN_POINT ( 'NONE',  ( 0.4561674782056326372, 0.03516481420455511153, -0.07785626009207995135 ) ) ;
#4126 = EDGE_CURVE ( 'NONE', #5751, #5866, #2305, .T. ) ;
#4127 = MECHANICAL_DESIGN_GEOMETRIC_PRESENTATION_REPRESENTATION (  '', ( #8036 ), #1463 ) ;
#4128 = VERTEX_POINT ( 'NONE', #5998 ) ;
#4129 = EDGE_CURVE ( 'NONE', #1228, #10354, #5776, .T. ) ;
#4130 = VECTOR ( 'NONE', #6625, 39.37007874015748143 ) ;
#4131 = DIRECTION ( 'NONE',  ( 4.118119432544784945E-12, -6.769445330773128887E-27, -1.000000000000000000 ) ) ;
#4132 = PLANE ( 'NONE',  #1362 ) ;
#4133 = FACE_OUTER_BOUND ( 'NONE', #7395, .T. ) ;
#4134 = VECTOR ( 'NONE', #10426, 39.37007874015748143 ) ;
#4135 = DIRECTION ( 'NONE',  ( -1.644517855226008195E-15, -1.000000000000000000, -2.890435660536364269E-30 ) ) ;
#4136 = FACE_OUTER_BOUND ( 'NONE', #8728, .T. ) ;
#4137 =( GEOMETRIC_REPRESENTATION_CONTEXT ( 3 ) GLOBAL_UNCERTAINTY_ASSIGNED_CONTEXT ( ( #9753 ) ) GLOBAL_UNIT_ASSIGNED_CONTEXT ( ( #2977, #10269, #5769 ) ) REPRESENTATION_CONTEXT ( 'NONE', 'WORKASPACE' ) );
#4138 = VERTEX_POINT ( 'NONE', #3457 ) ;
#4139 = STYLED_ITEM ( 'NONE', ( #70 ), #4569 ) ;
#4140 = CARTESIAN_POINT ( 'NONE',  ( 0.4554196763416175076, 0.03516481420455509072, -0.2373012207222373882 ) ) ;
#4141 = PLANE ( 'NONE',  #894 ) ;
#4142 = UNCERTAINTY_MEASURE_WITH_UNIT (LENGTH_MEASURE( 1.000000000000000082E-05 ), #1323, 'distance_accuracy_value', 'NONE');
#4143 = VECTOR ( 'NONE', #10523, 39.37007874015748143 ) ;
#4144 = EDGE_CURVE ( 'NONE', #11607, #4248, #10733, .T. ) ;
#4145 = ORIENTED_EDGE ( 'NONE', *, *, #5274, .T. ) ;
#4146 = FACE_OUTER_BOUND ( 'NONE', #11070, .T. ) ;
#4147 = COLOUR_RGB ( '',0.7607843137254901578, 0.7607843137254901578, 0.0000000000000000000 ) ;
#4148 = MECHANICAL_DESIGN_GEOMETRIC_PRESENTATION_REPRESENTATION (  '', ( #3589 ), #8598 ) ;
#4149 = ORIENTED_EDGE ( 'NONE', *, *, #261, .T. ) ;
#4150 = CARTESIAN_POINT ( 'NONE',  ( 0.4754786166447397266, 0.04500733388959445719, -0.02726377977664890331 ) ) ;
#4151 = FILL_AREA_STYLE_COLOUR ( '', #3946 ) ;
#4152 = VERTEX_POINT ( 'NONE', #9912 ) ;
#4153 = ORIENTED_EDGE ( 'NONE', *, *, #4232, .T. ) ;
#4154 =( CONVERSION_BASED_UNIT ( 'INCH', #3260 ) LENGTH_UNIT ( ) NAMED_UNIT ( #1889 ) );
#4155 = VERTEX_POINT ( 'NONE', #6053 ) ;
#4156 = DIRECTION ( 'NONE',  ( 1.748601263784622143E-15, 0.0000000000000000000, -1.000000000000000000 ) ) ;
#4157 = PLANE ( 'NONE',  #2137 ) ;
#4158 =( LENGTH_UNIT ( ) NAMED_UNIT ( * ) SI_UNIT ( $, .METRE. ) );
#4159 =( LENGTH_UNIT ( ) NAMED_UNIT ( * ) SI_UNIT ( $, .METRE. ) );
#4160 = DIMENSIONAL_EXPONENTS ( 1.000000000000000000, 0.0000000000000000000, 0.0000000000000000000, 0.0000000000000000000, 0.0000000000000000000, 0.0000000000000000000, 0.0000000000000000000 ) ;
#4161 = EDGE_CURVE ( 'NONE', #10847, #9178, #8504, .T. ) ;
#4162 = DIRECTION ( 'NONE',  ( -1.748601263784621748E-15, -1.482966057179117483E-32, 1.000000000000000000 ) ) ;
#4163 = VERTEX_POINT ( 'NONE', #8013 ) ;
#4164 = SURFACE_STYLE_FILL_AREA ( #637 ) ;
#4165 = ORIENTED_EDGE ( 'NONE', *, *, #11695, .F. ) ;
#4166 = DIRECTION ( 'NONE',  ( -1.748601263784622143E-15, 0.0000000000000000000, 1.000000000000000000 ) ) ;
#4167 = VERTEX_POINT ( 'NONE', #3515 ) ;
#4168 = CARTESIAN_POINT ( 'NONE',  ( 0.2506952668928380534, 0.03516481420455542378, -0.2373012207214504066 ) ) ;
#4169 = CARTESIAN_POINT ( 'NONE',  ( 0.4754786166453184859, 0.04500733388959442249, -0.2878937010364894244 ) ) ;
#4170 = CARTESIAN_POINT ( 'NONE',  ( 0.3140612938105266649, 0.1021333181416025776, -0.1821850396188910703 ) ) ;
#4171 =( NAMED_UNIT ( * ) SI_UNIT ( $, .STERADIAN. ) SOLID_ANGLE_UNIT ( ) );
#4172 = ORIENTED_EDGE ( 'NONE', *, *, #6606, .F. ) ;
#4173 = CARTESIAN_POINT ( 'NONE',  ( 0.4561674782086254654, 0.03516481420455507684, -0.2313957089112138044 ) ) ;
#4174 = CARTESIAN_POINT ( 'NONE',  ( 0.4998417493308334181, 0.02811385722240935386, -0.1878937010362907722 ) ) ;
#4175 = EDGE_CURVE ( 'NONE', #6381, #7801, #3340, .T. ) ;
#4176 = UNCERTAINTY_MEASURE_WITH_UNIT (LENGTH_MEASURE( 1.000000000000000082E-05 ), #10176, 'distance_accuracy_value', 'NONE');
#4177 = PRESENTATION_STYLE_ASSIGNMENT (( #717 ) ) ;
#4178 = ORIENTED_EDGE ( 'NONE', *, *, #6377, .F. ) ;
#4179 = VECTOR ( 'NONE', #4386, 39.37007874015748143 ) ;
#4180 = EDGE_LOOP ( 'NONE', ( #5190, #4293, #9009, #7955 ) ) ;
#4181 = LINE ( 'NONE', #1364, #3565 ) ;
#4182 = LINE ( 'NONE', #1555, #3170 ) ;
#4183 = CARTESIAN_POINT ( 'NONE',  ( 0.2019811918225133951, -0.01983667431789038968, -0.1693440471051540219 ) ) ;
#4184 = DIRECTION ( 'NONE',  ( -8.234490263801784106E-12, 1.353889066150678860E-26, 1.000000000000000000 ) ) ;
#4185 = FILL_AREA_STYLE ('',( #8817 ) ) ;
#4186 = VECTOR ( 'NONE', #10982, 39.37007874015748143 ) ;
#4187 = EDGE_CURVE ( 'NONE', #7467, #387, #2556, .T. ) ;
#4188 = ORIENTED_EDGE ( 'NONE', *, *, #1810, .T. ) ;
#4189 = CARTESIAN_POINT ( 'NONE',  ( 0.5483132623141999673, -0.02585880784268914170, -0.1477362207209310108 ) ) ;
#4190 = STYLED_ITEM ( 'NONE', ( #9245 ), #9041 ) ;
#4191 = ORIENTED_EDGE ( 'NONE', *, *, #7153, .T. ) ;
#4192 =( LENGTH_UNIT ( ) NAMED_UNIT ( * ) SI_UNIT ( $, .METRE. ) );
#4193 = SURFACE_STYLE_FILL_AREA ( #6081 ) ;
#4194 = SURFACE_SIDE_STYLE ('',( #550 ) ) ;
#4195 = VECTOR ( 'NONE', #1009, 39.37007874015748854 ) ;
#4196 = CARTESIAN_POINT ( 'NONE',  ( 0.2313841284561837519, 0.1217789874329373717, 0.01210629896398258791 ) ) ;
#4197 = CARTESIAN_POINT ( 'NONE',  ( 0.2021550464030791583, -0.01818255847634999214, -0.2713582679659387042 ) ) ;
#4198 = DIRECTION ( 'NONE',  ( 1.644517855226008195E-15, 1.000000000000000000, 2.890435660536364269E-30 ) ) ;
#4199 = ORIENTED_EDGE ( 'NONE', *, *, #4274, .F. ) ;
#4200 =( NAMED_UNIT ( * ) PLANE_ANGLE_UNIT ( ) SI_UNIT ( $, .RADIAN. ) );
#4201 = PLANE ( 'NONE',  #5892 ) ;
#4202 = ADVANCED_FACE ( 'NONE', ( #7103 ), #4424, .F. ) ;
#4203 = VECTOR ( 'NONE', #2373, 39.37007874015748143 ) ;
#4204 = EDGE_CURVE ( 'NONE', #3569, #10977, #9967, .T. ) ;
#4205 = LINE ( 'NONE', #2401, #495 ) ;
#4206 = ORIENTED_EDGE ( 'NONE', *, *, #11987, .F. ) ;
#4207 = DIRECTION ( 'NONE',  ( 0.06844477287628454587, 0.6512085141311769743, 0.7558060493201800289 ) ) ;
#4208 = ORIENTED_EDGE ( 'NONE', *, *, #9392, .T. ) ;
#4209 = DIRECTION ( 'NONE',  ( 1.748601263784621946E-15, -2.465190328815662439E-32, -1.000000000000000000 ) ) ;
#4210 = SURFACE_STYLE_USAGE ( .BOTH. , #1640 ) ;
#4211 = ORIENTED_EDGE ( 'NONE', *, *, #6102, .T. ) ;
#4212 = CARTESIAN_POINT ( 'NONE',  ( 0.5483132623143623929, -0.03570132752772853940, -0.2674212600910098048 ) ) ;
#4213 = AXIS2_PLACEMENT_3D ( 'NONE', #6232, #11824, #5348 ) ;
#4214 = EDGE_LOOP ( 'NONE', ( #2034, #1334, #8365, #4123, #5712, #4676, #1773, #675 ) ) ;
#4215 = CARTESIAN_POINT ( 'NONE',  ( 0.4625214697569317024, 0.03516481420455510459, -0.03177255961239490445 ) ) ;
#4216 = CARTESIAN_POINT ( 'NONE',  ( 0.2148518768365310638, 0.02729079845652401456, -0.02726377977696224642 ) ) ;
#4217 = EDGE_CURVE ( 'NONE', #3221, #10629, #1490, .T. ) ;
#4218 = DIRECTION ( 'NONE',  ( 8.234490263801784106E-12, -1.353889066150678860E-26, -1.000000000000000000 ) ) ;
#4219 =( NAMED_UNIT ( * ) PLANE_ANGLE_UNIT ( ) SI_UNIT ( $, .RADIAN. ) );
#4220 = CARTESIAN_POINT ( 'NONE',  ( 0.4554196763414994353, 0.03516481420455509072, -0.2373012207222373882 ) ) ;
#4221 = PRESENTATION_LAYER_ASSIGNMENT (  '', '', ( #10813 ) ) ;
#4222 = ORIENTED_EDGE ( 'NONE', *, *, #1196, .T. ) ;
#4223 = DIRECTION ( 'NONE',  ( -0.09052430460421928560, 0.8612812260087807648, -0.5000000000007341905 ) ) ;
#4224 = EDGE_LOOP ( 'NONE', ( #6966, #8745, #10421, #8580, #7107, #7283, #9567, #2158 ) ) ;
#4225 = CARTESIAN_POINT ( 'NONE',  ( 0.2070209957706382609, 0.02811385722240983265, -0.1878937010368048610 ) ) ;
#4226 = ORIENTED_EDGE ( 'NONE', *, *, #2640, .T. ) ;
#4227 = AXIS2_PLACEMENT_3D ( 'NONE', #1284, #2965, #1161 ) ;
#4228 = PRESENTATION_STYLE_ASSIGNMENT (( #6908 ) ) ;
#4229 = CARTESIAN_POINT ( 'NONE',  ( 0.3926470588251994576, 0.1020939480628583751, -0.007578740406095759927 ) ) ;
#4230 = LINE ( 'NONE', #6119, #710 ) ;
#4231 = ORIENTED_EDGE ( 'NONE', *, *, #11109, .F. ) ;
#4232 = EDGE_CURVE ( 'NONE', #7320, #4542, #712, .T. ) ;
#4233 = DIRECTION ( 'NONE',  ( 1.644517855226008195E-15, 1.000000000000000000, 2.890435660536364269E-30 ) ) ;
#4234 = VECTOR ( 'NONE', #11736, 39.37007874015748143 ) ;
#4235 = CARTESIAN_POINT ( 'NONE',  ( 0.4754786166455537422, 0.03516481420522438173, -0.02726377977696183702 ) ) ;
#4236 = EDGE_LOOP ( 'NONE', ( #11268, #8060, #6493 ) ) ;
#4237 = DIMENSIONAL_EXPONENTS ( 1.000000000000000000, 0.0000000000000000000, 0.0000000000000000000, 0.0000000000000000000, 0.0000000000000000000, 0.0000000000000000000, 0.0000000000000000000 ) ;
#4238 =( GEOMETRIC_REPRESENTATION_CONTEXT ( 3 ) GLOBAL_UNCERTAINTY_ASSIGNED_CONTEXT ( ( #2952 ) ) GLOBAL_UNIT_ASSIGNED_CONTEXT ( ( #3003, #1077, #4759 ) ) REPRESENTATION_CONTEXT ( 'NONE', 'WORKASPACE' ) );
#4239 = VECTOR ( 'NONE', #9268, 39.37007874015748143 ) ;
#4240 = EDGE_LOOP ( 'NONE', ( #8583, #1872, #6783, #3732, #7866 ) ) ;
#4241 = DIRECTION ( 'NONE',  ( -1.748601263784622143E-15, 0.0000000000000000000, 1.000000000000000000 ) ) ;
#4242 = DIRECTION ( 'NONE',  ( 0.06844477287628454587, 0.6512085141311769743, 0.7558060493201800289 ) ) ;
#4243 = CARTESIAN_POINT ( 'NONE',  ( 0.5048815532788073490, -0.01983667431788593491, -0.2693440471045957518 ) ) ;
#4244 = ADVANCED_FACE ( 'NONE', ( #7030 ), #820, .T. ) ;
#4245 =( LENGTH_UNIT ( ) NAMED_UNIT ( * ) SI_UNIT ( $, .METRE. ) );
#4246 = STYLED_ITEM ( 'NONE', ( #8477 ), #2668 ) ;
#4247 = FACE_OUTER_BOUND ( 'NONE', #3850, .T. ) ;
#4248 = VERTEX_POINT ( 'NONE', #11580 ) ;
#4249 = CARTESIAN_POINT ( 'NONE',  ( 0.4754786166452190099, 0.04240671319253163513, -0.3272637797758074507 ) ) ;
#4250 = ORIENTED_EDGE ( 'NONE', *, *, #5607, .T. ) ;
#4251 = CARTESIAN_POINT ( 'NONE',  ( 0.2532616618757514981, 0.04500733388959479025, -0.2781432499591669494 ) ) ;
#4252 = PLANE ( 'NONE',  #2764 ) ;
#4253 = VECTOR ( 'NONE', #8352, 39.37007874015748143 ) ;
#4254 =( GEOMETRIC_REPRESENTATION_CONTEXT ( 3 ) GLOBAL_UNCERTAINTY_ASSIGNED_CONTEXT ( ( #6226 ) ) GLOBAL_UNIT_ASSIGNED_CONTEXT ( ( #5415, #5291, #10035 ) ) REPRESENTATION_CONTEXT ( 'NONE', 'WORKASPACE' ) );
#4255 = FACE_OUTER_BOUND ( 'NONE', #11277, .T. ) ;
#4256 = LINE ( 'NONE', #3179, #7736 ) ;
#4257 = LINE ( 'NONE', #1571, #2627 ) ;
#4258 = FACE_OUTER_BOUND ( 'NONE', #11057, .T. ) ;
#4259 = EDGE_CURVE ( 'NONE', #1001, #3257, #2799, .T. ) ;
#4260 = PLANE ( 'NONE',  #5601 ) ;
#4261 = ORIENTED_EDGE ( 'NONE', *, *, #9260, .F. ) ;
#4262 = CARTESIAN_POINT ( 'NONE',  ( 0.4920108682644413478, 0.02729079845652353231, -0.2272637797765127421 ) ) ;
#4263 = COLOUR_RGB ( '',0.7607843137254901578, 0.7607843137254901578, 0.0000000000000000000 ) ;
#4264 = UNCERTAINTY_MEASURE_WITH_UNIT (LENGTH_MEASURE( 1.000000000000000082E-05 ), #9303, 'distance_accuracy_value', 'NONE');
#4265 = VECTOR ( 'NONE', #3672, 39.37007874015748143 ) ;
#4266 = CARTESIAN_POINT ( 'NONE',  ( 0.5044156245189397314, 0.03516481420455504214, -0.08789370103625314401 ) ) ;
#4267 = ORIENTED_EDGE ( 'NONE', *, *, #1641, .T. ) ;
#4268 = DIRECTION ( 'NONE',  ( -0.9945218953682686269, 0.1045284632676983516, -1.739022243102431967E-15 ) ) ;
#4269 = VERTEX_POINT ( 'NONE', #2493 ) ;
#4270 = CARTESIAN_POINT ( 'NONE',  ( 0.5144963000303962586, -0.01715373501898831768, -0.2437992128471937470 ) ) ;
#4271 = ORIENTED_EDGE ( 'NONE', *, *, #4204, .F. ) ;
#4272 = EDGE_CURVE ( 'NONE', #3798, #2297, #7220, .T. ) ;
#4273 = STYLED_ITEM ( 'NONE', ( #4604 ), #3370 ) ;
#4274 = EDGE_CURVE ( 'NONE', #434, #9507, #2618, .T. ) ;
#4275 = FACE_OUTER_BOUND ( 'NONE', #8760, .T. ) ;
#4276 =( NAMED_UNIT ( * ) SI_UNIT ( $, .STERADIAN. ) SOLID_ANGLE_UNIT ( ) );
#4277 = ORIENTED_EDGE ( 'NONE', *, *, #9351, .F. ) ;
#4278 = DIRECTION ( 'NONE',  ( 0.09052430460837827819, 0.8612812260087765459, -0.4999999999999883427 ) ) ;
#4279 = DIRECTION ( 'NONE',  ( 1.748601263784621946E-15, 0.0000000000000000000, -1.000000000000000000 ) ) ;
#4280 =( LENGTH_UNIT ( ) NAMED_UNIT ( * ) SI_UNIT ( $, .METRE. ) );
#4281 = CARTESIAN_POINT ( 'NONE',  ( 0.3140612938105267204, 0.1021333181416025776, -0.1329724411934974648 ) ) ;
#4282 = ORIENTED_EDGE ( 'NONE', *, *, #9511, .F. ) ;
#4283 =( NAMED_UNIT ( * ) PLANE_ANGLE_UNIT ( ) SI_UNIT ( $, .RADIAN. ) );
#4284 = EDGE_CURVE ( 'NONE', #9742, #4910, #5407, .T. ) ;
#4285 = ORIENTED_EDGE ( 'NONE', *, *, #3808, .T. ) ;
#4286 = SURFACE_STYLE_FILL_AREA ( #10608 ) ;
#4287 = ORIENTED_EDGE ( 'NONE', *, *, #3720, .T. ) ;
#4288 = PLANE ( 'NONE',  #6864 ) ;
#4289 = EDGE_CURVE ( 'NONE', #6646, #7634, #1724, .T. ) ;
#4290 = SURFACE_STYLE_FILL_AREA ( #8916 ) ;
#4291 = LINE ( 'NONE', #8792, #2995 ) ;
#4292 = DIRECTION ( 'NONE',  ( -0.3079484342811877884, 0.0000000000000000000, -0.9514030490931616457 ) ) ;
#4293 = ORIENTED_EDGE ( 'NONE', *, *, #1014, .T. ) ;
#4294 = DIRECTION ( 'NONE',  ( -1.703894664301477426E-11, 1.000000000000000000, -2.629008122389297879E-13 ) ) ;
#4295 = CIRCLE ( 'NONE', #9751, 0.007874015748031504627 ) ;
#4296 = CARTESIAN_POINT ( 'NONE',  ( 0.2021550464030783534, -0.01818255847634996092, -0.07135826796593867927 ) ) ;
#4297 = ORIENTED_EDGE ( 'NONE', *, *, #11420, .F. ) ;
#4298 = EDGE_CURVE ( 'NONE', #7513, #10482, #10353, .T. ) ;
#4299 = ORIENTED_EDGE ( 'NONE', *, *, #7336, .F. ) ;
#4300 = DIRECTION ( 'NONE',  ( 1.387778780775897814E-15, 0.0000000000000000000, 1.000000000000000000 ) ) ;
#4301 = VECTOR ( 'NONE', #3822, 39.37007874015748143 ) ;
#4302 = LINE ( 'NONE', #6065, #9652 ) ;
#4303 = LINE ( 'NONE', #9861, #10156 ) ;
#4304 = LINE ( 'NONE', #2565, #3238 ) ;
#4305 = DIRECTION ( 'NONE',  ( -0.9945218953682689600, -0.1045284632676950626, -8.189380864547703863E-12 ) ) ;
#4306 = DIRECTION ( 'NONE',  ( -1.644517855226007801E-15, -1.000000000000000000, -2.890435660536363568E-30 ) ) ;
#4307 = PRESENTATION_LAYER_ASSIGNMENT (  '', '', ( #1238 ) ) ;
#4308 = CIRCLE ( 'NONE', #1059, 0.007874015748031501158 ) ;
#4309 = ORIENTED_EDGE ( 'NONE', *, *, #4823, .T. ) ;
#4310 = EDGE_CURVE ( 'NONE', #11629, #9289, #589, .T. ) ;
#4311 = FILL_AREA_STYLE_COLOUR ( '', #8227 ) ;
#4312 = STYLED_ITEM ( 'NONE', ( #1317 ), #7697 ) ;
#4313 = ORIENTED_EDGE ( 'NONE', *, *, #10673, .T. ) ;
#4314 = SURFACE_STYLE_USAGE ( .BOTH. , #663 ) ;
#4315 = CARTESIAN_POINT ( 'NONE',  ( 0.1920388318909209968, -0.01982654722438575989, -0.06855963518770234744 ) ) ;
#4316 = VECTOR ( 'NONE', #244, 39.37007874015748143 ) ;
#4317 = DIRECTION ( 'NONE',  ( -1.748601263784621748E-15, -1.482966057179117483E-32, 1.000000000000000000 ) ) ;
#4318 =( BOUNDED_CURVE ( )  B_SPLINE_CURVE ( 3, ( #1733, #9985, #9249, #7175 ),
 .UNSPECIFIED., .F., .T. ) 
 B_SPLINE_CURVE_WITH_KNOTS ( ( 4, 4 ),
 ( 5.456455938445438747, 6.200522249646922113 ),
 .UNSPECIFIED. ) 
 CURVE ( )  GEOMETRIC_REPRESENTATION_ITEM ( )  RATIONAL_B_SPLINE_CURVE ( ( 1.000000000000000000, 0.9543934657876853578, 0.9543934657876853578, 1.000000000000000000 ) ) 
 REPRESENTATION_ITEM ( '' )  );
#4319 = SURFACE_STYLE_USAGE ( .BOTH. , #612 ) ;
#4320 = DIMENSIONAL_EXPONENTS ( 1.000000000000000000, 0.0000000000000000000, 0.0000000000000000000, 0.0000000000000000000, 0.0000000000000000000, 0.0000000000000000000, 0.0000000000000000000 ) ;
#4321 = DIRECTION ( 'NONE',  ( -6.938893903907205658E-14, -0.2873478855663172959, -0.9578262852211597567 ) ) ;
#4322 = STYLED_ITEM ( 'NONE', ( #2728 ), #10384 ) ;
#4323 = FILL_AREA_STYLE_COLOUR ( '', #2121 ) ;
#4324 = ORIENTED_EDGE ( 'NONE', *, *, #5756, .T. ) ;
#4325 = LENGTH_MEASURE_WITH_UNIT ( LENGTH_MEASURE( 0.02539999999999999897 ), #9024 );
#4326 = VECTOR ( 'NONE', #4112, 39.37007874015748143 ) ;
#4327 =( GEOMETRIC_REPRESENTATION_CONTEXT ( 3 ) GLOBAL_UNCERTAINTY_ASSIGNED_CONTEXT ( ( #4515 ) ) GLOBAL_UNIT_ASSIGNED_CONTEXT ( ( #2352, #10896, #2423 ) ) REPRESENTATION_CONTEXT ( 'NONE', 'WORKASPACE' ) );
#4328 = PRESENTATION_LAYER_ASSIGNMENT (  '', '', ( #1449 ) ) ;
#4329 = EDGE_CURVE ( 'NONE', #5137, #5131, #5219, .T. ) ;
#4330 = CARTESIAN_POINT ( 'NONE',  ( 0.5483132623143616158, -0.02585880784268912436, -0.06742126009100976591 ) ) ;
#4331 = EDGE_CURVE ( 'NONE', #2451, #3257, #4672, .T. ) ;
#4332 = VECTOR ( 'NONE', #6888, 39.37007874015748143 ) ;
#4333 = ORIENTED_EDGE ( 'NONE', *, *, #8972, .T. ) ;
#4334 =( CONVERSION_BASED_UNIT ( 'INCH', #8052 ) LENGTH_UNIT ( ) NAMED_UNIT ( #7893 ) );
#4335 = AXIS2_PLACEMENT_3D ( 'NONE', #2300, #8725, #7883 ) ;
#4336 = ORIENTED_EDGE ( 'NONE', *, *, #9261, .T. ) ;
#4337 = CARTESIAN_POINT ( 'NONE',  ( 0.5147244003127867673, -0.01932396423582118800, -0.2688944472908094130 ) ) ;
#4338 = CIRCLE ( 'NONE', #1082, 0.007874015748031501158 ) ;
#4339 = EDGE_LOOP ( 'NONE', ( #4617, #9099, #10280, #3624 ) ) ;
#4340 = CARTESIAN_POINT ( 'NONE',  ( 0.3928014512908304390, 0.1434325307400276250, -0.2791535435558992750 ) ) ;
#4341 = CARTESIAN_POINT ( 'NONE',  ( 0.2532616618757507210, 0.03516481420455545848, -0.07814324995916692440 ) ) ;
#4342 = DIRECTION ( 'NONE',  ( 1.644517855226008195E-15, 1.000000000000000000, 2.890435660536364269E-30 ) ) ;
#4343 = LENGTH_MEASURE_WITH_UNIT ( LENGTH_MEASURE( 0.02539999999999999897 ), #8533 );
#4344 = ORIENTED_EDGE ( 'NONE', *, *, #10976, .T. ) ;
#4345 = DIRECTION ( 'NONE',  ( 1.644517855226008195E-15, 1.000000000000000000, 2.890435660536364269E-30 ) ) ;
#4346 = PRESENTATION_STYLE_ASSIGNMENT (( #7205 ) ) ;
#4347 = CARTESIAN_POINT ( 'NONE',  ( 0.4696401291258303079, 0.04500733388959443637, -0.2878937010365681948 ) ) ;
#4348 = AXIS2_PLACEMENT_3D ( 'NONE', #994, #2005, #4609 ) ;
#4349 = MECHANICAL_DESIGN_GEOMETRIC_PRESENTATION_REPRESENTATION (  '', ( #2425 ), #6285 ) ;
#4350 = EDGE_CURVE ( 'NONE', #11253, #10667, #147, .T. ) ;
#4351 = LINE ( 'NONE', #2545, #1639 ) ;
#4352 = ORIENTED_EDGE ( 'NONE', *, *, #922, .F. ) ;
#4353 = LENGTH_MEASURE_WITH_UNIT ( LENGTH_MEASURE( 0.02539999999999999897 ), #11571 );
#4354 = ORIENTED_EDGE ( 'NONE', *, *, #1345, .F. ) ;
#4355 = PRESENTATION_STYLE_ASSIGNMENT (( #11515 ) ) ;
#4356 = ORIENTED_EDGE ( 'NONE', *, *, #11617, .F. ) ;
#4357 = DIRECTION ( 'NONE',  ( 1.000000000000000000, -1.644517855226007801E-15, 1.748601263784622143E-15 ) ) ;
#4358 = LINE ( 'NONE', #8070, #10546 ) ;
#4359 = PLANE ( 'NONE',  #9601 ) ;
#4360 = STYLED_ITEM ( 'NONE', ( #6756 ), #5732 ) ;
#4361 = VERTEX_POINT ( 'NONE', #7462 ) ;
#4362 = SURFACE_STYLE_USAGE ( .BOTH. , #5996 ) ;
#4363 =( NAMED_UNIT ( * ) SI_UNIT ( $, .STERADIAN. ) SOLID_ANGLE_UNIT ( ) );
#4364 = CARTESIAN_POINT ( 'NONE',  ( 0.4754786166452190099, 0.04240671319253163513, -0.3272637797758074507 ) ) ;
#4365 = EDGE_CURVE ( 'NONE', #10931, #9902, #1787, .T. ) ;
#4366 = VERTEX_POINT ( 'NONE', #2009 ) ;
#4367 = ADVANCED_FACE ( 'NONE', ( #11032 ), #940, .F. ) ;
#4368 = ORIENTED_EDGE ( 'NONE', *, *, #9767, .T. ) ;
#4369 = SURFACE_SIDE_STYLE ('',( #11041 ) ) ;
#4370 = FILL_AREA_STYLE_COLOUR ( '', #9594 ) ;
#4371 = SURFACE_STYLE_USAGE ( .BOTH. , #8930 ) ;
#4372 = LINE ( 'NONE', #8083, #4657 ) ;
#4373 = CARTESIAN_POINT ( 'NONE',  ( 0.4554196763394125491, 0.03516481420455510459, -0.1778562600918830727 ) ) ;
#4374 = ADVANCED_FACE ( 'NONE', ( #5585 ), #7509, .T. ) ;
#4375 = LINE ( 'NONE', #7048, #2464 ) ;
#4376 = CARTESIAN_POINT ( 'NONE',  ( 0.3928014512908296063, 0.1021333181416024527, -0.03297244119349760499 ) ) ;
#4377 = B_SPLINE_CURVE_WITH_KNOTS ( 'NONE', 3,
 ( #6614, #2031, #6917, #7834, #11646, #10565 ),
 .UNSPECIFIED., .F., .F.,
 ( 4, 2, 4 ),
 ( 0.001980311538730939423, 0.001981246981108088310, 0.001982182423485237197 ),
 .UNSPECIFIED. ) ;
#4378 = EDGE_CURVE ( 'NONE', #6050, #6779, #11212, .T. ) ;
#4379 = CARTESIAN_POINT ( 'NONE',  ( 0.2453562723636251441, 0.03516481420455544460, -0.1812378449683796078 ) ) ;
#4380 = VERTEX_POINT ( 'NONE', #9290 ) ;
#4381 =( CONVERSION_BASED_UNIT ( 'INCH', #9126 ) LENGTH_UNIT ( ) NAMED_UNIT ( #486 ) );
#4382 = DIRECTION ( 'NONE',  ( 1.927470528863118556E-15, 1.000000000000000000, 0.0000000000000000000 ) ) ;
#4383 = LINE ( 'NONE', #9070, #9916 ) ;
#4384 = LINE ( 'NONE', #7184, #4514 ) ;
#4385 = CARTESIAN_POINT ( 'NONE',  ( 0.5225010356778660991, -0.01798479209465759024, -0.1669308663904348899 ) ) ;
#4386 = DIRECTION ( 'NONE',  ( 1.000000000000000000, -1.644517855226007801E-15, 1.748601263784622143E-15 ) ) ;
#4387 = CARTESIAN_POINT ( 'NONE',  ( 0.5092218448044582013, -0.01405121771457883313, -0.1776574805637725907 ) ) ;
#4388 = LINE ( 'NONE', #8098, #1198 ) ;
#4389 = LINE ( 'NONE', #7188, #11397 ) ;
#4390 = ORIENTED_EDGE ( 'NONE', *, *, #768, .F. ) ;
#4391 = DIRECTION ( 'NONE',  ( -1.000000000000000000, 2.430295991683600986E-14, -1.748601263784622143E-15 ) ) ;
#4392 = UNCERTAINTY_MEASURE_WITH_UNIT (LENGTH_MEASURE( 1.000000000000000082E-05 ), #9165, 'distance_accuracy_value', 'NONE');
#4393 = PLANE ( 'NONE',  #1430 ) ;
#4394 = AXIS2_PLACEMENT_3D ( 'NONE', #10494, #5150, #11395 ) ;
#4395 = ORIENTED_EDGE ( 'NONE', *, *, #425, .F. ) ;
#4396 = DIRECTION ( 'NONE',  ( -8.234490263801784106E-12, 1.443931000916540009E-26, 1.000000000000000000 ) ) ;
#4397 = MANIFOLD_SOLID_BREP ( 'LPattern1[8]', #11185 ) ;
#4398 = LENGTH_MEASURE_WITH_UNIT ( LENGTH_MEASURE( 0.02539999999999999897 ), #847 );
#4399 = CARTESIAN_POINT ( 'NONE',  ( 1.049128377453127114E-15, 0.1434325307400282357, -0.2000000000000000111 ) ) ;
#4400 = EDGE_LOOP ( 'NONE', ( #7144, #7579, #351, #8779, #11751, #1581 ) ) ;
#4401 = SURFACE_STYLE_FILL_AREA ( #4 ) ;
#4402 = LENGTH_MEASURE_WITH_UNIT ( LENGTH_MEASURE( 0.02539999999999999897 ), #8963 );
#4403 = CARTESIAN_POINT ( 'NONE',  ( 0.1921925904901482796, -0.01880785086054887617, -0.2693440471051373186 ) ) ;
#4404 = DIRECTION ( 'NONE',  ( 1.000000000000000000, -1.626303258728252509E-15, 8.235599702199870678E-12 ) ) ;
#4405 = EDGE_CURVE ( 'NONE', #823, #8421, #1286, .T. ) ;
#4406 = VERTEX_POINT ( 'NONE', #8367 ) ;
#4407 = LENGTH_MEASURE_WITH_UNIT ( LENGTH_MEASURE( 0.02539999999999999897 ), #2660 );
#4408 = DIRECTION ( 'NONE',  ( -1.644517855226008195E-15, -1.000000000000000000, -2.890435660536364269E-30 ) ) ;
#4409 = LENGTH_MEASURE_WITH_UNIT ( LENGTH_MEASURE( 0.02539999999999999897 ), #2602 );
#4410 = COLOUR_RGB ( '',0.7607843137254901578, 0.7607843137254901578, 0.0000000000000000000 ) ;
#4411 = DIMENSIONAL_EXPONENTS ( 1.000000000000000000, 0.0000000000000000000, 0.0000000000000000000, 0.0000000000000000000, 0.0000000000000000000, 0.0000000000000000000, 0.0000000000000000000 ) ;
#4412 = DIRECTION ( 'NONE',  ( 6.573244032422477783E-11, -1.000000000000000000, -7.815970093358505746E-14 ) ) ;
#4413 = ORIENTED_EDGE ( 'NONE', *, *, #10990, .T. ) ;
#4414 = FACE_OUTER_BOUND ( 'NONE', #10552, .T. ) ;
#4415 = AXIS2_PLACEMENT_3D ( 'NONE', #9787, #7766, #402 ) ;
#4416 = ORIENTED_EDGE ( 'NONE', *, *, #10319, .T. ) ;
#4417 = PLANE ( 'NONE',  #5950 ) ;
#4418 = DIRECTION ( 'NONE',  ( -0.05226423163383502740, -0.4972609476841255427, 0.8660254037844445918 ) ) ;
#4419 = CARTESIAN_POINT ( 'NONE',  ( 0.2148518768365311749, 0.04500733388959488740, -0.08789370103680475832 ) ) ;
#4420 = EDGE_CURVE ( 'NONE', #3793, #1584, #9263, .T. ) ;
#4421 = ORIENTED_EDGE ( 'NONE', *, *, #1725, .T. ) ;
#4422 = FILL_AREA_STYLE_COLOUR ( '', #7156 ) ;
#4423 = CARTESIAN_POINT ( 'NONE',  ( 0.4696401291285066115, 0.03516481420455509765, -0.08001968528857600349 ) ) ;
#4424 = PLANE ( 'NONE',  #873 ) ;
#4425 = CIRCLE ( 'NONE', #11782, 0.007874015748031489015 ) ;
#4426 = LINE ( 'NONE', #8078, #7029 ) ;
#4427 = ORIENTED_EDGE ( 'NONE', *, *, #5323, .F. ) ;
#4428 = VERTEX_POINT ( 'NONE', #11261 ) ;
#4429 = PRODUCT_DEFINITION_SHAPE ( 'NONE', 'NONE',  #8684 ) ;
#4430 = DIRECTION ( 'NONE',  ( 1.644517855226008195E-15, 1.000000000000000000, 2.890435660536364269E-30 ) ) ;
#4431 = MECHANICAL_DESIGN_GEOMETRIC_PRESENTATION_REPRESENTATION (  '', ( #11021 ), #7355 ) ;
#4432 = DIRECTION ( 'NONE',  ( -0.1045284632676950626, 0.9945218953682689600, -8.607386130680116915E-13 ) ) ;
#4433 = EDGE_CURVE ( 'NONE', #5751, #9832, #5330, .T. ) ;
#4434 = DIRECTION ( 'NONE',  ( 8.234490263801784106E-12, -1.353889066150678860E-26, -1.000000000000000000 ) ) ;
#4435 = VECTOR ( 'NONE', #8058, 39.37007874015748143 ) ;
#4436 = CYLINDRICAL_SURFACE ( 'NONE', #10712, 0.007874015748031497688 ) ;
#4437 = STYLED_ITEM ( 'NONE', ( #10971 ), #9285 ) ;
#4438 = DIRECTION ( 'NONE',  ( 0.1045284632676983655, 0.9945218953682685159, 1.827786029713617844E-16 ) ) ;
#4439 = MECHANICAL_DESIGN_GEOMETRIC_PRESENTATION_REPRESENTATION (  '', ( #8134 ), #10279 ) ;
#4440 = ORIENTED_EDGE ( 'NONE', *, *, #6524, .F. ) ;
#4441 =( NAMED_UNIT ( * ) SI_UNIT ( $, .STERADIAN. ) SOLID_ANGLE_UNIT ( ) );
#4442 = DIRECTION ( 'NONE',  ( 1.951563910474197493E-15, -6.123233995737086511E-17, 1.000000000000000000 ) ) ;
#4443 = DIRECTION ( 'NONE',  ( -1.748601263784621946E-15, 0.0000000000000000000, 1.000000000000000000 ) ) ;
#4444 = EDGE_CURVE ( 'NONE', #3976, #1005, #6658, .T. ) ;
#4445 = LINE ( 'NONE', #961, #11713 ) ;
#4446 = SURFACE_STYLE_USAGE ( .BOTH. , #10938 ) ;
#4447 = CARTESIAN_POINT ( 'NONE',  ( 0.3140612938105267204, 0.1020939480628584861, -0.1329724411934974648 ) ) ;
#4448 = VECTOR ( 'NONE', #3277, 39.37007874015748143 ) ;
#4449 = DIRECTION ( 'NONE',  ( -2.171873791922966683E-11, 0.0000000000000000000, 1.000000000000000000 ) ) ;
#4450 = CARTESIAN_POINT ( 'NONE',  ( 0.2313841284533489917, 0.03516481421632714627, 0.004564360868313389885 ) ) ;
#4451 = STYLED_ITEM ( 'NONE', ( #11899 ), #1764 ) ;
#4452 = ORIENTED_EDGE ( 'NONE', *, *, #10508, .F. ) ;
#4453 = LINE ( 'NONE', #968, #4553 ) ;
#4454 =( LENGTH_UNIT ( ) NAMED_UNIT ( * ) SI_UNIT ( $, .METRE. ) );
#4455 = VECTOR ( 'NONE', #3456, 39.37007874015748143 ) ;
#4456 = AXIS2_PLACEMENT_3D ( 'NONE', #5022, #11521, #10889 ) ;
#4457 = VERTEX_POINT ( 'NONE', #1341 ) ;
#4458 = CARTESIAN_POINT ( 'NONE',  ( 0.1933316831047186823, -0.02413076081869562281, -0.06742126009192292435 ) ) ;
#4459 = ADVANCED_FACE ( 'NONE', ( #8655 ), #3973, .T. ) ;
#4460 = EDGE_CURVE ( 'NONE', #11036, #5312, #3166, .T. ) ;
#4461 = FACE_OUTER_BOUND ( 'NONE', #8539, .T. ) ;
#4462 = ORIENTED_EDGE ( 'NONE', *, *, #3229, .T. ) ;
#4463 = DIRECTION ( 'NONE',  ( -1.000000000000000000, 1.644517855226007801E-15, 1.460052178569153902E-13 ) ) ;
#4464 = CYLINDRICAL_SURFACE ( 'NONE', #5305, 0.01771653543307089712 ) ;
#4465 = ORIENTED_EDGE ( 'NONE', *, *, #2820, .F. ) ;
#4466 = DIRECTION ( 'NONE',  ( -1.090273704650698649E-09, 0.0000000000000000000, 1.000000000000000000 ) ) ;
#4467 = CARTESIAN_POINT ( 'NONE',  ( 0.2443412753461447762, 0.04500733388959481801, -0.1317725596159386725 ) ) ;
#4468 = VECTOR ( 'NONE', #2016, 39.37007874015748143 ) ;
#4469 =( LENGTH_UNIT ( ) NAMED_UNIT ( * ) SI_UNIT ( $, .METRE. ) );
#4470 = COLOUR_RGB ( '',0.7607843137254901578, 0.7607843137254901578, 0.0000000000000000000 ) ;
#4471 = PRESENTATION_STYLE_ASSIGNMENT (( #6225 ) ) ;
#4472 = FACE_OUTER_BOUND ( 'NONE', #10302, .T. ) ;
#4473 = EDGE_LOOP ( 'NONE', ( #2747, #8895, #6535, #7979 ) ) ;
#4474 = EDGE_CURVE ( 'NONE', #322, #3691, #10365, .T. ) ;
#4475 = AXIS2_PLACEMENT_3D ( 'NONE', #3395, #11634, #7095 ) ;
#4476 = ORIENTED_EDGE ( 'NONE', *, *, #100, .T. ) ;
#4477 = VERTEX_POINT ( 'NONE', #6777 ) ;
#4478 = LINE ( 'NONE', #1837, #2486 ) ;
#4479 = CARTESIAN_POINT ( 'NONE',  ( 0.4754786166453180418, 0.04500733388959444331, -0.1878937010364894467 ) ) ;
#4480 = FACE_OUTER_BOUND ( 'NONE', #2473, .T. ) ;
#4481 = DIRECTION ( 'NONE',  ( 1.644517855226008195E-15, 1.000000000000000000, 0.0000000000000000000 ) ) ;
#4482 = ORIENTED_EDGE ( 'NONE', *, *, #780, .F. ) ;
#4483 = DIRECTION ( 'NONE',  ( -1.644517855226007801E-15, -1.000000000000000000, 6.888556729901404633E-28 ) ) ;
#4484 = DIRECTION ( 'NONE',  ( 1.387778780775897814E-15, 0.0000000000000000000, 1.000000000000000000 ) ) ;
#4485 = CARTESIAN_POINT ( 'NONE',  ( 0.4554196763377200141, 0.04500733388959445719, -0.2778562600918830783 ) ) ;
#4486 = ORIENTED_EDGE ( 'NONE', *, *, #8845, .F. ) ;
#4487 = EDGE_CURVE ( 'NONE', #7569, #8419, #2173, .T. ) ;
#4488 = DIMENSIONAL_EXPONENTS ( 1.000000000000000000, 0.0000000000000000000, 0.0000000000000000000, 0.0000000000000000000, 0.0000000000000000000, 0.0000000000000000000, 0.0000000000000000000 ) ;
#4489 = EDGE_CURVE ( 'NONE', #3629, #7965, #3136, .T. ) ;
#4490 = VERTEX_POINT ( 'NONE', #10543 ) ;
#4491 = CARTESIAN_POINT ( 'NONE',  ( 0.1921925904901456428, -0.01880785086056257355, -0.1458134337086158250 ) ) ;
#4492 = CARTESIAN_POINT ( 'NONE',  ( 0.4625214697563416189, 0.03516481420455509072, -0.1833849212005839169 ) ) ;
#4493 = CARTESIAN_POINT ( 'NONE',  ( 0.3928014512908299949, 0.1021333181416024388, -0.1329724411934976036 ) ) ;
#4494 = B_SPLINE_CURVE_WITH_KNOTS ( 'NONE', 3,
 ( #1215, #326, #5915, #11562, #1280, #5853, #5974, #4879, #8586, #1464 ),
 .UNSPECIFIED., .F., .F.,
 ( 4, 3, 3, 4 ),
 ( 2.354298271323330150E-17, 5.232092011450755555E-05, 0.0001048841986583170583, 0.0001556114547149432142 ),
 .UNSPECIFIED. ) ;
#4495 =( LENGTH_UNIT ( ) NAMED_UNIT ( * ) SI_UNIT ( $, .METRE. ) );
#4496 = CARTESIAN_POINT ( 'NONE',  ( 0.2313841284561837519, 0.1217789874329373717, -0.3272637797765944323 ) ) ;
#4497 = PLANE ( 'NONE',  #3531 ) ;
#4498 = MANIFOLD_SOLID_BREP ( 'LPattern1[1]', #10419 ) ;
#4499 = ORIENTED_EDGE ( 'NONE', *, *, #2275, .T. ) ;
#4500 = ADVANCED_FACE ( 'NONE', ( #5265 ), #3203, .T. ) ;
#4501 = CARTESIAN_POINT ( 'NONE',  ( 0.2313841284562234701, 0.03516481420601216823, -0.1272637797769622658 ) ) ;
#4502 = VECTOR ( 'NONE', #10540, 39.37007874015748143 ) ;
#4503 = DIRECTION ( 'NONE',  ( 1.644517855226008195E-15, 1.000000000000000000, 2.890435660536364269E-30 ) ) ;
#4504 = LINE ( 'NONE', #2574, #9718 ) ;
#4505 = EDGE_CURVE ( 'NONE', #7920, #7337, #1651, .T. ) ;
#4506 = ORIENTED_EDGE ( 'NONE', *, *, #5027, .T. ) ;
#4507 = FACE_OUTER_BOUND ( 'NONE', #5388, .T. ) ;
#4508 = CARTESIAN_POINT ( 'NONE',  ( 0.4561674782056329702, 0.03516481420455509765, -0.1778562600920799708 ) ) ;
#4509 = COLOUR_RGB ( '',0.7607843137254901578, 0.7607843137254901578, 0.0000000000000000000 ) ;
#4510 = DIRECTION ( 'NONE',  ( 1.000000000000000000, -1.644517855226007801E-15, 3.555553229056784908E-12 ) ) ;
#4511 = ORIENTED_EDGE ( 'NONE', *, *, #6624, .F. ) ;
#4512 = VECTOR ( 'NONE', #473, 39.37007874015748143 ) ;
#4513 = COLOUR_RGB ( '',0.7607843137254901578, 0.7607843137254901578, 0.0000000000000000000 ) ;
#4514 = VECTOR ( 'NONE', #6993, 39.37007874015748143 ) ;
#4515 = UNCERTAINTY_MEASURE_WITH_UNIT (LENGTH_MEASURE( 1.000000000000000082E-05 ), #2352, 'distance_accuracy_value', 'NONE');
#4516 = ADVANCED_FACE ( 'NONE', ( #8774 ), #512, .T. ) ;
#4517 = DIRECTION ( 'NONE',  ( 0.05226423164096315188, -0.4972609476841257092, -0.8660254037840142693 ) ) ;
#4518 = VECTOR ( 'NONE', #11012, 39.37007874015748143 ) ;
#4519 = ORIENTED_EDGE ( 'NONE', *, *, #9060, .T. ) ;
#4520 = FACE_OUTER_BOUND ( 'NONE', #10899, .T. ) ;
#4521 = AXIS2_PLACEMENT_3D ( 'NONE', #5479, #5864, #3085 ) ;
#4522 = VECTOR ( 'NONE', #11332, 39.37007874015748143 ) ;
#4523 = ORIENTED_EDGE ( 'NONE', *, *, #2083, .F. ) ;
#4524 = PRESENTATION_LAYER_ASSIGNMENT (  '', '', ( #10720 ) ) ;
#4525 = FACE_OUTER_BOUND ( 'NONE', #8990, .T. ) ;
#4526 = PLANE ( 'NONE',  #1944 ) ;
#4527 = EDGE_CURVE ( 'NONE', #6533, #11325, #2478, .T. ) ;
#4528 = CARTESIAN_POINT ( 'NONE',  ( 0.2453562723632707610, 0.04500733388959481801, -0.1339196358434976697 ) ) ;
#4529 = COLOUR_RGB ( '',0.7607843137254901578, 0.7607843137254901578, 0.0000000000000000000 ) ;
#4530 = EDGE_LOOP ( 'NONE', ( #1785, #1951, #2017, #6992 ) ) ;
#4531 = FILL_AREA_STYLE_COLOUR ( '', #5450 ) ;
#4532 =( GEOMETRIC_REPRESENTATION_CONTEXT ( 3 ) GLOBAL_UNCERTAINTY_ASSIGNED_CONTEXT ( ( #2495 ) ) GLOBAL_UNIT_ASSIGNED_CONTEXT ( ( #4334, #746, #7316 ) ) REPRESENTATION_CONTEXT ( 'NONE', 'WORKASPACE' ) );
#4533 = CARTESIAN_POINT ( 'NONE',  ( 0.2389260676367348513, 0.03516481420750823539, 0.01210629896319520213 ) ) ;
#4534 = EDGE_CURVE ( 'NONE', #2587, #2976, #10838, .T. ) ;
#4535 = STYLED_ITEM ( 'NONE', ( #6023 ), #10564 ) ;
#4536 = CARTESIAN_POINT ( 'NONE',  ( 0.2148518768365320075, 0.03516481420455547929, -0.2878937010368047833 ) ) ;
#4537 = VECTOR ( 'NONE', #4418, 39.37007874015748143 ) ;
#4538 = MECHANICAL_DESIGN_GEOMETRIC_PRESENTATION_REPRESENTATION (  '', ( #9793 ), #2407 ) ;
#4539 = ORIENTED_EDGE ( 'NONE', *, *, #7541, .T. ) ;
#4540 = DIRECTION ( 'NONE',  ( 0.0000000000000000000, 0.0000000000000000000, 1.000000000000000000 ) ) ;
#4541 = VECTOR ( 'NONE', #10123, 39.37007874015748143 ) ;
#4542 = VERTEX_POINT ( 'NONE', #9771 ) ;
#4543 = ORIENTED_EDGE ( 'NONE', *, *, #9348, .F. ) ;
#4544 = AXIS2_PLACEMENT_3D ( 'NONE', #1933, #8510, #11294 ) ;
#4545 = SURFACE_STYLE_USAGE ( .BOTH. , #11092 ) ;
#4546 = EDGE_LOOP ( 'NONE', ( #8374, #3851, #10059, #10055 ) ) ;
#4547 = CARTESIAN_POINT ( 'NONE',  ( 0.2313841284562201672, 0.04240669873959744540, 0.01210629896319397221 ) ) ;
#4548 = AXIS2_PLACEMENT_3D ( 'NONE', #7216, #7159, #3633 ) ;
#4549 = LENGTH_MEASURE_WITH_UNIT ( LENGTH_MEASURE( 0.02539999999999999897 ), #7288 );
#4550 = MANIFOLD_SOLID_BREP ( 'LPattern1[2]', #3442 ) ;
#4551 = AXIS2_PLACEMENT_3D ( 'NONE', #6949, #7987, #5257 ) ;
#4552 = ADVANCED_FACE ( 'NONE', ( #9336 ), #1470, .F. ) ;
#4553 = VECTOR ( 'NONE', #2829, 39.37007874015748143 ) ;
#4554 = FACE_OUTER_BOUND ( 'NONE', #11387, .T. ) ;
#4555 = ORIENTED_EDGE ( 'NONE', *, *, #2755, .T. ) ;
#4556 = CIRCLE ( 'NONE', #10752, 0.007874015748031499423 ) ;
#4557 = VERTEX_POINT ( 'NONE', #11870 ) ;
#4558 = ORIENTED_EDGE ( 'NONE', *, *, #665, .T. ) ;
#4559 = CARTESIAN_POINT ( 'NONE',  ( 0.2148518768365318965, 0.03516481420455547929, -0.2272637797769622714 ) ) ;
#4560 = CIRCLE ( 'NONE', #2436, 0.007874015748031497688 ) ;
#4561 = DIRECTION ( 'NONE',  ( 0.0000000000000000000, 0.0000000000000000000, 1.000000000000000000 ) ) ;
#4562 =( NAMED_UNIT ( * ) PLANE_ANGLE_UNIT ( ) SI_UNIT ( $, .RADIAN. ) );
#4563 = CARTESIAN_POINT ( 'NONE',  ( 0.4536010832257899583, 0.03516481420455512541, -0.03701423085452092837 ) ) ;
#4564 =( CONVERSION_BASED_UNIT ( 'INCH', #6316 ) LENGTH_UNIT ( ) NAMED_UNIT ( #1865 ) );
#4565 = DIRECTION ( 'NONE',  ( -6.071532165918824830E-14, -0.2873478855663197939, 0.9578262852211589795 ) ) ;
#4566 = ADVANCED_FACE ( 'NONE', ( #1712 ), #8354, .F. ) ;
#4567 = FILL_AREA_STYLE ('',( #6378 ) ) ;
#4568 = CARTESIAN_POINT ( 'NONE',  ( 0.5483132623143620599, -0.02585880784268914170, -0.1674212600910097992 ) ) ;
#4569 = MANIFOLD_SOLID_BREP ( 'LPattern1[6]', #5177 ) ;
#4570 = VERTEX_POINT ( 'NONE', #11307 ) ;
#4571 = DIRECTION ( 'NONE',  ( -1.644517855226008195E-15, -1.000000000000000000, -2.890435660536364269E-30 ) ) ;
#4572 = DIRECTION ( 'NONE',  ( -1.748601263784621748E-15, 0.0000000000000000000, 1.000000000000000000 ) ) ;
#4573 = EDGE_LOOP ( 'NONE', ( #7339, #11337, #11666, #7794 ) ) ;
#4574 = SURFACE_SIDE_STYLE ('',( #9197 ) ) ;
#4575 = DIRECTION ( 'NONE',  ( -0.9945218953682686269, 0.1045284632676983516, -1.739022243102431967E-15 ) ) ;
#4576 = DIMENSIONAL_EXPONENTS ( 1.000000000000000000, 0.0000000000000000000, 0.0000000000000000000, 0.0000000000000000000, 0.0000000000000000000, 0.0000000000000000000, 0.0000000000000000000 ) ;
#4577 = DIRECTION ( 'NONE',  ( -1.644517855226008195E-15, -1.000000000000000000, -2.890435660536364269E-30 ) ) ;
#4578 = ORIENTED_EDGE ( 'NONE', *, *, #6036, .F. ) ;
#4579 = EDGE_CURVE ( 'NONE', #4927, #6321, #6527, .T. ) ;
#4580 =( CONVERSION_BASED_UNIT ( 'INCH', #6513 ) LENGTH_UNIT ( ) NAMED_UNIT ( #876 ) );
#4581 = EDGE_CURVE ( 'NONE', #191, #1775, #4821, .T. ) ;
#4582 = DIRECTION ( 'NONE',  ( -0.05226423163383198817, -0.4972609476841254317, -0.8660254037844445918 ) ) ;
#4583 = VERTEX_POINT ( 'NONE', #6637 ) ;
#4584 = CARTESIAN_POINT ( 'NONE',  ( 0.2313841284562625222, 0.04500733388959485964, -0.08789370103625360198 ) ) ;
#4585 = VECTOR ( 'NONE', #168, 39.37007874015748143 ) ;
#4586 =( NAMED_UNIT ( * ) PLANE_ANGLE_UNIT ( ) SI_UNIT ( $, .RADIAN. ) );
#4587 = ORIENTED_EDGE ( 'NONE', *, *, #7421, .T. ) ;
#4588 = VECTOR ( 'NONE', #4767, 39.37007874015748143 ) ;
#4589 = DIRECTION ( 'NONE',  ( 1.000000000000000000, -1.644517855226007801E-15, 1.748601263784621748E-15 ) ) ;
#4590 = SURFACE_SIDE_STYLE ('',( #2836 ) ) ;
#4591 = CARTESIAN_POINT ( 'NONE',  ( 0.2014250033735600909, -0.02312123604650252739, -0.1477362207218443080 ) ) ;
#4592 = LINE ( 'NONE', #6467, #7807 ) ;
#4593 = EDGE_CURVE ( 'NONE', #3722, #11231, #8574, .T. ) ;
#4594 = ORIENTED_EDGE ( 'NONE', *, *, #1941, .F. ) ;
#4595 = FACE_OUTER_BOUND ( 'NONE', #5995, .T. ) ;
#4596 = CARTESIAN_POINT ( 'NONE',  ( 0.5134983943106644633, -0.007659296307098530966, -0.1878937010361783622 ) ) ;
#4597 =( LENGTH_UNIT ( ) NAMED_UNIT ( * ) SI_UNIT ( $, .METRE. ) );
#4598 = MECHANICAL_DESIGN_GEOMETRIC_PRESENTATION_REPRESENTATION (  '', ( #8466 ), #7693 ) ;
#4599 = CARTESIAN_POINT ( 'NONE',  ( 0.5134983943106640192, -0.007659296307098515354, -0.08789370103617834273 ) ) ;
#4600 = VERTEX_POINT ( 'NONE', #10366 ) ;
#4601 = CARTESIAN_POINT ( 'NONE',  ( 0.2453562723637043308, 0.04500733388959479719, -0.2812378449682614301 ) ) ;
#4602 = AXIS2_PLACEMENT_3D ( 'NONE', #3403, #7828, #1606 ) ;
#4603 = EDGE_LOOP ( 'NONE', ( #6241, #943, #6345, #19 ) ) ;
#4604 = PRESENTATION_STYLE_ASSIGNMENT (( #10022 ) ) ;
#4605 = ORIENTED_EDGE ( 'NONE', *, *, #4606, .F. ) ;
#4606 = EDGE_CURVE ( 'NONE', #5802, #4361, #8637, .T. ) ;
#4607 = FACE_OUTER_BOUND ( 'NONE', #3835, .T. ) ;
#4608 = DIRECTION ( 'NONE',  ( -1.000000000000000000, -3.418540703040399067E-14, -1.748601263784622143E-15 ) ) ;
#4609 = DIRECTION ( 'NONE',  ( 1.748601263784621748E-15, 0.0000000000000000000, -1.000000000000000000 ) ) ;
#4610 = VECTOR ( 'NONE', #8545, 39.37007874015748143 ) ;
#4611 = DIMENSIONAL_EXPONENTS ( 1.000000000000000000, 0.0000000000000000000, 0.0000000000000000000, 0.0000000000000000000, 0.0000000000000000000, 0.0000000000000000000, 0.0000000000000000000 ) ;
#4612 = CARTESIAN_POINT ( 'NONE',  ( 0.4998417493303346504, 0.02811385722240933652, -0.2272637797764482659 ) ) ;
#4613 = ORIENTED_EDGE ( 'NONE', *, *, #11121, .F. ) ;
#4614 = CARTESIAN_POINT ( 'NONE',  ( 0.4625214697563018729, 0.03516481420455510459, -0.08338492120050514100 ) ) ;
#4615 = CARTESIAN_POINT ( 'NONE',  ( -0.1216505027520421861, 0.03516481420455603440, -1.087891452689561111 ) ) ;
#4616 = PLANE ( 'NONE',  #3364 ) ;
#4617 = ORIENTED_EDGE ( 'NONE', *, *, #6086, .T. ) ;
#4618 = VERTEX_POINT ( 'NONE', #185 ) ;
#4619 = ORIENTED_EDGE ( 'NONE', *, *, #6989, .T. ) ;
#4620 = PRESENTATION_STYLE_ASSIGNMENT (( #3866 ) ) ;
#4621 = EDGE_CURVE ( 'NONE', #5910, #2210, #5745, .T. ) ;
#4622 = DIRECTION ( 'NONE',  ( -1.748601263784622143E-15, 0.0000000000000000000, 1.000000000000000000 ) ) ;
#4623 = FACE_OUTER_BOUND ( 'NONE', #2971, .T. ) ;
#4624 = DIRECTION ( 'NONE',  ( 0.6691306063588791098, 0.7431448254773753703, 5.509915440571338380E-12 ) ) ;
#4625 = CARTESIAN_POINT ( 'NONE',  ( 0.2453562723634672427, 0.03516481420455546542, -0.08123784496877324568 ) ) ;
#4626 =( NAMED_UNIT ( * ) SI_UNIT ( $, .STERADIAN. ) SOLID_ANGLE_UNIT ( ) );
#4627 = COLOUR_RGB ( '',0.7607843137254901578, 0.7607843137254901578, 0.0000000000000000000 ) ;
#4628 = FACE_OUTER_BOUND ( 'NONE', #11740, .T. ) ;
#4629 = ORIENTED_EDGE ( 'NONE', *, *, #4593, .F. ) ;
#4630 = FACE_OUTER_BOUND ( 'NONE', #8345, .T. ) ;
#4631 = CIRCLE ( 'NONE', #8119, 0.007874015748031499423 ) ;
#4632 = PLANE ( 'NONE',  #6491 ) ;
#4633 = ADVANCED_FACE ( 'NONE', ( #9455 ), #374, .T. ) ;
#4634 = PRESENTATION_LAYER_ASSIGNMENT (  '', '', ( #7534 ) ) ;
#4635 = ORIENTED_EDGE ( 'NONE', *, *, #8992, .F. ) ;
#4636 = LINE ( 'NONE', #11124, #1833 ) ;
#4637 = CARTESIAN_POINT ( 'NONE',  ( 0.5463410757003660523, -0.06121462703867337068, -0.1752952758399538014 ) ) ;
#4638 = CARTESIAN_POINT ( 'NONE',  ( 0.3928014512908302724, 0.1021333181416024527, -0.2360039372566872795 ) ) ;
#4639 = VERTEX_POINT ( 'NONE', #7740 ) ;
#4640 = LINE ( 'NONE', #9262, #321 ) ;
#4641 = CIRCLE ( 'NONE', #6183, 0.007874015748031495954 ) ;
#4642 = DIRECTION ( 'NONE',  ( -8.234490263801784106E-12, 1.353889066150678573E-26, 1.000000000000000000 ) ) ;
#4643 = VERTEX_POINT ( 'NONE', #3897 ) ;
#4644 = DIRECTION ( 'NONE',  ( 8.234490263801784106E-12, -1.353889066150678860E-26, -1.000000000000000000 ) ) ;
#4645 = EDGE_CURVE ( 'NONE', #3408, #9125, #7504, .T. ) ;
#4646 = COLOUR_RGB ( '',1.000000000000000000, 1.000000000000000000, 1.000000000000000000 ) ;
#4647 = VECTOR ( 'NONE', #2197, 39.37007874015748143 ) ;
#4648 =( LENGTH_UNIT ( ) NAMED_UNIT ( * ) SI_UNIT ( $, .METRE. ) );
#4649 =( LENGTH_UNIT ( ) NAMED_UNIT ( * ) SI_UNIT ( $, .METRE. ) );
#4650 = CARTESIAN_POINT ( 'NONE',  ( 0.3140612938105270535, 0.1021333181416025637, -0.2821850396188910759 ) ) ;
#4651 = LINE ( 'NONE', #9451, #9443 ) ;
#4652 = SURFACE_STYLE_USAGE ( .BOTH. , #1940 ) ;
#4653 = VERTEX_POINT ( 'NONE', #3018 ) ;
#4654 = LINE ( 'NONE', #4596, #4253 ) ;
#4655 = DIMENSIONAL_EXPONENTS ( 1.000000000000000000, 0.0000000000000000000, 0.0000000000000000000, 0.0000000000000000000, 0.0000000000000000000, 0.0000000000000000000, 0.0000000000000000000 ) ;
#4656 = SURFACE_STYLE_USAGE ( .BOTH. , #1890 ) ;
#4657 = VECTOR ( 'NONE', #2631, 39.37007874015748143 ) ;
#4658 =( NAMED_UNIT ( * ) SI_UNIT ( $, .STERADIAN. ) SOLID_ANGLE_UNIT ( ) );
#4659 = ORIENTED_EDGE ( 'NONE', *, *, #8382, .F. ) ;
#4660 = CARTESIAN_POINT ( 'NONE',  ( 0.3928014512908296063, 0.1021333181416024527, -0.03297244119349760499 ) ) ;
#4661 = EDGE_CURVE ( 'NONE', #10264, #8291, #2223, .T. ) ;
#4662 = ADVANCED_FACE ( 'NONE', ( #4870 ), #10304, .F. ) ;
#4663 = ORIENTED_EDGE ( 'NONE', *, *, #8372, .F. ) ;
#4664 = ORIENTED_EDGE ( 'NONE', *, *, #5541, .T. ) ;
#4665 = VECTOR ( 'NONE', #11355, 39.37007874015748143 ) ;
#4666 = SURFACE_STYLE_USAGE ( .BOTH. , #5638 ) ;
#4667 = STYLED_ITEM ( 'NONE', ( #5796 ), #2100 ) ;
#4668 = LENGTH_MEASURE_WITH_UNIT ( LENGTH_MEASURE( 0.02539999999999999897 ), #11093 );
#4669 = EDGE_LOOP ( 'NONE', ( #4356, #4993, #4895, #3064 ) ) ;
#4670 = LENGTH_MEASURE_WITH_UNIT ( LENGTH_MEASURE( 0.02539999999999999897 ), #8185 );
#4671 = MANIFOLD_SOLID_BREP ( 'Imported10', #1327 ) ;
#4672 = LINE ( 'NONE', #4485, #8398 ) ;
#4673 = AXIS2_PLACEMENT_3D ( 'NONE', #3027, #257, #6715 ) ;
#4674 = ORIENTED_EDGE ( 'NONE', *, *, #964, .F. ) ;
#4675 = EDGE_CURVE ( 'NONE', #2680, #2370, #1633, .T. ) ;
#4676 = ORIENTED_EDGE ( 'NONE', *, *, #8834, .F. ) ;
#4677 = ORIENTED_EDGE ( 'NONE', *, *, #58, .T. ) ;
#4678 = CARTESIAN_POINT ( 'NONE',  ( 0.5483132623143620599, -0.02585880784268914170, -0.1674212600910097992 ) ) ;
#4679 = SURFACE_STYLE_USAGE ( .BOTH. , #9298 ) ;
#4680 = FILL_AREA_STYLE ('',( #1007 ) ) ;
#4681 = DIRECTION ( 'NONE',  ( 1.000000000000000000, -1.644517855226007801E-15, 1.748601263784621748E-15 ) ) ;
#4682 =( NAMED_UNIT ( * ) PLANE_ANGLE_UNIT ( ) SI_UNIT ( $, .RADIAN. ) );
#4683 =( LENGTH_UNIT ( ) NAMED_UNIT ( * ) SI_UNIT ( $, .METRE. ) );
#4684 = FILL_AREA_STYLE ('',( #275 ) ) ;
#4685 =( NAMED_UNIT ( * ) PLANE_ANGLE_UNIT ( ) SI_UNIT ( $, .RADIAN. ) );
#4686 = EDGE_CURVE ( 'NONE', #1421, #5081, #2525, .T. ) ;
#4687 = VERTEX_POINT ( 'NONE', #5314 ) ;
#4688 = DIRECTION ( 'NONE',  ( 1.000000000000000000, 0.0000000000000000000, -1.951563910474197493E-15 ) ) ;
#4689 = DIRECTION ( 'NONE',  ( 1.000000000000000000, 2.710505431213753985E-15, 8.235599702199870678E-12 ) ) ;
#4690 = DIRECTION ( 'NONE',  ( -1.387778780775897222E-15, 0.0000000000000000000, -1.000000000000000000 ) ) ;
#4691 = LENGTH_MEASURE_WITH_UNIT ( LENGTH_MEASURE( 0.02539999999999999897 ), #3940 );
#4692 = PRESENTATION_STYLE_ASSIGNMENT (( #6621 ) ) ;
#4693 = SURFACE_STYLE_FILL_AREA ( #5609 ) ;
#4694 = ORIENTED_EDGE ( 'NONE', *, *, #2356, .T. ) ;
#4695 = CARTESIAN_POINT ( 'NONE',  ( 0.5162468380955167468, -0.02281331161264291488, -0.06746322549319072603 ) ) ;
#4696 = EDGE_CURVE ( 'NONE', #5225, #10884, #742, .T. ) ;
#4697 = DIRECTION ( 'NONE',  ( 1.644517855226008195E-15, 1.000000000000000000, 2.890435660536364269E-30 ) ) ;
#4698 = ORIENTED_EDGE ( 'NONE', *, *, #5959, .T. ) ;
#4699 = CARTESIAN_POINT ( 'NONE',  ( 0.2021550464030791305, -0.01818255847634999214, -0.2437992128478284060 ) ) ;
#4700 = CYLINDRICAL_SURFACE ( 'NONE', #5301, 0.01771653543307087283 ) ;
#4701 = LENGTH_MEASURE_WITH_UNIT ( LENGTH_MEASURE( 0.02539999999999999897 ), #1144 );
#4702 = FACE_OUTER_BOUND ( 'NONE', #9239, .T. ) ;
#4703 = CIRCLE ( 'NONE', #5680, 0.007874015748027545988 ) ;
#4704 = CARTESIAN_POINT ( 'NONE',  ( 0.1916536552706500085, -0.02393547695607439393, -0.2398622049738126927 ) ) ;
#4705 = VERTEX_POINT ( 'NONE', #6885 ) ;
#4706 =( NAMED_UNIT ( * ) SI_UNIT ( $, .STERADIAN. ) SOLID_ANGLE_UNIT ( ) );
#4707 = EDGE_CURVE ( 'NONE', #9425, #250, #11608, .T. ) ;
#4708 = VECTOR ( 'NONE', #10551, 39.37007874015748143 ) ;
#4709 = AXIS2_PLACEMENT_3D ( 'NONE', #8302, #13, #1715 ) ;
#4710 = ORIENTED_EDGE ( 'NONE', *, *, #7668, .F. ) ;
#4711 = CARTESIAN_POINT ( 'NONE',  ( 0.4696401291258294752, 0.04500733388959446413, -0.08789370103656818367 ) ) ;
#4712 = COLOUR_RGB ( '',0.7607843137254901578, 0.7607843137254901578, 0.0000000000000000000 ) ;
#4713 = EDGE_LOOP ( 'NONE', ( #5367, #10730, #1487, #5223, #6878, #11621 ) ) ;
#4714 = SURFACE_STYLE_USAGE ( .BOTH. , #9342 ) ;
#4715 = ORIENTED_EDGE ( 'NONE', *, *, #6886, .F. ) ;
#4716 = COLOUR_RGB ( '',0.7607843137254901578, 0.7607843137254901578, 0.0000000000000000000 ) ;
#4717 = PRESENTATION_LAYER_ASSIGNMENT (  '', '', ( #9969 ) ) ;
#4718 = DIRECTION ( 'NONE',  ( 4.107068851677783533E-12, -1.000000000000000000, -5.449862783279992659E-12 ) ) ;
#4719 = CARTESIAN_POINT ( 'NONE',  ( 0.2006796306912839722, -0.02488414520015494111, -0.2674212600919229077 ) ) ;
#4720 = PRESENTATION_STYLE_ASSIGNMENT (( #1955 ) ) ;
#4721 =( BOUNDED_CURVE ( )  B_SPLINE_CURVE ( 3, ( #1602, #2250, #9657, #455 ),
 .UNSPECIFIED., .F., .T. ) 
 B_SPLINE_CURVE_WITH_KNOTS ( ( 4, 4 ),
 ( 0.08266305805074682100, 0.8267300111068787150 ),
 .UNSPECIFIED. ) 
 CURVE ( )  GEOMETRIC_REPRESENTATION_ITEM ( )  RATIONAL_B_SPLINE_CURVE ( ( 1.000000000000000000, 0.9543933880140722525, 0.9543933880140722525, 1.000000000000000000 ) ) 
 REPRESENTATION_ITEM ( '' )  );
#4722 = AXIS2_PLACEMENT_3D ( 'NONE', #1388, #6097, #4075 ) ;
#4723 = ORIENTED_EDGE ( 'NONE', *, *, #2568, .F. ) ;
#4724 = DIRECTION ( 'NONE',  ( -0.6691306063588805531, -0.7431448254773741491, -5.510638242019650472E-12 ) ) ;
#4725 = VECTOR ( 'NONE', #4873, 39.37007874015748143 ) ;
#4726 = SURFACE_SIDE_STYLE ('',( #5705 ) ) ;
#4727 = EDGE_CURVE ( 'NONE', #10686, #10133, #8812, .T. ) ;
#4728 =( GEOMETRIC_REPRESENTATION_CONTEXT ( 3 ) GLOBAL_UNCERTAINTY_ASSIGNED_CONTEXT ( ( #3930 ) ) GLOBAL_UNIT_ASSIGNED_CONTEXT ( ( #11351, #10504, #10568 ) ) REPRESENTATION_CONTEXT ( 'NONE', 'WORKASPACE' ) );
#4729 = AXIS2_PLACEMENT_3D ( 'NONE', #11771, #881, #3520 ) ;
#4730 = PRESENTATION_LAYER_ASSIGNMENT (  '', '', ( #1660 ) ) ;
#4731 = CARTESIAN_POINT ( 'NONE',  ( 0.1585494827869409484, -0.03078006768520820044, -0.1575787404068836606 ) ) ;
#4732 =( GEOMETRIC_REPRESENTATION_CONTEXT ( 3 ) GLOBAL_UNCERTAINTY_ASSIGNED_CONTEXT ( ( #6942 ) ) GLOBAL_UNIT_ASSIGNED_CONTEXT ( ( #10714, #1530, #2422 ) ) REPRESENTATION_CONTEXT ( 'NONE', 'WORKASPACE' ) );
#4733 = ORIENTED_EDGE ( 'NONE', *, *, #4284, .F. ) ;
#4734 = DIMENSIONAL_EXPONENTS ( 1.000000000000000000, 0.0000000000000000000, 0.0000000000000000000, 0.0000000000000000000, 0.0000000000000000000, 0.0000000000000000000, 0.0000000000000000000 ) ;
#4735 = CIRCLE ( 'NONE', #9396, 0.005905511811019693684 ) ;
#4736 = ORIENTED_EDGE ( 'NONE', *, *, #9882, .T. ) ;
#4737 = CARTESIAN_POINT ( 'NONE',  ( 0.1897414014858930797, -0.02373449098435562871, -0.06742126009192291047 ) ) ;
#4738 = ORIENTED_EDGE ( 'NONE', *, *, #11688, .T. ) ;
#4739 = PRESENTATION_STYLE_ASSIGNMENT (( #9537 ) ) ;
#4740 = PRESENTATION_LAYER_ASSIGNMENT (  '', '', ( #8597 ) ) ;
#4741 = CARTESIAN_POINT ( 'NONE',  ( 0.4554196763415381821, 0.03516481420455512541, -0.08376177190290670649 ) ) ;
#4742 = DIRECTION ( 'NONE',  ( -1.503638049432454012E-14, 6.123233995739238622E-17, -1.000000000000000000 ) ) ;
#4743 = DIRECTION ( 'NONE',  ( -1.000000000000000000, 1.644517855226007801E-15, -8.234490263801784106E-12 ) ) ;
#4744 = DIRECTION ( 'NONE',  ( 0.0000000000000000000, 0.0000000000000000000, 1.000000000000000000 ) ) ;
#4745 = VECTOR ( 'NONE', #1967, 39.37007874015748143 ) ;
#4746 = PLANE ( 'NONE',  #5018 ) ;
#4747 =( NAMED_UNIT ( * ) PLANE_ANGLE_UNIT ( ) SI_UNIT ( $, .RADIAN. ) );
#4748 = EDGE_CURVE ( 'NONE', #1908, #15, #1513, .T. ) ;
#4749 = CARTESIAN_POINT ( 'NONE',  ( 0.1933643507908069936, -0.007659296307098001876, -0.1272637797769623214 ) ) ;
#4750 = ORIENTED_EDGE ( 'NONE', *, *, #5251, .T. ) ;
#4751 = VECTOR ( 'NONE', #1989, 39.37007874015748143 ) ;
#4752 = VECTOR ( 'NONE', #1995, 39.37007874015748143 ) ;
#4753 = EDGE_CURVE ( 'NONE', #8737, #9518, #11511, .T. ) ;
#4754 = DIRECTION ( 'NONE',  ( -8.247014182617143564E-13, 6.985523270895014608E-13, -1.000000000000000000 ) ) ;
#4755 = LINE ( 'NONE', #9550, #10228 ) ;
#4756 = CARTESIAN_POINT ( 'NONE',  ( 0.1794316161830389056, -0.03078006768520821779, -0.06742126009192295211 ) ) ;
#4757 = LINE ( 'NONE', #8502, #4585 ) ;
#4758 = ADVANCED_FACE ( 'NONE', ( #8756 ), #2332, .F. ) ;
#4759 =( NAMED_UNIT ( * ) SI_UNIT ( $, .STERADIAN. ) SOLID_ANGLE_UNIT ( ) );
#4760 = ORIENTED_EDGE ( 'NONE', *, *, #3063, .F. ) ;
#4761 = CARTESIAN_POINT ( 'NONE',  ( 0.5147244003127859902, -0.01932396423582114983, -0.06889444729080938801 ) ) ;
#4762 = DIRECTION ( 'NONE',  ( -1.000000000000000000, 1.644517855226007801E-15, -8.234490263801784106E-12 ) ) ;
#4763 = ORIENTED_EDGE ( 'NONE', *, *, #3604, .F. ) ;
#4764 = PLANE ( 'NONE',  #9971 ) ;
#4765 =( LENGTH_UNIT ( ) NAMED_UNIT ( * ) SI_UNIT ( $, .METRE. ) );
#4766 =( CONVERSION_BASED_UNIT ( 'INCH', #11301 ) LENGTH_UNIT ( ) NAMED_UNIT ( #4488 ) );
#4767 = DIRECTION ( 'NONE',  ( 2.521108322106260382E-13, 1.000000000000000000, 4.408561494778652430E-28 ) ) ;
#4768 = VERTEX_POINT ( 'NONE', #6151 ) ;
#4769 = UNCERTAINTY_MEASURE_WITH_UNIT (LENGTH_MEASURE( 1.000000000000000082E-05 ), #3148, 'distance_accuracy_value', 'NONE');
#4770 = FILL_AREA_STYLE ('',( #6705 ) ) ;
#4771 = VERTEX_POINT ( 'NONE', #7858 ) ;
#4772 = LINE ( 'NONE', #4711, #5297 ) ;
#4773 = ORIENTED_EDGE ( 'NONE', *, *, #6404, .T. ) ;
#4774 = ORIENTED_EDGE ( 'NONE', *, *, #9194, .T. ) ;
#4775 = EDGE_CURVE ( 'NONE', #2232, #8384, #6939, .T. ) ;
#4776 = SURFACE_STYLE_USAGE ( .BOTH. , #194 ) ;
#4777 = DIRECTION ( 'NONE',  ( 8.234490263801784106E-12, -1.353889066150678860E-26, -1.000000000000000000 ) ) ;
#4778 =( LENGTH_UNIT ( ) NAMED_UNIT ( * ) SI_UNIT ( $, .METRE. ) );
#4779 = CARTESIAN_POINT ( 'NONE',  ( 0.4696401291258303079, 0.04500733388959443637, -0.2878937010365681948 ) ) ;
#4780 = ORIENTED_EDGE ( 'NONE', *, *, #3051, .T. ) ;
#4781 = DIRECTION ( 'NONE',  ( -1.000000000000000000, -3.418540703040399067E-14, -1.748601263784622143E-15 ) ) ;
#4782 = AXIS2_PLACEMENT_3D ( 'NONE', #11979, #7370, #11061 ) ;
#4783 = DIMENSIONAL_EXPONENTS ( 1.000000000000000000, 0.0000000000000000000, 0.0000000000000000000, 0.0000000000000000000, 0.0000000000000000000, 0.0000000000000000000, 0.0000000000000000000 ) ;
#4784 = CARTESIAN_POINT ( 'NONE',  ( 0.2372226159726010808, 0.03516481420455547929, -0.03513779552499369380 ) ) ;
#4785 = COLOUR_RGB ( '',0.7607843137254901578, 0.7607843137254901578, 0.0000000000000000000 ) ;
#4786 = ORIENTED_EDGE ( 'NONE', *, *, #3096, .F. ) ;
#4787 = VERTEX_POINT ( 'NONE', #3662 ) ;
#4788 = MECHANICAL_DESIGN_GEOMETRIC_PRESENTATION_REPRESENTATION (  '', ( #11567 ), #763 ) ;
#4789 = CARTESIAN_POINT ( 'NONE',  ( 0.2443412753448057362, 0.03516481420455546542, -0.03177255961278904750 ) ) ;
#4790 = ORIENTED_EDGE ( 'NONE', *, *, #6886, .T. ) ;
#4791 = DIRECTION ( 'NONE',  ( 1.748601263784621946E-15, 0.0000000000000000000, -1.000000000000000000 ) ) ;
#4792 = EDGE_CURVE ( 'NONE', #10872, #2308, #8280, .T. ) ;
#4793 = CARTESIAN_POINT ( 'NONE',  ( 0.3140612938105267204, 0.1020939480628624135, -0.1329724411934974648 ) ) ;
#4794 =( CONVERSION_BASED_UNIT ( 'INCH', #4847 ) LENGTH_UNIT ( ) NAMED_UNIT ( #10403 ) );
#4795 = CARTESIAN_POINT ( 'NONE',  ( 0.2924077505034280433, 0.1060309559368545901, -0.08238189001259203781 ) ) ;
#4796 = FILL_AREA_STYLE_COLOUR ( '', #4646 ) ;
#4797 = VECTOR ( 'NONE', #2087, 39.37007874015748143 ) ;
#4798 = UNCERTAINTY_MEASURE_WITH_UNIT (LENGTH_MEASURE( 1.000000000000000082E-05 ), #2622, 'distance_accuracy_value', 'NONE');
#4799 = LINE ( 'NONE', #2136, #10145 ) ;
#4800 = ORIENTED_EDGE ( 'NONE', *, *, #6568, .T. ) ;
#4801 = SURFACE_STYLE_USAGE ( .BOTH. , #10281 ) ;
#4802 = ADVANCED_FACE ( 'NONE', ( #6449 ), #1874, .T. ) ;
#4803 = EDGE_CURVE ( 'NONE', #6002, #7686, #4640, .T. ) ;
#4804 = PLANE ( 'NONE',  #1531 ) ;
#4805 =( NAMED_UNIT ( * ) PLANE_ANGLE_UNIT ( ) SI_UNIT ( $, .RADIAN. ) );
#4806 = DIRECTION ( 'NONE',  ( -0.1045284632676950626, 0.9945218953682689600, -8.607386130680116915E-13 ) ) ;
#4807 = CARTESIAN_POINT ( 'NONE',  ( 0.4625214697563416189, 0.04500733388959445719, -0.1833849212005445872 ) ) ;
#4808 = DIMENSIONAL_EXPONENTS ( 1.000000000000000000, 0.0000000000000000000, 0.0000000000000000000, 0.0000000000000000000, 0.0000000000000000000, 0.0000000000000000000, 0.0000000000000000000 ) ;
#4809 = VERTEX_POINT ( 'NONE', #11794 ) ;
#4810 = DIRECTION ( 'NONE',  ( 1.644517855226008195E-15, 1.000000000000000000, 2.890435660536364269E-30 ) ) ;
#4811 = CIRCLE ( 'NONE', #9673, 0.007874015748031495954 ) ;
#4812 = LENGTH_MEASURE_WITH_UNIT ( LENGTH_MEASURE( 0.02539999999999999897 ), #10291 );
#4813 = PRESENTATION_LAYER_ASSIGNMENT (  '', '', ( #6559 ) ) ;
#4814 = ORIENTED_EDGE ( 'NONE', *, *, #11079, .T. ) ;
#4815 = CARTESIAN_POINT ( 'NONE',  ( 0.1843617094242555321, -0.02585880784268852761, -0.06742126009192295211 ) ) ;
#4816 = DIRECTION ( 'NONE',  ( 1.748601263784621748E-15, 0.0000000000000000000, -1.000000000000000000 ) ) ;
#4817 = SURFACE_STYLE_USAGE ( .BOTH. , #11137 ) ;
#4818 = CARTESIAN_POINT ( 'NONE',  ( 0.3926470588251994576, 0.1020939480628583751, -0.007578740406095759927 ) ) ;
#4819 = DIRECTION ( 'NONE',  ( -0.8191520442890951603, 0.5735764363508986108, -1.432370299875668212E-15 ) ) ;
#4820 = ORIENTED_EDGE ( 'NONE', *, *, #3160, .F. ) ;
#4821 = LINE ( 'NONE', #6579, #4752 ) ;
#4822 = AXIS2_PLACEMENT_3D ( 'NONE', #11380, #11210, #9412 ) ;
#4823 = EDGE_CURVE ( 'NONE', #7351, #3451, #10224, .T. ) ;
#4824 = LENGTH_MEASURE_WITH_UNIT ( LENGTH_MEASURE( 0.02539999999999999897 ), #188 );
#4825 = CIRCLE ( 'NONE', #8699, 0.007874015748031482076 ) ;
#4826 = COLOUR_RGB ( '',0.7607843137254901578, 0.7607843137254901578, 0.0000000000000000000 ) ;
#4827 = ORIENTED_EDGE ( 'NONE', *, *, #7900, .F. ) ;
#4828 = DIRECTION ( 'NONE',  ( 8.235599702199888450E-12, 0.0000000000000000000, -1.000000000000000000 ) ) ;
#4829 = ORIENTED_EDGE ( 'NONE', *, *, #7572, .T. ) ;
#4830 = EDGE_LOOP ( 'NONE', ( #11090, #2126, #6213, #3585, #2858, #5532, #10775, #11584, #11570, #7729, #11925, #2560, #6370, #5524 ) ) ;
#4831 = DIRECTION ( 'NONE',  ( -8.234490263801784106E-12, 1.353889066150678860E-26, 1.000000000000000000 ) ) ;
#4832 = SURFACE_STYLE_USAGE ( .BOTH. , #7340 ) ;
#4833 = ORIENTED_EDGE ( 'NONE', *, *, #4079, .T. ) ;
#4834 = COLOUR_RGB ( '',0.7607843137254901578, 0.7607843137254901578, 0.0000000000000000000 ) ;
#4835 = VECTOR ( 'NONE', #3002, 39.37007874015748143 ) ;
#4836 = EDGE_CURVE ( 'NONE', #5757, #2296, #5378, .T. ) ;
#4837 = DIRECTION ( 'NONE',  ( 1.000000000000000000, -1.644517855226007801E-15, 1.748601263784621748E-15 ) ) ;
#4838 = ORIENTED_EDGE ( 'NONE', *, *, #3486, .F. ) ;
#4839 = ORIENTED_EDGE ( 'NONE', *, *, #6838, .T. ) ;
#4840 = PRESENTATION_LAYER_ASSIGNMENT (  '', '', ( #2326 ) ) ;
#4841 = DIRECTION ( 'NONE',  ( 2.272092236576761367E-12, -1.000000000000000000, 7.155165349104004500E-12 ) ) ;
#4842 = VERTEX_POINT ( 'NONE', #6393 ) ;
#4843 = CARTESIAN_POINT ( 'NONE',  ( 0.1923664450707129603, -0.01715373501898779032, -0.2437992128478284060 ) ) ;
#4844 = LINE ( 'NONE', #7519, #11508 ) ;
#4845 = SURFACE_SIDE_STYLE ('',( #1176 ) ) ;
#4846 = SURFACE_SIDE_STYLE ('',( #11270 ) ) ;
#4847 = LENGTH_MEASURE_WITH_UNIT ( LENGTH_MEASURE( 0.02539999999999999897 ), #9359 );
#4848 = LINE ( 'NONE', #9604, #9454 ) ;
#4849 = MECHANICAL_DESIGN_GEOMETRIC_PRESENTATION_REPRESENTATION (  '', ( #1789 ), #6780 ) ;
#4850 = AXIS2_PLACEMENT_3D ( 'NONE', #241, #1442, #7791 ) ;
#4851 = EDGE_CURVE ( 'NONE', #2641, #6982, #6332, .T. ) ;
#4852 = ORIENTED_EDGE ( 'NONE', *, *, #3833, .F. ) ;
#4853 = FILL_AREA_STYLE_COLOUR ( '', #1870 ) ;
#4854 = AXIS2_PLACEMENT_3D ( 'NONE', #2505, #10866, #6068 ) ;
#4855 = CARTESIAN_POINT ( 'NONE',  ( 0.2924077505034279323, 0.1060309559368545901, -0.03198818922499363504 ) ) ;
#4856 = SURFACE_SIDE_STYLE ('',( #963 ) ) ;
#4857 = CARTESIAN_POINT ( 'NONE',  ( 0.3928014512908299394, 0.1021333181416024388, -0.1821850396188912091 ) ) ;
#4858 = DIRECTION ( 'NONE',  ( -9.825161517791774651E-12, 1.000000000000000000, 2.131628207298828060E-13 ) ) ;
#4859 = EDGE_CURVE ( 'NONE', #4970, #8719, #4453, .T. ) ;
#4860 = ADVANCED_FACE ( 'NONE', ( #1929 ), #10946, .F. ) ;
#4861 = LINE ( 'NONE', #8686, #6049 ) ;
#4862 = VERTEX_POINT ( 'NONE', #10407 ) ;
#4863 = DIRECTION ( 'NONE',  ( 0.9945218953682689600, 0.1045284632676950626, 8.189380864547705479E-12 ) ) ;
#4864 = LENGTH_MEASURE_WITH_UNIT ( LENGTH_MEASURE( 0.02539999999999999897 ), #6697 );
#4865 = CARTESIAN_POINT ( 'NONE',  ( 0.4754786166453184859, 0.04500733388959442249, -0.2878937010364894244 ) ) ;
#4866 = DIRECTION ( 'NONE',  ( -5.224987109642144261E-11, 0.0000000000000000000, -1.000000000000000000 ) ) ;
#4867 = CARTESIAN_POINT ( 'NONE',  ( 0.2148518768365321463, 0.02729079845652397987, -0.3669308663911354240 ) ) ;
#4868 = CARTESIAN_POINT ( 'NONE',  ( 0.1972323944382720351, 0.02914268067976811052, -0.2272637797769623269 ) ) ;
#4869 = ORIENTED_EDGE ( 'NONE', *, *, #5756, .F. ) ;
#4870 = FACE_OUTER_BOUND ( 'NONE', #7465, .T. ) ;
#4871 = DIMENSIONAL_EXPONENTS ( 1.000000000000000000, 0.0000000000000000000, 0.0000000000000000000, 0.0000000000000000000, 0.0000000000000000000, 0.0000000000000000000, 0.0000000000000000000 ) ;
#4872 = EDGE_CURVE ( 'NONE', #10667, #8773, #10682, .T. ) ;
#4873 = DIRECTION ( 'NONE',  ( 1.000000000000000000, -1.644517855226007801E-15, 1.748601263784622143E-15 ) ) ;
#4874 = ORIENTED_EDGE ( 'NONE', *, *, #8309, .T. ) ;
#4875 = FILL_AREA_STYLE_COLOUR ( '', #6447 ) ;
#4876 = MECHANICAL_DESIGN_GEOMETRIC_PRESENTATION_REPRESENTATION (  '', ( #10135 ), #465 ) ;
#4877 = VERTEX_POINT ( 'NONE', #2939 ) ;
#4878 = ORIENTED_EDGE ( 'NONE', *, *, #1628, .T. ) ;
#4879 = CARTESIAN_POINT ( 'NONE',  ( 0.1906159070057860672, -0.02281331161264240140, -0.1476942553199272201 ) ) ;
#4880 =( NAMED_UNIT ( * ) SI_UNIT ( $, .STERADIAN. ) SOLID_ANGLE_UNIT ( ) );
#4881 = DIRECTION ( 'NONE',  ( -1.090273704650695340E-09, 0.0000000000000000000, 1.000000000000000000 ) ) ;
#4882 = ORIENTED_EDGE ( 'NONE', *, *, #5544, .F. ) ;
#4883 = FILL_AREA_STYLE_COLOUR ( '', #5976 ) ;
#4884 =( CONVERSION_BASED_UNIT ( 'INCH', #8711 ) LENGTH_UNIT ( ) NAMED_UNIT ( #6883 ) );
#4885 = EDGE_CURVE ( 'NONE', #6973, #5802, #9543, .T. ) ;
#4886 = DIRECTION ( 'NONE',  ( 4.196190604145846758E-13, -6.871954312449809553E-28, -1.000000000000000000 ) ) ;
#4887 = AXIS2_PLACEMENT_3D ( 'NONE', #10475, #190, #1038 ) ;
#4888 = SURFACE_STYLE_USAGE ( .BOTH. , #1222 ) ;
#4889 = MECHANICAL_DESIGN_GEOMETRIC_PRESENTATION_REPRESENTATION (  '', ( #8196 ), #1830 ) ;
#4890 = CARTESIAN_POINT ( 'NONE',  ( 0.4920108682649397824, 0.03516481420455506990, -0.08789370103635522902 ) ) ;
#4891 = AXIS2_PLACEMENT_3D ( 'NONE', #9932, #7852, #1437 ) ;
#4892 = EDGE_LOOP ( 'NONE', ( #9085, #1003, #10229, #1186, #5646 ) ) ;
#4893 = CARTESIAN_POINT ( 'NONE',  ( 0.5171213436152469756, -0.02373449098435618382, -0.04773622072118789000 ) ) ;
#4894 = CIRCLE ( 'NONE', #6251, 0.007874015748031482076 ) ;
#4895 = ORIENTED_EDGE ( 'NONE', *, *, #4934, .F. ) ;
#4896 = LINE ( 'NONE', #2247, #2542 ) ;
#4897 = ORIENTED_EDGE ( 'NONE', *, *, #107, .T. ) ;
#4898 = AXIS2_PLACEMENT_3D ( 'NONE', #9458, #6643, #4828 ) ;
#4899 = AXIS2_PLACEMENT_3D ( 'NONE', #4731, #4837, #262 ) ;
#4900 = CARTESIAN_POINT ( 'NONE',  ( 0.5171213436152477527, -0.02373449098435621851, -0.2477362207211878942 ) ) ;
#4901 = DIRECTION ( 'NONE',  ( 1.000000000000000000, -1.644517855226007801E-15, 1.748601263784621748E-15 ) ) ;
#4902 = CARTESIAN_POINT ( 'NONE',  ( 0.2313841284562327960, 0.04008607404707514171, -0.2575787404068835551 ) ) ;
#4903 = CIRCLE ( 'NONE', #7829, 0.005905511811023620231 ) ;
#4904 = CARTESIAN_POINT ( 'NONE',  ( 0.4754786166452389939, 0.03516481420455509072, -0.08789370103649142563 ) ) ;
#4905 =( GEOMETRIC_REPRESENTATION_CONTEXT ( 3 ) GLOBAL_UNCERTAINTY_ASSIGNED_CONTEXT ( ( #5493 ) ) GLOBAL_UNIT_ASSIGNED_CONTEXT ( ( #2510, #2319, #6873 ) ) REPRESENTATION_CONTEXT ( 'NONE', 'WORKASPACE' ) );
#4906 = VECTOR ( 'NONE', #3153, 39.37007874015748143 ) ;
#4907 = UNCERTAINTY_MEASURE_WITH_UNIT (LENGTH_MEASURE( 1.000000000000000082E-05 ), #10576, 'distance_accuracy_value', 'NONE');
#4908 = DIRECTION ( 'NONE',  ( -0.1045284632676950626, 0.9945218953682689600, -8.607386130680116915E-13 ) ) ;
#4909 = VECTOR ( 'NONE', #7919, 39.37007874015748143 ) ;
#4910 = VERTEX_POINT ( 'NONE', #2147 ) ;
#4911 = STYLED_ITEM ( 'NONE', ( #142 ), #8546 ) ;
#4912 = AXIS2_PLACEMENT_3D ( 'NONE', #4168, #9785, #1481 ) ;
#4913 = ORIENTED_EDGE ( 'NONE', *, *, #11434, .F. ) ;
#4914 = LENGTH_MEASURE_WITH_UNIT ( LENGTH_MEASURE( 0.02539999999999999897 ), #1976 );
#4915 = VECTOR ( 'NONE', #7935, 39.37007874015748143 ) ;
#4916 = VECTOR ( 'NONE', #6832, 39.37007874015748143 ) ;
#4917 = PLANE ( 'NONE',  #3999 ) ;
#4918 = CARTESIAN_POINT ( 'NONE',  ( 0.1905251482467716362, -0.03467250407036572002, -0.1878937010368048610 ) ) ;
#4919 = PRESENTATION_STYLE_ASSIGNMENT (( #3226 ) ) ;
#4920 =( NAMED_UNIT ( * ) SI_UNIT ( $, .STERADIAN. ) SOLID_ANGLE_UNIT ( ) );
#4921 = EDGE_CURVE ( 'NONE', #9507, #4361, #11694, .T. ) ;
#4922 = DIRECTION ( 'NONE',  ( -1.000000000000000000, 1.644517855226007801E-15, -8.234490263801784106E-12 ) ) ;
#4923 = DIRECTION ( 'NONE',  ( 1.555145074134924813E-15, 0.9987523388778462019, 0.04993761694386230493 ) ) ;
#4924 = VECTOR ( 'NONE', #5114, 39.37007874015748143 ) ;
#4925 = PRESENTATION_LAYER_ASSIGNMENT (  '', '', ( #2620 ) ) ;
#4926 = CARTESIAN_POINT ( 'NONE',  ( 0.2031529521231687785, -0.008688119764420850627, -0.02726377977696231580 ) ) ;
#4927 = VERTEX_POINT ( 'NONE', #3831 ) ;
#4928 = DIRECTION ( 'NONE',  ( -1.644517855226008195E-15, -1.000000000000000000, -2.890435660536364269E-30 ) ) ;
#4929 = AXIS2_PLACEMENT_3D ( 'NONE', #2638, #10097, #5481 ) ;
#4930 = CARTESIAN_POINT ( 'NONE',  ( 0.2148518768365320075, 0.03516481420455547929, -0.2878937010368047833 ) ) ;
#4931 = FILL_AREA_STYLE ('',( #1935 ) ) ;
#4932 = DIRECTION ( 'NONE',  ( 0.9040697402463263588, -1.486758830204623752E-15, 0.4273849608619142981 ) ) ;
#4933 = AXIS2_PLACEMENT_3D ( 'NONE', #11246, #10298, #5738 ) ;
#4934 = EDGE_CURVE ( 'NONE', #1098, #10032, #9497, .T. ) ;
#4935 = LINE ( 'NONE', #3183, #5797 ) ;
#4936 = LINE ( 'NONE', #183, #11682 ) ;
#4937 = ORIENTED_EDGE ( 'NONE', *, *, #4094, .T. ) ;
#4938 = CARTESIAN_POINT ( 'NONE',  ( 0.2019811918225126179, -0.01983667431789457383, -0.2458134337085990107 ) ) ;
#4939 = LINE ( 'NONE', #8696, #5526 ) ;
#4940 = SURFACE_STYLE_USAGE ( .BOTH. , #4014 ) ;
#4941 = EDGE_LOOP ( 'NONE', ( #10788, #9886, #11413, #3812 ) ) ;
#4942 = CARTESIAN_POINT ( 'NONE',  ( 0.5054375802373487492, -0.02312085409984026424, -0.04773622072128668598 ) ) ;
#4943 = ORIENTED_EDGE ( 'NONE', *, *, #874, .T. ) ;
#4944 = VERTEX_POINT ( 'NONE', #5835 ) ;
#4945 = ADVANCED_FACE ( 'NONE', ( #6566 ), #7540, .T. ) ;
#4946 = CARTESIAN_POINT ( 'NONE',  ( 0.4920108682644413478, 0.02729079845652353231, -0.2272637797765127421 ) ) ;
#4947 = PLANE ( 'NONE',  #6365 ) ;
#4948 = LINE ( 'NONE', #2238, #1609 ) ;
#4949 = EDGE_LOOP ( 'NONE', ( #9651, #4344, #6919, #7160 ) ) ;
#4950 = ADVANCED_FACE ( 'NONE', ( #6802 ), #8625, .T. ) ;
#4951 = LINE ( 'NONE', #5980, #619 ) ;
#4952 = FILL_AREA_STYLE ('',( #5007 ) ) ;
#4953 = SURFACE_STYLE_USAGE ( .BOTH. , #3974 ) ;
#4954 = PLANE ( 'NONE',  #2589 ) ;
#4955 = VERTEX_POINT ( 'NONE', #11289 ) ;
#4956 = ADVANCED_FACE ( 'NONE', ( #9441 ), #5788, .F. ) ;
#4957 = ORIENTED_EDGE ( 'NONE', *, *, #9339, .T. ) ;
#4958 = ORIENTED_EDGE ( 'NONE', *, *, #2164, .F. ) ;
#4959 = DIRECTION ( 'NONE',  ( 1.000000000000000000, -1.644517855226007801E-15, 1.748601263784621748E-15 ) ) ;
#4960 = LENGTH_MEASURE_WITH_UNIT ( LENGTH_MEASURE( 0.02539999999999999897 ), #5822 );
#4961 = DIRECTION ( 'NONE',  ( -1.000000000000000000, 1.978471117674275325E-15, 7.913884470697103077E-16 ) ) ;
#4962 =( LENGTH_UNIT ( ) NAMED_UNIT ( * ) SI_UNIT ( $, .METRE. ) );
#4963 = VECTOR ( 'NONE', #11789, 39.37007874015748143 ) ;
#4964 = DIRECTION ( 'NONE',  ( -1.644517855226008195E-15, -1.000000000000000000, 0.0000000000000000000 ) ) ;
#4965 = AXIS2_PLACEMENT_3D ( 'NONE', #4902, #7524, #5933 ) ;
#4966 = COLOUR_RGB ( '',0.7607843137254901578, 0.7607843137254901578, 0.0000000000000000000 ) ;
#4967 = ORIENTED_EDGE ( 'NONE', *, *, #2612, .F. ) ;
#4968 = EDGE_CURVE ( 'NONE', #6106, #1005, #9374, .T. ) ;
#4969 = EDGE_CURVE ( 'NONE', #10915, #1340, #8584, .T. ) ;
#4970 = VERTEX_POINT ( 'NONE', #232 ) ;
#4971 = CARTESIAN_POINT ( 'NONE',  ( 0.5134983943101651960, -0.007659296307098530966, -0.1272637797763358503 ) ) ;
#4972 =( GEOMETRIC_REPRESENTATION_CONTEXT ( 3 ) GLOBAL_UNCERTAINTY_ASSIGNED_CONTEXT ( ( #1419 ) ) GLOBAL_UNIT_ASSIGNED_CONTEXT ( ( #11762, #6122, #646 ) ) REPRESENTATION_CONTEXT ( 'NONE', 'WORKASPACE' ) );
#4973 = DIRECTION ( 'NONE',  ( 1.748601263784621946E-15, 0.0000000000000000000, -1.000000000000000000 ) ) ;
#4974 = DIRECTION ( 'NONE',  ( 1.644517855226007801E-15, 1.000000000000000000, 2.875605999964572744E-30 ) ) ;
#4975 = VECTOR ( 'NONE', #3826, 39.37007874015748143 ) ;
#4976 =( GEOMETRIC_REPRESENTATION_CONTEXT ( 3 ) GLOBAL_UNCERTAINTY_ASSIGNED_CONTEXT ( ( #10397 ) ) GLOBAL_UNIT_ASSIGNED_CONTEXT ( ( #7493, #1992, #6634 ) ) REPRESENTATION_CONTEXT ( 'NONE', 'WORKASPACE' ) );
#4977 = CARTESIAN_POINT ( 'NONE',  ( 0.2077620812121379057, 0.04500733388959488046, -0.1878937010368048610 ) ) ;
#4978 = EDGE_CURVE ( 'NONE', #11564, #7686, #6692, .T. ) ;
#4979 = DIRECTION ( 'NONE',  ( 0.0000000000000000000, 0.0000000000000000000, 1.000000000000000000 ) ) ;
#4980 =( GEOMETRIC_REPRESENTATION_CONTEXT ( 3 ) GLOBAL_UNCERTAINTY_ASSIGNED_CONTEXT ( ( #1151 ) ) GLOBAL_UNIT_ASSIGNED_CONTEXT ( ( #10848, #10130, #6177 ) ) REPRESENTATION_CONTEXT ( 'NONE', 'WORKASPACE' ) );
#4981 = ORIENTED_EDGE ( 'NONE', *, *, #72, .F. ) ;
#4982 = APPLICATION_PROTOCOL_DEFINITION ( 'draft international standard', 'automotive_design', 1998, #731 ) ;
#4983 = CARTESIAN_POINT ( 'NONE',  ( 0.5044156245189415078, 0.04500733388959438780, -0.9792322837135759572 ) ) ;
#4984 = DIRECTION ( 'NONE',  ( 1.000000000000000000, -1.644517855226007801E-15, -2.328659748462362256E-10 ) ) ;
#4985 = DIRECTION ( 'NONE',  ( -1.000000000000000000, 1.644517855226007801E-15, 4.436729704083846065E-13 ) ) ;
#4986 = CARTESIAN_POINT ( 'NONE',  ( 0.1923664450707130158, -0.01715373501898779032, -0.2713582679659387042 ) ) ;
#4987 = ORIENTED_EDGE ( 'NONE', *, *, #5774, .F. ) ;
#4988 =( LENGTH_UNIT ( ) NAMED_UNIT ( * ) SI_UNIT ( $, .METRE. ) );
#4989 = DIRECTION ( 'NONE',  ( 8.234490263801784106E-12, -1.353889066150678860E-26, -1.000000000000000000 ) ) ;
#4990 = UNCERTAINTY_MEASURE_WITH_UNIT (LENGTH_MEASURE( 1.000000000000000082E-05 ), #8257, 'distance_accuracy_value', 'NONE');
#4991 = EDGE_CURVE ( 'NONE', #6175, #6646, #5236, .T. ) ;
#4992 = DIRECTION ( 'NONE',  ( 8.234490263801784106E-12, -1.353889066150678573E-26, -1.000000000000000000 ) ) ;
#4993 = ORIENTED_EDGE ( 'NONE', *, *, #10299, .T. ) ;
#4994 = DIRECTION ( 'NONE',  ( -0.5730959463344971194, 0.8184658334308991812, -0.04092329167150090402 ) ) ;
#4995 = EDGE_LOOP ( 'NONE', ( #8468, #8358, #1053, #7281 ) ) ;
#4996 = AXIS2_PLACEMENT_3D ( 'NONE', #9702, #8893, #5060 ) ;
#4997 = CARTESIAN_POINT ( 'NONE',  ( 0.5048815532788070159, -0.01983667431788591756, -0.1693440471045957740 ) ) ;
#4998 = ORIENTED_EDGE ( 'NONE', *, *, #11159, .F. ) ;
#4999 = VECTOR ( 'NONE', #385, 39.37007874015748143 ) ;
#5000 = LINE ( 'NONE', #10535, #597 ) ;
#5001 = CYLINDRICAL_SURFACE ( 'NONE', #2507, 0.005905511811027547645 ) ;
#5002 = AXIS2_PLACEMENT_3D ( 'NONE', #765, #11952, #26 ) ;
#5003 = CARTESIAN_POINT ( 'NONE',  ( 0.3496518449916177218, 0.1021333181416025082, -0.2791535435558992750 ) ) ;
#5004 = ORIENTED_EDGE ( 'NONE', *, *, #11136, .T. ) ;
#5005 = SURFACE_STYLE_USAGE ( .BOTH. , #7806 ) ;
#5006 = CARTESIAN_POINT ( 'NONE',  ( 0.1585494827869405043, -0.03570132752772788021, -0.04773622072184426079 ) ) ;
#5007 = FILL_AREA_STYLE_COLOUR ( '', #3187 ) ;
#5008 = STYLED_ITEM ( 'NONE', ( #6520 ), #1279 ) ;
#5009 = DIMENSIONAL_EXPONENTS ( 1.000000000000000000, 0.0000000000000000000, 0.0000000000000000000, 0.0000000000000000000, 0.0000000000000000000, 0.0000000000000000000, 0.0000000000000000000 ) ;
#5010 = EDGE_CURVE ( 'NONE', #6032, #2485, #9865, .T. ) ;
#5011 = CARTESIAN_POINT ( 'NONE',  ( 0.3928014512908296063, 0.1434325307400276528, -0.07915354355589927782 ) ) ;
#5012 = EDGE_LOOP ( 'NONE', ( #5273, #7941, #9755, #3402 ) ) ;
#5013 = LINE ( 'NONE', #5142, #6253 ) ;
#5014 = VERTEX_POINT ( 'NONE', #3231 ) ;
#5015 = CARTESIAN_POINT ( 'NONE',  ( 0.2532616618757506100, 0.04500733388959482495, -0.03701423085373388433 ) ) ;
#5016 = ORIENTED_EDGE ( 'NONE', *, *, #8449, .F. ) ;
#5017 = PLANE ( 'NONE',  #318 ) ;
#5018 = AXIS2_PLACEMENT_3D ( 'NONE', #217, #1010, #10449 ) ;
#5019 = CYLINDRICAL_SURFACE ( 'NONE', #4415, 0.005905511811027547645 ) ;
#5020 = PLANE ( 'NONE',  #1455 ) ;
#5021 = AXIS2_PLACEMENT_3D ( 'NONE', #4385, #8095, #11733 ) ;
#5022 = CARTESIAN_POINT ( 'NONE',  ( 0.4554196763416167859, 0.03516481420455512541, -0.03139570891121379326 ) ) ;
#5023 = ORIENTED_EDGE ( 'NONE', *, *, #9882, .F. ) ;
#5024 = SURFACE_SIDE_STYLE ('',( #2365 ) ) ;
#5025 = CARTESIAN_POINT ( 'NONE',  ( 0.4615064727374434961, 0.03516481420455510459, -0.03391963584585947628 ) ) ;
#5026 = LINE ( 'NONE', #9663, #492 ) ;
#5027 = EDGE_CURVE ( 'NONE', #7982, #6190, #10628, .T. ) ;
#5028 = UNCERTAINTY_MEASURE_WITH_UNIT (LENGTH_MEASURE( 1.000000000000000082E-05 ), #2651, 'distance_accuracy_value', 'NONE');
#5029 = EDGE_CURVE ( 'NONE', #10032, #8605, #3418, .T. ) ;
#5030 = DIRECTION ( 'NONE',  ( 1.644517855226008195E-15, 1.000000000000000000, 2.890435660536364269E-30 ) ) ;
#5031 = AXIS2_PLACEMENT_3D ( 'NONE', #3384, #6293, #7089 ) ;
#5032 = ORIENTED_EDGE ( 'NONE', *, *, #11987, .T. ) ;
#5033 = ORIENTED_EDGE ( 'NONE', *, *, #7596, .F. ) ;
#5034 = LINE ( 'NONE', #6063, #7832 ) ;
#5035 = LINE ( 'NONE', #8739, #2479 ) ;
#5036 = FACE_OUTER_BOUND ( 'NONE', #2731, .T. ) ;
#5037 = SURFACE_SIDE_STYLE ('',( #9674 ) ) ;
#5038 =( NAMED_UNIT ( * ) SI_UNIT ( $, .STERADIAN. ) SOLID_ANGLE_UNIT ( ) );
#5039 = CIRCLE ( 'NONE', #11832, 0.007874015748031501158 ) ;
#5040 = AXIS2_PLACEMENT_3D ( 'NONE', #917, #8168, #4589 ) ;
#5041 = ADVANCED_FACE ( 'NONE', ( #4247 ), #11469, .F. ) ;
#5042 = CARTESIAN_POINT ( 'NONE',  ( 0.2313841284562629386, 0.04500733388959484577, -0.1878937010362536630 ) ) ;
#5043 = CARTESIAN_POINT ( 'NONE',  ( 0.2453562723633105069, 0.03516481420455543072, -0.2339196358434976752 ) ) ;
#5044 = AXIS2_PLACEMENT_3D ( 'NONE', #9783, #2487, #521 ) ;
#5045 = ORIENTED_EDGE ( 'NONE', *, *, #3342, .T. ) ;
#5046 =( NAMED_UNIT ( * ) PLANE_ANGLE_UNIT ( ) SI_UNIT ( $, .RADIAN. ) );
#5047 = FILL_AREA_STYLE_COLOUR ( '', #7222 ) ;
#5048 = DIRECTION ( 'NONE',  ( -4.243133622236437059E-11, 0.0000000000000000000, -1.000000000000000000 ) ) ;
#5049 = CARTESIAN_POINT ( 'NONE',  ( 0.2372226159726408268, 0.04500733388959483189, -0.1272637797769622658 ) ) ;
#5050 = CARTESIAN_POINT ( 'NONE',  ( 0.4920108682644409037, 0.03516481420455504908, -0.1272637797765127365 ) ) ;
#5051 = CARTESIAN_POINT ( 'NONE',  ( 0.4625214697563420629, 0.04500733388959444331, -0.2833849212005445928 ) ) ;
#5052 = CARTESIAN_POINT ( 'NONE',  ( 0.5096303506627011259, 0.02914268067976759705, -0.2272637797763677470 ) ) ;
#5053 = ADVANCED_FACE ( 'NONE', ( #3292 ), #3169, .T. ) ;
#5054 = VERTEX_POINT ( 'NONE', #6252 ) ;
#5055 = EDGE_CURVE ( 'NONE', #2680, #9533, #5543, .T. ) ;
#5056 = LINE ( 'NONE', #9569, #3945 ) ;
#5057 =( NAMED_UNIT ( * ) PLANE_ANGLE_UNIT ( ) SI_UNIT ( $, .RADIAN. ) );
#5058 = EDGE_LOOP ( 'NONE', ( #5184, #3779, #4499, #10606, #8544, #3754, #7985, #2078 ) ) ;
#5059 = ORIENTED_EDGE ( 'NONE', *, *, #4921, .T. ) ;
#5060 = DIRECTION ( 'NONE',  ( -1.748601263784621748E-15, 0.0000000000000000000, 1.000000000000000000 ) ) ;
#5061 = LINE ( 'NONE', #6160, #8416 ) ;
#5062 = ORIENTED_EDGE ( 'NONE', *, *, #9554, .T. ) ;
#5063 = LINE ( 'NONE', #6825, #6164 ) ;
#5064 = EDGE_CURVE ( 'NONE', #4557, #1704, #10986, .T. ) ;
#5065 = ORIENTED_EDGE ( 'NONE', *, *, #9828, .F. ) ;
#5066 = CARTESIAN_POINT ( 'NONE',  ( 0.2031529521231687785, -0.008688119764420850627, -0.02726377977696231580 ) ) ;
#5067 = PRESENTATION_STYLE_ASSIGNMENT (( #1398 ) ) ;
#5068 = CARTESIAN_POINT ( 'NONE',  ( 0.3926470588251994576, 0.1217789874329371080, 0.01210629896398286200 ) ) ;
#5069 = CARTESIAN_POINT ( 'NONE',  ( 0.4554196763416167859, 0.03516481420455512541, -0.03730122072223737706 ) ) ;
#5070 = AXIS2_PLACEMENT_3D ( 'NONE', #46, #781, #6501 ) ;
#5071 = ORIENTED_EDGE ( 'NONE', *, *, #789, .F. ) ;
#5072 = ORIENTED_EDGE ( 'NONE', *, *, #4593, .T. ) ;
#5073 = FILL_AREA_STYLE_COLOUR ( '', #4263 ) ;
#5074 = ORIENTED_EDGE ( 'NONE', *, *, #4661, .F. ) ;
#5075 = CARTESIAN_POINT ( 'NONE',  ( 0.2148518768365315079, 0.03516481420455550011, -0.1272637797769622658 ) ) ;
#5076 = LINE ( 'NONE', #4229, #5391 ) ;
#5077 = LINE ( 'NONE', #6047, #883 ) ;
#5078 = CARTESIAN_POINT ( 'NONE',  ( 0.1976409002969291284, -0.01405121771457832312, -0.1776574805643639232 ) ) ;
#5079 = EDGE_CURVE ( 'NONE', #9274, #5081, #4318, .T. ) ;
#5080 = VECTOR ( 'NONE', #733, 39.37007874015748143 ) ;
#5081 = VERTEX_POINT ( 'NONE', #10038 ) ;
#5082 = LENGTH_MEASURE_WITH_UNIT ( LENGTH_MEASURE( 0.02539999999999999897 ), #5997 );
#5083 = COLOUR_RGB ( '',0.7607843137254901578, 0.7607843137254901578, 0.0000000000000000000 ) ;
#5084 = ADVANCED_FACE ( 'NONE', ( #10870 ), #5364, .F. ) ;
#5085 = LENGTH_MEASURE_WITH_UNIT ( LENGTH_MEASURE( 0.02539999999999999897 ), #5222 );
#5086 = VECTOR ( 'NONE', #6403, 39.37007874015748143 ) ;
#5087 = VERTEX_POINT ( 'NONE', #7299 ) ;
#5088 = DIMENSIONAL_EXPONENTS ( 1.000000000000000000, 0.0000000000000000000, 0.0000000000000000000, 0.0000000000000000000, 0.0000000000000000000, 0.0000000000000000000, 0.0000000000000000000 ) ;
#5089 = STYLED_ITEM ( 'NONE', ( #5398 ), #11408 ) ;
#5090 = VECTOR ( 'NONE', #6963, 39.37007874015748143 ) ;
#5091 = DIMENSIONAL_EXPONENTS ( 1.000000000000000000, 0.0000000000000000000, 0.0000000000000000000, 0.0000000000000000000, 0.0000000000000000000, 0.0000000000000000000, 0.0000000000000000000 ) ;
#5092 = VERTEX_POINT ( 'NONE', #4379 ) ;
#5093 = CARTESIAN_POINT ( 'NONE',  ( 0.2532616618757517757, 0.03516481420455542378, -0.4115157482809779776 ) ) ;
#5094 = DIRECTION ( 'NONE',  ( 1.644517855226008195E-15, 1.000000000000000000, 2.890435660536364269E-30 ) ) ;
#5095 = CARTESIAN_POINT ( 'NONE',  ( 0.1909719846748593186, -0.02226315452805393072, -0.04757362217023924228 ) ) ;
#5096 = DIRECTION ( 'NONE',  ( 1.748601263784622143E-15, 0.0000000000000000000, -1.000000000000000000 ) ) ;
#5097 = COLOUR_RGB ( '',0.7607843137254901578, 0.7607843137254901578, 0.0000000000000000000 ) ;
#5098 = EDGE_CURVE ( 'NONE', #593, #10872, #8088, .T. ) ;
#5099 = STYLED_ITEM ( 'NONE', ( #2814 ), #4066 ) ;
#5100 = CARTESIAN_POINT ( 'NONE',  ( 0.3928014512908295508, 0.1021333181416024943, -0.07915354355589927782 ) ) ;
#5101 = B_SPLINE_CURVE_WITH_KNOTS ( 'NONE', 3,
 ( #5880, #5662, #3932, #3100 ),
 .UNSPECIFIED., .F., .F.,
 ( 4, 4 ),
 ( 8.534847490080353907E-17, 0.0001438393068347749168 ),
 .UNSPECIFIED. ) ;
#5102 = AXIS2_PLACEMENT_3D ( 'NONE', #10885, #11004, #7381 ) ;
#5103 = LENGTH_MEASURE_WITH_UNIT ( LENGTH_MEASURE( 0.02539999999999999897 ), #10753 );
#5104 = MECHANICAL_DESIGN_GEOMETRIC_PRESENTATION_REPRESENTATION (  '', ( #9976 ), #105 ) ;
#5105 = VECTOR ( 'NONE', #7040, 39.37007874015748854 ) ;
#5106 = VERTEX_POINT ( 'NONE', #7416 ) ;
#5107 = MECHANICAL_DESIGN_GEOMETRIC_PRESENTATION_REPRESENTATION (  '', ( #3172 ), #5517 ) ;
#5108 = LINE ( 'NONE', #8561, #511 ) ;
#5109 =( GEOMETRIC_REPRESENTATION_CONTEXT ( 3 ) GLOBAL_UNCERTAINTY_ASSIGNED_CONTEXT ( ( #3189 ) ) GLOBAL_UNIT_ASSIGNED_CONTEXT ( ( #9038, #6224, #8061 ) ) REPRESENTATION_CONTEXT ( 'NONE', 'WORKASPACE' ) );
#5110 = EDGE_LOOP ( 'NONE', ( #5250, #2470, #2921, #163 ) ) ;
#5111 = CARTESIAN_POINT ( 'NONE',  ( 0.5148239132102100379, -0.01982654722438631847, -0.1465978456254273532 ) ) ;
#5112 = EDGE_CURVE ( 'NONE', #8769, #1332, #8147, .T. ) ;
#5113 = VECTOR ( 'NONE', #7542, 39.37007874015748143 ) ;
#5114 = DIRECTION ( 'NONE',  ( -1.000000000000000000, 2.290257463050552884E-10, 1.899046197220153931E-13 ) ) ;
#5115 = CARTESIAN_POINT ( 'NONE',  ( 0.3928014512908299949, 0.1434325307400276528, -0.1791535435558992695 ) ) ;
#5116 = DIRECTION ( 'NONE',  ( 1.000000000000000000, -1.582776894139425349E-15, 0.0000000000000000000 ) ) ;
#5117 = DIRECTION ( 'NONE',  ( -0.4273849608040032333, 7.028421990972483826E-16, 0.9040697402737026822 ) ) ;
#5118 = FILL_AREA_STYLE ('',( #306 ) ) ;
#5119 = VECTOR ( 'NONE', #10142, 39.37007874015748143 ) ;
#5120 = ORIENTED_EDGE ( 'NONE', *, *, #8048, .F. ) ;
#5121 = PRESENTATION_LAYER_ASSIGNMENT (  '', '', ( #6092 ) ) ;
#5122 = FILL_AREA_STYLE ('',( #489 ) ) ;
#5123 = DIRECTION ( 'NONE',  ( 1.748601263784622143E-15, 0.0000000000000000000, -1.000000000000000000 ) ) ;
#5124 = UNCERTAINTY_MEASURE_WITH_UNIT (LENGTH_MEASURE( 1.000000000000000082E-05 ), #3123, 'distance_accuracy_value', 'NONE');
#5125 = CARTESIAN_POINT ( 'NONE',  ( 0.5225010356778668763, -0.01798479209465762493, -0.3669308663904349288 ) ) ;
#5126 = AXIS2_PLACEMENT_3D ( 'NONE', #2615, #7341, #6233 ) ;
#5127 = ORIENTED_EDGE ( 'NONE', *, *, #538, .F. ) ;
#5128 = CARTESIAN_POINT ( 'NONE',  ( 0.1843617094242558929, -0.01798479209465704554, -0.1674212600919229854 ) ) ;
#5129 = CIRCLE ( 'NONE', #10382, 0.005905511811023620231 ) ;
#5130 = PRESENTATION_LAYER_ASSIGNMENT (  '', '', ( #5506 ) ) ;
#5131 = VERTEX_POINT ( 'NONE', #4496 ) ;
#5132 = CARTESIAN_POINT ( 'NONE',  ( 0.1962212990249133371, -0.02755782159619249438, -0.1477362207218441970 ) ) ;
#5133 = ORIENTED_EDGE ( 'NONE', *, *, #9171, .F. ) ;
#5134 = ORIENTED_EDGE ( 'NONE', *, *, #7984, .F. ) ;
#5135 = DIRECTION ( 'NONE',  ( -1.650367342786774274E-12, 1.000000000000000000, -2.885819591645249798E-27 ) ) ;
#5136 = CARTESIAN_POINT ( 'NONE',  ( 0.3928014512908295508, 0.1060309559368544235, -0.08238189001259189903 ) ) ;
#5137 = VERTEX_POINT ( 'NONE', #5421 ) ;
#5138 = CARTESIAN_POINT ( 'NONE',  ( 0.5225010356770466435, -0.03570132752772847001, -0.06742126009122235974 ) ) ;
#5139 =( LENGTH_UNIT ( ) NAMED_UNIT ( * ) SI_UNIT ( $, .METRE. ) );
#5140 = CARTESIAN_POINT ( 'NONE',  ( 0.2506952668932707629, 0.04500733388959481107, -0.1373012207214504010 ) ) ;
#5141 = ORIENTED_EDGE ( 'NONE', *, *, #11037, .F. ) ;
#5142 = CARTESIAN_POINT ( 'NONE',  ( 0.2532616618757514981, 0.04500733388959479025, -0.2781432499591669494 ) ) ;
#5143 = EDGE_CURVE ( 'NONE', #7802, #10133, #5476, .T. ) ;
#5144 = ORIENTED_EDGE ( 'NONE', *, *, #6478, .T. ) ;
#5145 =( NAMED_UNIT ( * ) SI_UNIT ( $, .STERADIAN. ) SOLID_ANGLE_UNIT ( ) );
#5146 = ORIENTED_EDGE ( 'NONE', *, *, #6617, .F. ) ;
#5147 = FILL_AREA_STYLE ('',( #8852 ) ) ;
#5148 =( LENGTH_UNIT ( ) NAMED_UNIT ( * ) SI_UNIT ( $, .METRE. ) );
#5149 = CARTESIAN_POINT ( 'NONE',  ( 0.2813808601379161334, 0.1217789874329412297, -0.03198818922499370443 ) ) ;
#5150 = DIRECTION ( 'NONE',  ( 0.8191520442895904308, 0.5735764363501912877, 1.432370299876534972E-15 ) ) ;
#5151 = EDGE_LOOP ( 'NONE', ( #5127, #11201, #7165, #1113 ) ) ;
#5152 =( LENGTH_UNIT ( ) NAMED_UNIT ( * ) SI_UNIT ( $, .METRE. ) );
#5153 = FACE_OUTER_BOUND ( 'NONE', #9030, .T. ) ;
#5154 = DIRECTION ( 'NONE',  ( -1.000000000000000000, 1.644517855226007801E-15, -8.234490263801784106E-12 ) ) ;
#5155 = DIMENSIONAL_EXPONENTS ( 1.000000000000000000, 0.0000000000000000000, 0.0000000000000000000, 0.0000000000000000000, 0.0000000000000000000, 0.0000000000000000000, 0.0000000000000000000 ) ;
#5156 = UNCERTAINTY_MEASURE_WITH_UNIT (LENGTH_MEASURE( 1.000000000000000082E-05 ), #11915, 'distance_accuracy_value', 'NONE');
#5157 = SURFACE_STYLE_USAGE ( .BOTH. , #6057 ) ;
#5158 = VERTEX_POINT ( 'NONE', #8267 ) ;
#5159 = ADVANCED_FACE ( 'NONE', ( #11968 ), #11050, .F. ) ;
#5160 = AXIS2_PLACEMENT_3D ( 'NONE', #6206, #9074, #9933 ) ;
#5161 = ORIENTED_EDGE ( 'NONE', *, *, #6887, .T. ) ;
#5162 = DIRECTION ( 'NONE',  ( 1.000000000000000000, -1.243065535181522807E-11, -2.549634902058215512E-12 ) ) ;
#5163 = VECTOR ( 'NONE', #1095, 39.37007874015748143 ) ;
#5164 =( CONVERSION_BASED_UNIT ( 'INCH', #3997 ) LENGTH_UNIT ( ) NAMED_UNIT ( #7976 ) );
#5165 = CARTESIAN_POINT ( 'NONE',  ( 0.4554196763416175076, 0.03516481420455509072, -0.2313957089112138044 ) ) ;
#5166 = LENGTH_MEASURE_WITH_UNIT ( LENGTH_MEASURE( 0.02539999999999999897 ), #4245 );
#5167 =( CONVERSION_BASED_UNIT ( 'INCH', #9678 ) LENGTH_UNIT ( ) NAMED_UNIT ( #8448 ) );
#5168 = AXIS2_PLACEMENT_3D ( 'NONE', #5292, #5416, #8999 ) ;
#5169 = ORIENTED_EDGE ( 'NONE', *, *, #3052, .F. ) ;
#5170 = EDGE_CURVE ( 'NONE', #3900, #8421, #2815, .T. ) ;
#5171 = CARTESIAN_POINT ( 'NONE',  ( 0.2506952668926409333, 0.04500733388959481107, -0.1837617719025922414 ) ) ;
#5172 = ADVANCED_FACE ( 'NONE', ( #8776 ), #3911, .F. ) ;
#5173 = AXIS2_PLACEMENT_3D ( 'NONE', #11776, #11538, #9737 ) ;
#5174 = VERTEX_POINT ( 'NONE', #10545 ) ;
#5175 =( NAMED_UNIT ( * ) SI_UNIT ( $, .STERADIAN. ) SOLID_ANGLE_UNIT ( ) );
#5176 = PRESENTATION_STYLE_ASSIGNMENT (( #11599 ) ) ;
#5177 = CLOSED_SHELL ( 'NONE', ( #10841, #8591, #729, #9052, #7257, #2090, #5053, #7459, #8672, #9570, #6704, #5221, #1270, #2494, #3989, #11281, #1797, #9273, #3640, #6503, #4367 ) ) ;
#5178 = CARTESIAN_POINT ( 'NONE',  ( 0.2490536793154355388, 0.001406169371563333135, 0.001978705513195248324 ) ) ;
#5179 = DIRECTION ( 'NONE',  ( 1.387778780775897814E-15, 0.0000000000000000000, 1.000000000000000000 ) ) ;
#5180 = FACE_OUTER_BOUND ( 'NONE', #10045, .T. ) ;
#5181 = DIMENSIONAL_EXPONENTS ( 1.000000000000000000, 0.0000000000000000000, 0.0000000000000000000, 0.0000000000000000000, 0.0000000000000000000, 0.0000000000000000000, 0.0000000000000000000 ) ;
#5182 = CARTESIAN_POINT ( 'NONE',  ( 0.4561674782086246882, 0.04500733388959448494, -0.08376177190318229160 ) ) ;
#5183 = LINE ( 'NONE', #2393, #3653 ) ;
#5184 = ORIENTED_EDGE ( 'NONE', *, *, #10801, .F. ) ;
#5185 = CARTESIAN_POINT ( 'NONE',  ( 0.1933643507908066883, -0.007659296307097984528, -0.08789370103680482771 ) ) ;
#5186 = ADVANCED_FACE ( 'NONE', ( #10434 ), #7810, .T. ) ;
#5187 = COLOUR_RGB ( '',0.7607843137254901578, 0.7607843137254901578, 0.0000000000000000000 ) ;
#5188 = ADVANCED_FACE ( 'NONE', ( #4029 ), #11505, .T. ) ;
#5189 = CARTESIAN_POINT ( 'NONE',  ( 0.3928014512908299949, 0.1434325307400276528, -0.1791535435558992695 ) ) ;
#5190 = ORIENTED_EDGE ( 'NONE', *, *, #829, .T. ) ;
#5191 = DIRECTION ( 'NONE',  ( -1.644517855226007801E-15, -1.000000000000000000, -2.890435660536363919E-30 ) ) ;
#5192 = ORIENTED_EDGE ( 'NONE', *, *, #4968, .T. ) ;
#5193 = CARTESIAN_POINT ( 'NONE',  ( 0.2453562723633097020, 0.03516481420455546542, -0.03391963584349765720 ) ) ;
#5194 = ORIENTED_EDGE ( 'NONE', *, *, #9261, .F. ) ;
#5195 = ORIENTED_EDGE ( 'NONE', *, *, #6951, .T. ) ;
#5196 = CARTESIAN_POINT ( 'NONE',  ( 0.2514430687594514380, 0.03516481420455545848, -0.03730122072145040241 ) ) ;
#5197 = VECTOR ( 'NONE', #181, 39.37007874015748143 ) ;
#5198 = DIRECTION ( 'NONE',  ( -1.644517855226008195E-15, -1.000000000000000000, -6.123233995736766036E-17 ) ) ;
#5199 = VERTEX_POINT ( 'NONE', #5068 ) ;
#5200 = CARTESIAN_POINT ( 'NONE',  ( 0.3928014512908303835, 0.1434325307400276250, -0.2360039372566872795 ) ) ;
#5201 = CARTESIAN_POINT ( 'NONE',  ( 0.2313841284562632439, 0.04500733388959482495, -0.2272637797769622714 ) ) ;
#5202 = EDGE_CURVE ( 'NONE', #7968, #10661, #11568, .T. ) ;
#5203 = PLANE ( 'NONE',  #8223 ) ;
#5204 = EDGE_CURVE ( 'NONE', #1227, #11607, #2480, .T. ) ;
#5205 = DIRECTION ( 'NONE',  ( -1.748601263784621946E-15, 0.0000000000000000000, 1.000000000000000000 ) ) ;
#5206 = VECTOR ( 'NONE', #9999, 39.37007874015748143 ) ;
#5207 = EDGE_LOOP ( 'NONE', ( #2286, #9112, #6738, #6584, #6564, #2359, #4172, #9350, #3158, #11804 ) ) ;
#5208 = CARTESIAN_POINT ( 'NONE',  ( 0.5166854000888968512, -0.02333479306674192746, -0.1674178861655674366 ) ) ;
#5209 = EDGE_LOOP ( 'NONE', ( #3755, #2679, #8254, #1906 ) ) ;
#5210 = LINE ( 'NONE', #11574, #6013 ) ;
#5211 = ORIENTED_EDGE ( 'NONE', *, *, #11835, .F. ) ;
#5212 = LINE ( 'NONE', #5075, #7262 ) ;
#5213 = CARTESIAN_POINT ( 'NONE',  ( 0.1896956577293322233, -0.02377696569319188644, -0.2674213949568115534 ) ) ;
#5214 = PRESENTATION_STYLE_ASSIGNMENT (( #526 ) ) ;
#5215 = CARTESIAN_POINT ( 'NONE',  ( 0.4554196763416168414, 0.04500733388959449188, -0.03139570891121379326 ) ) ;
#5216 = ORIENTED_EDGE ( 'NONE', *, *, #5953, .F. ) ;
#5217 = PRESENTATION_STYLE_ASSIGNMENT (( #7101 ) ) ;
#5218 = CARTESIAN_POINT ( 'NONE',  ( 0.4696401291285074442, 0.04500733388959443637, -0.2800196852885760146 ) ) ;
#5219 = LINE ( 'NONE', #647, #1649 ) ;
#5220 = VECTOR ( 'NONE', #1570, 39.37007874015748143 ) ;
#5221 = ADVANCED_FACE ( 'NONE', ( #8843 ), #5203, .F. ) ;
#5222 =( LENGTH_UNIT ( ) NAMED_UNIT ( * ) SI_UNIT ( $, .METRE. ) );
#5223 = ORIENTED_EDGE ( 'NONE', *, *, #1316, .T. ) ;
#5224 = VECTOR ( 'NONE', #3670, 39.37007874015748143 ) ;
#5225 = VERTEX_POINT ( 'NONE', #1652 ) ;
#5226 = EDGE_CURVE ( 'NONE', #496, #8331, #5339, .T. ) ;
#5227 = DIRECTION ( 'NONE',  ( 8.476642998634263651E-12, 1.000000000000000000, -2.115996267093998406E-11 ) ) ;
#5228 = DIRECTION ( 'NONE',  ( 1.779922736996477388E-11, -1.000000000000000000, 2.202682480880311385E-13 ) ) ;
#5229 = SURFACE_STYLE_FILL_AREA ( #6374 ) ;
#5230 = CARTESIAN_POINT ( 'NONE',  ( 0.3496518449916169446, 0.1434325307400277361, -0.07915354355589923618 ) ) ;
#5231 = SURFACE_STYLE_USAGE ( .BOTH. , #6926 ) ;
#5232 = LINE ( 'NONE', #4376, #9184 ) ;
#5233 = ADVANCED_FACE ( 'NONE', ( #10657 ), #3325, .T. ) ;
#5234 = EDGE_CURVE ( 'NONE', #7650, #9035, #9897, .T. ) ;
#5235 = PRESENTATION_LAYER_ASSIGNMENT (  '', '', ( #3679 ) ) ;
#5236 = LINE ( 'NONE', #5042, #4119 ) ;
#5237 = VECTOR ( 'NONE', #5668, 39.37007874015748143 ) ;
#5238 = EDGE_LOOP ( 'NONE', ( #10835, #4677, #10205, #11257 ) ) ;
#5239 = CARTESIAN_POINT ( 'NONE',  ( 0.4754786166452386609, 0.03516481427301544616, -0.3218021207972382447 ) ) ;
#5240 = ORIENTED_EDGE ( 'NONE', *, *, #5249, .F. ) ;
#5241 = DIRECTION ( 'NONE',  ( 1.600365673315232923E-12, 1.000000000000000000, -3.637978807091997295E-12 ) ) ;
#5242 = AXIS2_PLACEMENT_3D ( 'NONE', #5303, #11659, #10759 ) ;
#5243 = VECTOR ( 'NONE', #2564, 39.37007874015748143 ) ;
#5244 = FACE_OUTER_BOUND ( 'NONE', #11063, .T. ) ;
#5245 = LINE ( 'NONE', #5551, #1369 ) ;
#5246 = CARTESIAN_POINT ( 'NONE',  ( 0.4615064727377196085, 0.03516481420455509072, -0.1812378449691272597 ) ) ;
#5247 =( LENGTH_UNIT ( ) NAMED_UNIT ( * ) SI_UNIT ( $, .METRE. ) );
#5248 = CARTESIAN_POINT ( 'NONE',  ( 0.4578091021359867452, 0.003668751212429131620, -0.3095942470915555300 ) ) ;
#5249 = EDGE_CURVE ( 'NONE', #8004, #4155, #8411, .T. ) ;
#5250 = ORIENTED_EDGE ( 'NONE', *, *, #2598, .F. ) ;
#5251 = EDGE_CURVE ( 'NONE', #5092, #9035, #9001, .T. ) ;
#5252 = UNCERTAINTY_MEASURE_WITH_UNIT (LENGTH_MEASURE( 1.000000000000000082E-05 ), #2293, 'distance_accuracy_value', 'NONE');
#5253 = DIRECTION ( 'NONE',  ( 8.234490263801784106E-12, -1.353889066150678860E-26, -1.000000000000000000 ) ) ;
#5254 = ORIENTED_EDGE ( 'NONE', *, *, #5392, .F. ) ;
#5255 = LINE ( 'NONE', #2708, #6655 ) ;
#5256 = EDGE_LOOP ( 'NONE', ( #795, #7350, #1897, #4594 ) ) ;
#5257 = DIRECTION ( 'NONE',  ( -0.9040697402395212467, 1.445602896648305863E-15, 0.4273849608763091723 ) ) ;
#5258 = ORIENTED_EDGE ( 'NONE', *, *, #11472, .F. ) ;
#5259 = PLANE ( 'NONE',  #1373 ) ;
#5260 = DIRECTION ( 'NONE',  ( -1.644517855226007801E-15, -1.000000000000000000, -2.890435660536363568E-30 ) ) ;
#5261 = ADVANCED_FACE ( 'NONE', ( #3678 ), #3733, .F. ) ;
#5262 = ORIENTED_EDGE ( 'NONE', *, *, #10172, .T. ) ;
#5263 = DIRECTION ( 'NONE',  ( 1.644517855226008195E-15, 1.000000000000000000, 2.890435660536364269E-30 ) ) ;
#5264 = LINE ( 'NONE', #9837, #7962 ) ;
#5265 = FACE_OUTER_BOUND ( 'NONE', #10582, .T. ) ;
#5266 = DIMENSIONAL_EXPONENTS ( 1.000000000000000000, 0.0000000000000000000, 0.0000000000000000000, 0.0000000000000000000, 0.0000000000000000000, 0.0000000000000000000, 0.0000000000000000000 ) ;
#5267 = UNCERTAINTY_MEASURE_WITH_UNIT (LENGTH_MEASURE( 1.000000000000000082E-05 ), #8436, 'distance_accuracy_value', 'NONE');
#5268 = EDGE_CURVE ( 'NONE', #1098, #9722, #699, .T. ) ;
#5269 = ORIENTED_EDGE ( 'NONE', *, *, #5394, .T. ) ;
#5270 = SURFACE_STYLE_USAGE ( .BOTH. , #9903 ) ;
#5271 = EDGE_LOOP ( 'NONE', ( #5651, #4476, #11827, #564 ) ) ;
#5272 = LINE ( 'NONE', #4225, #10479 ) ;
#5273 = ORIENTED_EDGE ( 'NONE', *, *, #2149, .F. ) ;
#5274 = EDGE_CURVE ( 'NONE', #1802, #10915, #926, .T. ) ;
#5275 =( NAMED_UNIT ( * ) PLANE_ANGLE_UNIT ( ) SI_UNIT ( $, .RADIAN. ) );
#5276 = PLANE ( 'NONE',  #1671 ) ;
#5277 = DIRECTION ( 'NONE',  ( 1.000000000000000000, 1.622150117326477356E-11, 9.859911151360783998E-12 ) ) ;
#5278 = ORIENTED_EDGE ( 'NONE', *, *, #6364, .T. ) ;
#5279 = CYLINDRICAL_SURFACE ( 'NONE', #11765, 0.01771653543307086243 ) ;
#5280 = DIRECTION ( 'NONE',  ( 0.9945218953682690710, 0.1045284632676950765, 8.189380864547705479E-12 ) ) ;
#5281 = DIRECTION ( 'NONE',  ( 0.9040697402368811364, -1.445602896646377098E-15, 0.4273849608818943713 ) ) ;
#5282 = CIRCLE ( 'NONE', #10890, 0.007874015748031495954 ) ;
#5283 = UNCERTAINTY_MEASURE_WITH_UNIT (LENGTH_MEASURE( 1.000000000000000082E-05 ), #7680, 'distance_accuracy_value', 'NONE');
#5284 = DIRECTION ( 'NONE',  ( -1.000000000000000000, 1.644517855226007801E-15, -1.778650910268784726E-12 ) ) ;
#5285 = ORIENTED_EDGE ( 'NONE', *, *, #8697, .F. ) ;
#5286 = ORIENTED_EDGE ( 'NONE', *, *, #11267, .F. ) ;
#5287 = DIRECTION ( 'NONE',  ( -1.000000000000000000, 1.644517855226007801E-15, -8.234490263801784106E-12 ) ) ;
#5288 = EDGE_CURVE ( 'NONE', #4944, #10074, #856, .T. ) ;
#5289 = VECTOR ( 'NONE', #5030, 39.37007874015748143 ) ;
#5290 = CARTESIAN_POINT ( 'NONE',  ( 0.1921383447885282314, -0.01932396423582067452, -0.04626303352232113281 ) ) ;
#5291 =( NAMED_UNIT ( * ) PLANE_ANGLE_UNIT ( ) SI_UNIT ( $, .RADIAN. ) );
#5292 = CARTESIAN_POINT ( 'NONE',  ( 0.2412266368237435954, 0.1020939480628625523, -0.4075787404069424746 ) ) ;
#5293 = PLANE ( 'NONE',  #11067 ) ;
#5294 = DIRECTION ( 'NONE',  ( 0.05226423162670060241, -0.4972609476841257092, 0.8660254037848750253 ) ) ;
#5295 = CARTESIAN_POINT ( 'NONE',  ( 0.1921925904901452264, -0.01880785086056255620, -0.04581343370861582637 ) ) ;
#5296 = SURFACE_STYLE_FILL_AREA ( #4567 ) ;
#5297 = VECTOR ( 'NONE', #1999, 39.37007874015748143 ) ;
#5298 = VECTOR ( 'NONE', #3265, 39.37007874015748143 ) ;
#5299 = VERTEX_POINT ( 'NONE', #10960 ) ;
#5300 = DIRECTION ( 'NONE',  ( 1.000000000000000000, -1.644517855226007801E-15, 1.748601263784621748E-15 ) ) ;
#5301 = AXIS2_PLACEMENT_3D ( 'NONE', #11005, #5500, #9210 ) ;
#5302 = SURFACE_STYLE_FILL_AREA ( #9093 ) ;
#5303 = CARTESIAN_POINT ( 'NONE',  ( 0.4615064727378376253, 0.03516481420455509072, -0.1339196358446783641 ) ) ;
#5304 = EDGE_CURVE ( 'NONE', #5081, #1117, #6349, .T. ) ;
#5305 = AXIS2_PLACEMENT_3D ( 'NONE', #9149, #11078, #3498 ) ;
#5306 = CARTESIAN_POINT ( 'NONE',  ( 0.2372226159726404382, 0.03516481420467359315, -0.02726377977696224642 ) ) ;
#5307 =( NAMED_UNIT ( * ) SI_UNIT ( $, .STERADIAN. ) SOLID_ANGLE_UNIT ( ) );
#5308 = LINE ( 'NONE', #4447, #4179 ) ;
#5309 =( GEOMETRIC_REPRESENTATION_CONTEXT ( 3 ) GLOBAL_UNCERTAINTY_ASSIGNED_CONTEXT ( ( #11709 ) ) GLOBAL_UNIT_ASSIGNED_CONTEXT ( ( #137, #3794, #9401 ) ) REPRESENTATION_CONTEXT ( 'NONE', 'WORKASPACE' ) );
#5310 = CARTESIAN_POINT ( 'NONE',  ( 0.2018299626881680797, -0.02127552341817057560, -0.06809062815029152949 ) ) ;
#5311 = STYLED_ITEM ( 'NONE', ( #2706 ), #10748 ) ;
#5312 = VERTEX_POINT ( 'NONE', #2778 ) ;
#5313 = COLOUR_RGB ( '',0.7607843137254901578, 0.7607843137254901578, 0.0000000000000000000 ) ;
#5314 = CARTESIAN_POINT ( 'NONE',  ( 0.1923664450707125717, -0.01715373501898777298, -0.1437992128478284004 ) ) ;
#5315 = AXIS2_PLACEMENT_3D ( 'NONE', #5093, #537, #7895 ) ;
#5316 = STYLED_ITEM ( 'NONE', ( #2841 ), #5261 ) ;
#5317 = VECTOR ( 'NONE', #10030, 39.37007874015748143 ) ;
#5318 = MECHANICAL_DESIGN_GEOMETRIC_PRESENTATION_REPRESENTATION (  '', ( #313 ), #10538 ) ;
#5319 = LINE ( 'NONE', #3429, #10527 ) ;
#5320 = VECTOR ( 'NONE', #11846, 39.37007874015748143 ) ;
#5321 = ORIENTED_EDGE ( 'NONE', *, *, #433, .T. ) ;
#5322 = CARTESIAN_POINT ( 'NONE',  ( 0.2514430687583499302, 0.03516481420455542378, -0.2778562600915291947 ) ) ;
#5323 = EDGE_CURVE ( 'NONE', #6946, #6029, #8243, .T. ) ;
#5324 = VECTOR ( 'NONE', #4777, 39.37007874015748143 ) ;
#5325 = AXIS2_PLACEMENT_3D ( 'NONE', #5869, #11700, #1539 ) ;
#5326 = CARTESIAN_POINT ( 'NONE',  ( 0.2019811918225129788, -0.01983667431789037233, -0.06934404710515400250 ) ) ;
#5327 = FACE_OUTER_BOUND ( 'NONE', #5151, .T. ) ;
#5328 = EDGE_LOOP ( 'NONE', ( #1965, #10027, #8066, #7658 ) ) ;
#5329 = ADVANCED_FACE ( 'NONE', ( #11083 ), #5513, .T. ) ;
#5330 = CIRCLE ( 'NONE', #9012, 0.005905511811027552849 ) ;
#5331 = CARTESIAN_POINT ( 'NONE',  ( 0.5166199610547640431, -0.02326537358669377581, -0.2477362207211920020 ) ) ;
#5332 =( CONVERSION_BASED_UNIT ( 'INCH', #4402 ) LENGTH_UNIT ( ) NAMED_UNIT ( #11768 ) );
#5333 = CARTESIAN_POINT ( 'NONE',  ( 0.4561674782086246327, 0.04500733388959448494, -0.03139570891121379326 ) ) ;
#5334 = FILL_AREA_STYLE ('',( #8965 ) ) ;
#5335 = ORIENTED_EDGE ( 'NONE', *, *, #10189, .F. ) ;
#5336 = DIRECTION ( 'NONE',  ( -1.748601263784622143E-15, 0.0000000000000000000, 1.000000000000000000 ) ) ;
#5337 = CARTESIAN_POINT ( 'NONE',  ( 0.4561674782086251878, 0.03516481420455509765, -0.1778562600920799708 ) ) ;
#5338 = SURFACE_SIDE_STYLE ('',( #6109 ) ) ;
#5339 = LINE ( 'NONE', #5393, #4915 ) ;
#5340 = AXIS2_PLACEMENT_3D ( 'NONE', #5215, #8918, #4292 ) ;
#5341 = AXIS2_PLACEMENT_3D ( 'NONE', #7854, #6935, #5116 ) ;
#5342 = VERTEX_POINT ( 'NONE', #669 ) ;
#5343 = DIRECTION ( 'NONE',  ( -0.5730959463349092342, -0.8184658334306105232, -0.04092329167150157015 ) ) ;
#5344 = EDGE_CURVE ( 'NONE', #5724, #8754, #4338, .T. ) ;
#5345 = ORIENTED_EDGE ( 'NONE', *, *, #5556, .T. ) ;
#5346 = CARTESIAN_POINT ( 'NONE',  ( 0.2148518768365313136, 0.02729079845652401456, -0.1669308663911354407 ) ) ;
#5347 = ORIENTED_EDGE ( 'NONE', *, *, #11019, .F. ) ;
#5348 = DIRECTION ( 'NONE',  ( -0.05226423163383189796, -0.4972609476841246545, -0.8660254037844452579 ) ) ;
#5349 = DIRECTION ( 'NONE',  ( -1.000000000000000000, 1.644517855226007801E-15, -8.234490263801784106E-12 ) ) ;
#5350 = LINE ( 'NONE', #9850, #9800 ) ;
#5351 = ORIENTED_EDGE ( 'NONE', *, *, #4885, .T. ) ;
#5352 = DIRECTION ( 'NONE',  ( 1.644517855226008195E-15, 1.000000000000000000, 2.890435660536364269E-30 ) ) ;
#5353 = DIRECTION ( 'NONE',  ( 0.0000000000000000000, 0.0000000000000000000, 1.000000000000000000 ) ) ;
#5354 = PLANE ( 'NONE',  #4899 ) ;
#5355 = ADVANCED_FACE ( 'NONE', ( #4258 ), #5374, .F. ) ;
#5356 = ORIENTED_EDGE ( 'NONE', *, *, #1108, .F. ) ;
#5357 = ORIENTED_EDGE ( 'NONE', *, *, #7221, .T. ) ;
#5358 = CARTESIAN_POINT ( 'NONE',  ( 0.2313841284562328238, 0.04500733388959482495, -0.2878937010368047833 ) ) ;
#5359 = CARTESIAN_POINT ( 'NONE',  ( 0.5061831144100227275, -0.02488414520016219919, -0.2674212600913566940 ) ) ;
#5360 = SURFACE_SIDE_STYLE ('',( #5229 ) ) ;
#5361 = CARTESIAN_POINT ( 'NONE',  ( 0.4578091021353568602, -0.004205264535602351757, -0.005563233721056288356 ) ) ;
#5362 = PRESENTATION_STYLE_ASSIGNMENT (( #9980 ) ) ;
#5363 = FILL_AREA_STYLE_COLOUR ( '', #10904 ) ;
#5364 = PLANE ( 'NONE',  #2028 ) ;
#5365 = EDGE_CURVE ( 'NONE', #10884, #9500, #9997, .T. ) ;
#5366 = LINE ( 'NONE', #9066, #10339 ) ;
#5367 = ORIENTED_EDGE ( 'NONE', *, *, #6198, .F. ) ;
#5368 = CARTESIAN_POINT ( 'NONE',  ( 0.5171906553894755065, -0.02376973408140405433, -0.04773620808020646866 ) ) ;
#5369 = DIRECTION ( 'NONE',  ( 1.748601263784621748E-15, 0.0000000000000000000, -1.000000000000000000 ) ) ;
#5370 = CARTESIAN_POINT ( 'NONE',  ( 0.5483132623143623929, -0.03570132752772853940, -0.2674212600910098048 ) ) ;
#5371 = CARTESIAN_POINT ( 'NONE',  ( 0.5054204884980643131, -0.02496430041343709189, -0.1398622049732527184 ) ) ;
#5372 = CYLINDRICAL_SURFACE ( 'NONE', #5021, 0.007874015748031509832 ) ;
#5373 = CARTESIAN_POINT ( 'NONE',  ( 0.1585494827869408929, -0.03570132752772788715, -0.1477362207218442802 ) ) ;
#5374 = PLANE ( 'NONE',  #10932 ) ;
#5375 = FACE_OUTER_BOUND ( 'NONE', #1445, .T. ) ;
#5376 = AXIS2_PLACEMENT_3D ( 'NONE', #1246, #5786, #4806 ) ;
#5377 = VERTEX_POINT ( 'NONE', #11790 ) ;
#5378 = LINE ( 'NONE', #3485, #7654 ) ;
#5379 = ADVANCED_FACE ( 'NONE', ( #5180 ), #2520, .T. ) ;
#5380 = UNCERTAINTY_MEASURE_WITH_UNIT (LENGTH_MEASURE( 1.000000000000000082E-05 ), #5486, 'distance_accuracy_value', 'NONE');
#5381 = ORIENTED_EDGE ( 'NONE', *, *, #9697, .F. ) ;
#5382 = CARTESIAN_POINT ( 'NONE',  ( 0.4554196763415389038, 0.04500733388959445719, -0.2837617719029067453 ) ) ;
#5383 =( CONVERSION_BASED_UNIT ( 'INCH', #4398 ) LENGTH_UNIT ( ) NAMED_UNIT ( #481 ) );
#5384 = ORIENTED_EDGE ( 'NONE', *, *, #9616, .F. ) ;
#5385 = DIRECTION ( 'NONE',  ( -1.748601263784621748E-15, -1.482966057179117483E-32, 1.000000000000000000 ) ) ;
#5386 =( CONVERSION_BASED_UNIT ( 'INCH', #8170 ) LENGTH_UNIT ( ) NAMED_UNIT ( #3459 ) );
#5387 = DIRECTION ( 'NONE',  ( 0.3079484342924089790, -7.228014483236700500E-16, -0.9514030490895296621 ) ) ;
#5388 = EDGE_LOOP ( 'NONE', ( #4427, #8954, #4629, #5004 ) ) ;
#5389 = CARTESIAN_POINT ( 'NONE',  ( 0.5146701546111736025, -0.01880785086056312172, -0.2693440471045152051 ) ) ;
#5390 = FILL_AREA_STYLE ('',( #983 ) ) ;
#5391 = VECTOR ( 'NONE', #7824, 39.37007874015748143 ) ;
#5392 = EDGE_CURVE ( 'NONE', #10963, #8835, #1684, .T. ) ;
#5393 = CARTESIAN_POINT ( 'NONE',  ( 0.5146701546111731584, -0.01880785086056310437, -0.1693440471045152274 ) ) ;
#5394 = EDGE_CURVE ( 'NONE', #10843, #6533, #9057, .T. ) ;
#5395 = UNCERTAINTY_MEASURE_WITH_UNIT (LENGTH_MEASURE( 1.000000000000000082E-05 ), #2276, 'distance_accuracy_value', 'NONE');
#5396 = LINE ( 'NONE', #10017, #11481 ) ;
#5397 = EDGE_LOOP ( 'NONE', ( #10326, #10945, #11958, #832, #9150, #9318 ) ) ;
#5398 = PRESENTATION_STYLE_ASSIGNMENT (( #7396 ) ) ;
#5399 = ORIENTED_EDGE ( 'NONE', *, *, #991, .F. ) ;
#5400 = STYLED_ITEM ( 'NONE', ( #5403 ), #409 ) ;
#5401 = CARTESIAN_POINT ( 'NONE',  ( 0.1904872377637638059, -0.02303665104868023866, -0.1674212600919229299 ) ) ;
#5402 = EDGE_LOOP ( 'NONE', ( #7543, #258, #5161, #9940 ) ) ;
#5403 = PRESENTATION_STYLE_ASSIGNMENT (( #2733 ) ) ;
#5404 = LINE ( 'NONE', #935, #2216 ) ;
#5405 = CARTESIAN_POINT ( 'NONE',  ( 0.5048815532788064608, -0.01983667431789505262, -0.1693440471046126772 ) ) ;
#5406 = ORIENTED_EDGE ( 'NONE', *, *, #3987, .F. ) ;
#5407 = LINE ( 'NONE', #6182, #5317 ) ;
#5408 = EDGE_CURVE ( 'NONE', #5757, #9956, #7294, .T. ) ;
#5409 = CIRCLE ( 'NONE', #10436, 0.01771653543307087283 ) ;
#5410 = EDGE_LOOP ( 'NONE', ( #3440, #8431, #8764, #6360 ) ) ;
#5411 = ORIENTED_EDGE ( 'NONE', *, *, #4527, .T. ) ;
#5412 = DIRECTION ( 'NONE',  ( 1.748601263784621748E-15, 0.0000000000000000000, -1.000000000000000000 ) ) ;
#5413 = PRESENTATION_STYLE_ASSIGNMENT (( #1795 ) ) ;
#5414 = PRESENTATION_LAYER_ASSIGNMENT (  '', '', ( #10070 ) ) ;
#5415 =( CONVERSION_BASED_UNIT ( 'INCH', #9862 ) LENGTH_UNIT ( ) NAMED_UNIT ( #9075 ) );
#5416 = DIRECTION ( 'NONE',  ( -1.644517855226007801E-15, -1.000000000000000000, -2.875605999964572744E-30 ) ) ;
#5417 = DIRECTION ( 'NONE',  ( 0.9040697402709132469, -1.486758830245055043E-15, -0.4273849608099042907 ) ) ;
#5418 = PRESENTATION_LAYER_ASSIGNMENT (  '', '', ( #4021 ) ) ;
#5419 =( NAMED_UNIT ( * ) SI_UNIT ( $, .STERADIAN. ) SOLID_ANGLE_UNIT ( ) );
#5420 = ADVANCED_FACE ( 'NONE', ( #3412 ), #2500, .F. ) ;
#5421 = CARTESIAN_POINT ( 'NONE',  ( 0.4754786166451601126, 0.1217789874329369693, -0.3272637797765948764 ) ) ;
#5422 = VECTOR ( 'NONE', #10164, 39.37007874015748143 ) ;
#5423 = EDGE_LOOP ( 'NONE', ( #7515, #1552, #9929, #7028 ) ) ;
#5424 = CARTESIAN_POINT ( 'NONE',  ( 0.2490536793154355943, 0.003668751212429472927, -0.3095942470915551414 ) ) ;
#5425 = DIRECTION ( 'NONE',  ( -1.000000000000000000, 1.644517855226007801E-15, -1.748601263784621748E-15 ) ) ;
#5426 = CARTESIAN_POINT ( 'NONE',  ( 0.4625214697563023170, 0.03516481420455509072, -0.1833849212005051743 ) ) ;
#5427 = VERTEX_POINT ( 'NONE', #11042 ) ;
#5428 = CARTESIAN_POINT ( 'NONE',  ( 0.4561674782085065050, 0.03516481420455511153, -0.03730122072223737706 ) ) ;
#5429 =( NAMED_UNIT ( * ) SI_UNIT ( $, .STERADIAN. ) SOLID_ANGLE_UNIT ( ) );
#5430 =( CONVERSION_BASED_UNIT ( 'INCH', #2389 ) LENGTH_UNIT ( ) NAMED_UNIT ( #7447 ) );
#5431 = DIMENSIONAL_EXPONENTS ( 1.000000000000000000, 0.0000000000000000000, 0.0000000000000000000, 0.0000000000000000000, 0.0000000000000000000, 0.0000000000000000000, 0.0000000000000000000 ) ;
#5433 = EDGE_CURVE ( 'NONE', #10364, #2680, #7409, .T. ) ;
#5432 = VECTOR ( 'NONE', #6269, 39.37007874015748143 ) ;
#5434 = CARTESIAN_POINT ( 'NONE',  ( 0.2924077505034279323, 0.1060309559368545901, -0.03277559079979674994 ) ) ;
#5435 = DIRECTION ( 'NONE',  ( -0.9947848906855178974, -0.1019952021607001824, -8.191546496927016518E-12 ) ) ;
#5436 =( NAMED_UNIT ( * ) PLANE_ANGLE_UNIT ( ) SI_UNIT ( $, .RADIAN. ) );
#5437 = CIRCLE ( 'NONE', #45, 0.007874015748031527179 ) ;
#5438 = VERTEX_POINT ( 'NONE', #2019 ) ;
#5439 = DIRECTION ( 'NONE',  ( 1.748601263784621748E-15, 0.0000000000000000000, -1.000000000000000000 ) ) ;
#5440 = DIRECTION ( 'NONE',  ( -0.5730959463349096783, -0.8184658334306108562, 0.04092329167148960056 ) ) ;
#5441 = EDGE_CURVE ( 'NONE', #9289, #8419, #11165, .T. ) ;
#5442 = VERTEX_POINT ( 'NONE', #210 ) ;
#5443 = DIRECTION ( 'NONE',  ( -1.644517855226008195E-15, -1.000000000000000000, -6.123233995736766036E-17 ) ) ;
#5444 = SURFACE_STYLE_USAGE ( .BOTH. , #1525 ) ;
#5445 = DIRECTION ( 'NONE',  ( 1.748601263784601238E-15, -1.263142004425999922E-14, -1.000000000000000000 ) ) ;
#5446 = CARTESIAN_POINT ( 'NONE',  ( 0.4653510425003174467, 0.001406173138374004891, -0.3095942471104531357 ) ) ;
#5447 = ORIENTED_EDGE ( 'NONE', *, *, #2527, .T. ) ;
#5448 = FACE_OUTER_BOUND ( 'NONE', #11961, .T. ) ;
#5449 = CARTESIAN_POINT ( 'NONE',  ( 0.3496518449916177773, 0.1434325307400277083, -0.2791535435558992750 ) ) ;
#5450 = COLOUR_RGB ( '',0.7607843137254901578, 0.7607843137254901578, 0.0000000000000000000 ) ;
#5451 = VECTOR ( 'NONE', #4198, 39.37007874015748143 ) ;
#5452 = CARTESIAN_POINT ( 'NONE',  ( 0.2532616618757511096, 0.04500733388959481107, -0.1781432499591669438 ) ) ;
#5453 = FILL_AREA_STYLE_COLOUR ( '', #11288 ) ;
#5454 = ORIENTED_EDGE ( 'NONE', *, *, #6568, .F. ) ;
#5455 = AXIS2_PLACEMENT_3D ( 'NONE', #703, #6043, #5989 ) ;
#5456 = ORIENTED_EDGE ( 'NONE', *, *, #2722, .F. ) ;
#5457 = EDGE_LOOP ( 'NONE', ( #9468, #2938, #9524, #10084, #9536 ) ) ;
#5458 = EDGE_CURVE ( 'NONE', #2070, #8627, #4844, .T. ) ;
#5459 = LINE ( 'NONE', #863, #779 ) ;
#5460 = FILL_AREA_STYLE ('',( #1780 ) ) ;
#5461 = DIRECTION ( 'NONE',  ( -0.05226423163383189796, -0.4972609476841246545, -0.8660254037844452579 ) ) ;
#5462 = DIRECTION ( 'NONE',  ( -1.748601263784621946E-15, 0.0000000000000000000, 1.000000000000000000 ) ) ;
#5463 = ORIENTED_EDGE ( 'NONE', *, *, #10664, .F. ) ;
#5464 =( NAMED_UNIT ( * ) SI_UNIT ( $, .STERADIAN. ) SOLID_ANGLE_UNIT ( ) );
#5465 = CARTESIAN_POINT ( 'NONE',  ( 0.2924077505034283209, 0.1060309559368545762, -0.1327755907997967555 ) ) ;
#5466 = VECTOR ( 'NONE', #10378, 39.37007874015748143 ) ;
#5467 = ORIENTED_EDGE ( 'NONE', *, *, #1516, .F. ) ;
#5468 = ORIENTED_EDGE ( 'NONE', *, *, #4350, .F. ) ;
#5469 = ORIENTED_EDGE ( 'NONE', *, *, #5845, .F. ) ;
#5470 = LINE ( 'NONE', #4491, #11118 ) ;
#5471 = EDGE_CURVE ( 'NONE', #5972, #1543, #11222, .T. ) ;
#5472 = CYLINDRICAL_SURFACE ( 'NONE', #8023, 0.005905511811023620231 ) ;
#5473 =( LENGTH_UNIT ( ) NAMED_UNIT ( * ) SI_UNIT ( $, .METRE. ) );
#5474 =( NAMED_UNIT ( * ) PLANE_ANGLE_UNIT ( ) SI_UNIT ( $, .RADIAN. ) );
#5475 = DIRECTION ( 'NONE',  ( 8.234490263801784106E-12, -1.353889066150678573E-26, -1.000000000000000000 ) ) ;
#5476 = LINE ( 'NONE', #11111, #1448 ) ;
#5477 = PLANE ( 'NONE',  #5070 ) ;
#5478 = ORIENTED_EDGE ( 'NONE', *, *, #4045, .F. ) ;
#5479 = CARTESIAN_POINT ( 'NONE',  ( 0.2372226159726799066, 0.03516481420455547929, -0.08789370103621420294 ) ) ;
#5480 = COLOUR_RGB ( '',0.7607843137254901578, 0.7607843137254901578, 0.0000000000000000000 ) ;
#5481 = DIRECTION ( 'NONE',  ( -0.06844477287005698574, 0.6512085141311785286, -0.7558060493207426900 ) ) ;
#5482 = ADVANCED_FACE ( 'NONE', ( #2923 ), #10207, .T. ) ;
#5483 = VERTEX_POINT ( 'NONE', #3644 ) ;
#5484 = FILL_AREA_STYLE ('',( #1806 ) ) ;
#5485 = LENGTH_MEASURE_WITH_UNIT ( LENGTH_MEASURE( 0.02539999999999999897 ), #2576 );
#5486 =( CONVERSION_BASED_UNIT ( 'INCH', #10102 ) LENGTH_UNIT ( ) NAMED_UNIT ( #11160 ) );
#5487 = EDGE_CURVE ( 'NONE', #1340, #8659, #7353, .T. ) ;
#5488 = PRESENTATION_LAYER_ASSIGNMENT (  '', '', ( #7604 ) ) ;
#5489 = LINE ( 'NONE', #6445, #5422 ) ;
#5490 = ORIENTED_EDGE ( 'NONE', *, *, #3095, .T. ) ;
#5491 = AXIS2_PLACEMENT_3D ( 'NONE', #942, #10974, #11956 ) ;
#5492 = STYLED_ITEM ( 'NONE', ( #5176 ), #7849 ) ;
#5493 = UNCERTAINTY_MEASURE_WITH_UNIT (LENGTH_MEASURE( 1.000000000000000082E-05 ), #2510, 'distance_accuracy_value', 'NONE');
#5494 = CARTESIAN_POINT ( 'NONE',  ( 0.1585494827869405599, -0.03570132752772788021, -0.08789370103680489710 ) ) ;
#5495 = EDGE_CURVE ( 'NONE', #1543, #11809, #5653, .T. ) ;
#5496 = ORIENTED_EDGE ( 'NONE', *, *, #7099, .T. ) ;
#5497 = DIRECTION ( 'NONE',  ( -1.000000000000000000, 1.644517855226007801E-15, -4.329683484489847320E-13 ) ) ;
#5498 = STYLED_ITEM ( 'NONE', ( #6025 ), #11552 ) ;
#5499 = STYLED_ITEM ( 'NONE', ( #8317 ), #10020 ) ;
#5500 = DIRECTION ( 'NONE',  ( 1.748601263784621946E-15, 0.0000000000000000000, -1.000000000000000000 ) ) ;
#5501 = DIRECTION ( 'NONE',  ( -1.729787034331768344E-15, -0.9987523388778467570, 0.04993761694385234762 ) ) ;
#5502 = EDGE_LOOP ( 'NONE', ( #8618, #1707, #7484, #3903 ) ) ;
#5503 = AXIS2_PLACEMENT_3D ( 'NONE', #1426, #3288, #3413 ) ;
#5504 = CARTESIAN_POINT ( 'NONE',  ( 0.1585494827869408929, -0.03570132752772788715, -0.1477362207218442802 ) ) ;
#5505 = DIRECTION ( 'NONE',  ( 1.000000000000000000, -1.644517855226007801E-15, 1.748601263784621748E-15 ) ) ;
#5506 = STYLED_ITEM ( 'NONE', ( #658 ), #5041 ) ;
#5507 = VERTEX_POINT ( 'NONE', #9241 ) ;
#5508 = STYLED_ITEM ( 'NONE', ( #6681 ), #4067 ) ;
#5509 =( NAMED_UNIT ( * ) PLANE_ANGLE_UNIT ( ) SI_UNIT ( $, .RADIAN. ) );
#5510 = FILL_AREA_STYLE_COLOUR ( '', #11717 ) ;
#5511 = DIMENSIONAL_EXPONENTS ( 1.000000000000000000, 0.0000000000000000000, 0.0000000000000000000, 0.0000000000000000000, 0.0000000000000000000, 0.0000000000000000000, 0.0000000000000000000 ) ;
#5512 =( GEOMETRIC_REPRESENTATION_CONTEXT ( 3 ) GLOBAL_UNCERTAINTY_ASSIGNED_CONTEXT ( ( #8077 ) ) GLOBAL_UNIT_ASSIGNED_CONTEXT ( ( #6805, #9559, #3237 ) ) REPRESENTATION_CONTEXT ( 'NONE', 'WORKASPACE' ) );
#5513 = PLANE ( 'NONE',  #7264 ) ;
#5514 = MECHANICAL_DESIGN_GEOMETRIC_PRESENTATION_REPRESENTATION (  '', ( #10727 ), #11114 ) ;
#5515 =( GEOMETRIC_REPRESENTATION_CONTEXT ( 3 ) GLOBAL_UNCERTAINTY_ASSIGNED_CONTEXT ( ( #3341 ) ) GLOBAL_UNIT_ASSIGNED_CONTEXT ( ( #8422, #2962, #11154 ) ) REPRESENTATION_CONTEXT ( 'NONE', 'WORKASPACE' ) );
#5516 = ORIENTED_EDGE ( 'NONE', *, *, #3204, .T. ) ;
#5517 =( GEOMETRIC_REPRESENTATION_CONTEXT ( 3 ) GLOBAL_UNCERTAINTY_ASSIGNED_CONTEXT ( ( #1634 ) ) GLOBAL_UNIT_ASSIGNED_CONTEXT ( ( #3443, #4219, #7148 ) ) REPRESENTATION_CONTEXT ( 'NONE', 'WORKASPACE' ) );
#5518 = COLOUR_RGB ( '',0.7607843137254901578, 0.7607843137254901578, 0.0000000000000000000 ) ;
#5519 = ORIENTED_EDGE ( 'NONE', *, *, #10369, .F. ) ;
#5520 = DIRECTION ( 'NONE',  ( 0.9945218953682687379, -0.1045284632676985181, 2.168404344971013601E-15 ) ) ;
#5521 = ORIENTED_EDGE ( 'NONE', *, *, #8508, .T. ) ;
#5522 = CARTESIAN_POINT ( 'NONE',  ( 0.4920108682649397824, 0.02729079845652356354, -0.08789370103635522902 ) ) ;
#5523 = LINE ( 'NONE', #10196, #11300 ) ;
#5524 = ORIENTED_EDGE ( 'NONE', *, *, #3019, .T. ) ;
#5525 = SURFACE_STYLE_USAGE ( .BOTH. , #9168 ) ;
#5526 = VECTOR ( 'NONE', #5123, 39.37007874015748143 ) ;
#5527 = DIRECTION ( 'NONE',  ( 0.9947848906855175644, -0.1019952021607034437, 1.739482117046542862E-15 ) ) ;
#5528 = VECTOR ( 'NONE', #268, 39.37007874015748143 ) ;
#5529 =( GEOMETRIC_REPRESENTATION_CONTEXT ( 3 ) GLOBAL_UNCERTAINTY_ASSIGNED_CONTEXT ( ( #3068 ) ) GLOBAL_UNIT_ASSIGNED_CONTEXT ( ( #1446, #4200, #6999 ) ) REPRESENTATION_CONTEXT ( 'NONE', 'WORKASPACE' ) );
#5530 = ADVANCED_FACE ( 'NONE', ( #947 ), #8323, .F. ) ;
#5531 = CARTESIAN_POINT ( 'NONE',  ( 0.2443412753456723763, 0.04500733388959481801, -0.1317725596147574785 ) ) ;
#5532 = ORIENTED_EDGE ( 'NONE', *, *, #1516, .T. ) ;
#5533 = AXIS2_PLACEMENT_3D ( 'NONE', #7593, #8442, #3104 ) ;
#5534 = ORIENTED_EDGE ( 'NONE', *, *, #9616, .T. ) ;
#5535 = EDGE_LOOP ( 'NONE', ( #4694, #2117, #810, #5467 ) ) ;
#5536 = CARTESIAN_POINT ( 'NONE',  ( 0.1843617094242558929, -0.02585880784268854496, -0.1674212600919229854 ) ) ;
#5537 =( GEOMETRIC_REPRESENTATION_CONTEXT ( 3 ) GLOBAL_UNCERTAINTY_ASSIGNED_CONTEXT ( ( #3306 ) ) GLOBAL_UNIT_ASSIGNED_CONTEXT ( ( #3837, #6809, #3785 ) ) REPRESENTATION_CONTEXT ( 'NONE', 'WORKASPACE' ) );
#5538 = CARTESIAN_POINT ( 'NONE',  ( 0.2148518768365310916, 0.03516481420455551399, -0.02726377977696224642 ) ) ;
#5539 = DIRECTION ( 'NONE',  ( 0.05226423162670060241, -0.4972609476841257092, 0.8660254037848750253 ) ) ;
#5540 = PRESENTATION_STYLE_ASSIGNMENT (( #11965 ) ) ;
#5541 = EDGE_CURVE ( 'NONE', #5683, #7348, #9941, .T. ) ;
#5542 = FILL_AREA_STYLE_COLOUR ( '', #8085 ) ;
#5543 = LINE ( 'NONE', #2569, #3013 ) ;
#5544 = EDGE_CURVE ( 'NONE', #3084, #5442, #1459, .T. ) ;
#5545 = DIRECTION ( 'NONE',  ( -1.644517855226008392E-15, -1.000000000000000000, 0.0000000000000000000 ) ) ;
#5546 = VERTEX_POINT ( 'NONE', #6100 ) ;
#5547 = FACE_OUTER_BOUND ( 'NONE', #4941, .T. ) ;
#5548 = PLANE ( 'NONE',  #11723 ) ;
#5549 = VERTEX_POINT ( 'NONE', #2472 ) ;
#5550 = CARTESIAN_POINT ( 'NONE',  ( 0.3140612938105267204, 0.1020939480628584861, -0.1329724411934974648 ) ) ;
#5551 = CARTESIAN_POINT ( 'NONE',  ( 0.4615064727374438847, 0.03516481420455509072, -0.1339196358458594749 ) ) ;
#5552 = DIRECTION ( 'NONE',  ( 0.0000000000000000000, 0.0000000000000000000, 1.000000000000000000 ) ) ;
#5553 = DIRECTION ( 'NONE',  ( 0.4273849608619142426, -7.028421991924840098E-16, -0.9040697402463262478 ) ) ;
#5554 = ORIENTED_EDGE ( 'NONE', *, *, #3297, .F. ) ;
#5555 = DIRECTION ( 'NONE',  ( 1.000000000000000000, -1.243065535181522807E-11, -2.549634902058215512E-12 ) ) ;
#5556 = EDGE_CURVE ( 'NONE', #4653, #11850, #5061, .T. ) ;
#5557 = EDGE_CURVE ( 'NONE', #6946, #11231, #11910, .T. ) ;
#5558 = FACE_OUTER_BOUND ( 'NONE', #11494, .T. ) ;
#5559 = ORIENTED_EDGE ( 'NONE', *, *, #7335, .F. ) ;
#5560 = CARTESIAN_POINT ( 'NONE',  ( 0.5171578838488019025, -0.02376851717063330552, -0.1477361528982525374 ) ) ;
#5561 = LINE ( 'NONE', #63, #9764 ) ;
#5562 = CIRCLE ( 'NONE', #1902, 0.007874015748031516770 ) ;
#5563 = DIRECTION ( 'NONE',  ( -1.000000000000000000, 1.644517855226007801E-15, -8.234490263801784106E-12 ) ) ;
#5564 = DIRECTION ( 'NONE',  ( -1.000000000000000000, 1.734723475977064460E-15, 1.951563910474197493E-15 ) ) ;
#5565 = ORIENTED_EDGE ( 'NONE', *, *, #4232, .F. ) ;
#5566 = DIRECTION ( 'NONE',  ( -1.748601263784621748E-15, 0.0000000000000000000, 1.000000000000000000 ) ) ;
#5567 = DIRECTION ( 'NONE',  ( -1.644517855226007801E-15, -1.000000000000000000, -2.890435660536363568E-30 ) ) ;
#5568 = DIRECTION ( 'NONE',  ( 0.06844477287628467077, 0.6512085141311780845, -0.7558060493201791408 ) ) ;
#5569 = ORIENTED_EDGE ( 'NONE', *, *, #3033, .F. ) ;
#5570 = MECHANICAL_DESIGN_GEOMETRIC_PRESENTATION_REPRESENTATION (  '', ( #1904 ), #6334 ) ;
#5571 = SURFACE_STYLE_USAGE ( .BOTH. , #10186 ) ;
#5572 = EDGE_CURVE ( 'NONE', #10605, #6381, #8766, .T. ) ;
#5573 = AXIS2_PLACEMENT_3D ( 'NONE', #7412, #3870, #4744 ) ;
#5574 = ORIENTED_EDGE ( 'NONE', *, *, #9430, .F. ) ;
#5575 =( NAMED_UNIT ( * ) SI_UNIT ( $, .STERADIAN. ) SOLID_ANGLE_UNIT ( ) );
#5576 = VERTEX_POINT ( 'NONE', #10831 ) ;
#5577 = SURFACE_STYLE_FILL_AREA ( #760 ) ;
#5578 = ORIENTED_EDGE ( 'NONE', *, *, #1862, .F. ) ;
#5579 = DIRECTION ( 'NONE',  ( -1.000000000000000000, 1.644517855226007801E-15, -8.234490263801784106E-12 ) ) ;
#5580 = LINE ( 'NONE', #9287, #1679 ) ;
#5581 = CYLINDRICAL_SURFACE ( 'NONE', #2548, 0.007874015748027556397 ) ;
#5582 = ORIENTED_EDGE ( 'NONE', *, *, #2161, .F. ) ;
#5583 = CARTESIAN_POINT ( 'NONE',  ( 0.2313841284547877852, 0.03516481421120130901, -0.3197218416809252672 ) ) ;
#5584 = ADVANCED_FACE ( 'NONE', ( #5327 ), #6216, .F. ) ;
#5585 = FACE_OUTER_BOUND ( 'NONE', #8319, .T. ) ;
#5586 = LENGTH_MEASURE_WITH_UNIT ( LENGTH_MEASURE( 0.02539999999999999897 ), #1677 );
#5587 = VECTOR ( 'NONE', #1485, 39.37007874015748143 ) ;
#5588 = EDGE_LOOP ( 'NONE', ( #463, #10989, #5804, #2908 ) ) ;
#5589 = DIMENSIONAL_EXPONENTS ( 1.000000000000000000, 0.0000000000000000000, 0.0000000000000000000, 0.0000000000000000000, 0.0000000000000000000, 0.0000000000000000000, 0.0000000000000000000 ) ;
#5590 = ORIENTED_EDGE ( 'NONE', *, *, #3273, .T. ) ;
#5591 = ORIENTED_EDGE ( 'NONE', *, *, #8087, .T. ) ;
#5592 = CARTESIAN_POINT ( 'NONE',  ( 0.5037097929778033834, -0.008688119764421379718, -0.2272637797764164302 ) ) ;
#5593 = DIRECTION ( 'NONE',  ( -0.9040697402711028730, 1.486758830245369207E-15, -0.4273849608095032782 ) ) ;
#5594 = CARTESIAN_POINT ( 'NONE',  ( 0.2031529521231696112, -0.008688119764420883587, -0.2272637797769623269 ) ) ;
#5595 = CARTESIAN_POINT ( 'NONE',  ( 0.3140612938105262764, 0.1021333181416026054, -0.08218503961889105092 ) ) ;
#5596 = ADVANCED_FACE ( 'NONE', ( #6028 ), #748, .F. ) ;
#5597 = AXIS2_PLACEMENT_3D ( 'NONE', #10011, #5260, #3437 ) ;
#5598 = LINE ( 'NONE', #10094, #8969 ) ;
#5599 = ORIENTED_EDGE ( 'NONE', *, *, #42, .F. ) ;
#5600 = CARTESIAN_POINT ( 'NONE',  ( 0.5171395730376947553, -0.02375154730001928852, -0.04773622072118773735 ) ) ;
#5601 = AXIS2_PLACEMENT_3D ( 'NONE', #10693, #1575, #7978 ) ;
#5602 = CARTESIAN_POINT ( 'NONE',  ( 0.5047076986982566016, -0.01818255847635047093, -0.1713582679653845309 ) ) ;
#5603 = CARTESIAN_POINT ( 'NONE',  ( 0.4536010832257904024, 0.03516481420455510459, -0.1370142308545209409 ) ) ;
#5604 = CARTESIAN_POINT ( 'NONE',  ( 0.2924077505034287094, 0.1060309559368545623, -0.2327755907997968166 ) ) ;
#5605 = PLANE ( 'NONE',  #11749 ) ;
#5606 = VECTOR ( 'NONE', #7508, 39.37007874015748143 ) ;
#5607 = EDGE_CURVE ( 'NONE', #1421, #5905, #4560, .T. ) ;
#5608 = EDGE_CURVE ( 'NONE', #2892, #10963, #3611, .T. ) ;
#5609 = FILL_AREA_STYLE ('',( #2091 ) ) ;
#5610 = EDGE_LOOP ( 'NONE', ( #7133, #4800, #3980, #4763 ) ) ;
#5611 = FILL_AREA_STYLE_COLOUR ( '', #3007 ) ;
#5612 = CIRCLE ( 'NONE', #7164, 0.007874015748031495954 ) ;
#5613 = CARTESIAN_POINT ( 'NONE',  ( 0.3140612938105268315, 0.1020939480628584861, -0.1821850396188913479 ) ) ;
#5614 = ORIENTED_EDGE ( 'NONE', *, *, #2669, .T. ) ;
#5615 = PLANE ( 'NONE',  #8803 ) ;
#5616 = AXIS2_PLACEMENT_3D ( 'NONE', #7708, #7830, #3339 ) ;
#5617 = COLOUR_RGB ( '',0.7607843137254901578, 0.7607843137254901578, 0.0000000000000000000 ) ;
#5618 = CARTESIAN_POINT ( 'NONE',  ( 0.2148518768365320075, 0.04500733388959485270, -0.2878937010368047833 ) ) ;
#5619 = LENGTH_MEASURE_WITH_UNIT ( LENGTH_MEASURE( 0.02539999999999999897 ), #64 );
#5620 = EDGE_CURVE ( 'NONE', #3798, #3276, #8619, .T. ) ;
#5621 = LENGTH_MEASURE_WITH_UNIT ( LENGTH_MEASURE( 0.02539999999999999897 ), #369 );
#5622 = DIRECTION ( 'NONE',  ( 1.555145074134924813E-15, 0.9987523388778462019, 0.04993761694386230493 ) ) ;
#5623 = LINE ( 'NONE', #182, #4588 ) ;
#5624 = LINE ( 'NONE', #10183, #5086 ) ;
#5625 = ORIENTED_EDGE ( 'NONE', *, *, #5891, .F. ) ;
#5626 = ADVANCED_FACE ( 'NONE', ( #10887 ), #7319, .F. ) ;
#5627 = SURFACE_STYLE_FILL_AREA ( #8301 ) ;
#5628 = VECTOR ( 'NONE', #8255, 39.37007874015748143 ) ;
#5629 = UNCERTAINTY_MEASURE_WITH_UNIT (LENGTH_MEASURE( 1.000000000000000082E-05 ), #7562, 'distance_accuracy_value', 'NONE');
#5630 = VECTOR ( 'NONE', #5871, 39.37007874015748143 ) ;
#5631 = CARTESIAN_POINT ( 'NONE',  ( 0.4920108682644414033, 0.03516481420455502827, -0.2272637797765127421 ) ) ;
#5632 = ORIENTED_EDGE ( 'NONE', *, *, #4079, .F. ) ;
#5633 = ORIENTED_EDGE ( 'NONE', *, *, #730, .T. ) ;
#5634 = LINE ( 'NONE', #323, #11593 ) ;
#5635 = ORIENTED_EDGE ( 'NONE', *, *, #9738, .T. ) ;
#5636 = EDGE_CURVE ( 'NONE', #6098, #5714, #2, .T. ) ;
#5637 = COLOUR_RGB ( '',0.7607843137254901578, 0.7607843137254901578, 0.0000000000000000000 ) ;
#5638 = SURFACE_SIDE_STYLE ('',( #8529 ) ) ;
#5639 = DIRECTION ( 'NONE',  ( 0.0000000000000000000, 0.0000000000000000000, 1.000000000000000000 ) ) ;
#5640 = VECTOR ( 'NONE', #2835, 39.37007874015748854 ) ;
#5641 = ORIENTED_EDGE ( 'NONE', *, *, #8253, .T. ) ;
#5642 =( NAMED_UNIT ( * ) PLANE_ANGLE_UNIT ( ) SI_UNIT ( $, .RADIAN. ) );
#5643 = EDGE_CURVE ( 'NONE', #5106, #8305, #2713, .T. ) ;
#5644 = DIRECTION ( 'NONE',  ( 1.644517855226008195E-15, 1.000000000000000000, -6.888556729901376831E-28 ) ) ;
#5645 = VECTOR ( 'NONE', #10926, 39.37007874015748143 ) ;
#5646 = ORIENTED_EDGE ( 'NONE', *, *, #2225, .F. ) ;
#5647 = B_SPLINE_CURVE_WITH_KNOTS ( 'NONE', 3,
 ( #10056, #7134, #8286, #3667 ),
 .UNSPECIFIED., .F., .F.,
 ( 4, 4 ),
 ( 8.548244874185344675E-17, 0.0001438393068347775731 ),
 .UNSPECIFIED. ) ;
#5648 = ADVANCED_FACE ( 'NONE', ( #4461 ), #8166, .F. ) ;
#5649 = ORIENTED_EDGE ( 'NONE', *, *, #3261, .F. ) ;
#5650 = DIRECTION ( 'NONE',  ( 0.2761728437764086608, -0.9205744939126326853, -0.2761723402478091782 ) ) ;
#5651 = ORIENTED_EDGE ( 'NONE', *, *, #7032, .F. ) ;
#5652 = LINE ( 'NONE', #9355, #9593 ) ;
#5653 = LINE ( 'NONE', #1850, #2044 ) ;
#5654 = PLANE ( 'NONE',  #8663 ) ;
#5655 = CARTESIAN_POINT ( 'NONE',  ( 0.5146701546109772041, -0.01880785086054940006, -0.1458134337079936838 ) ) ;
#5656 = LENGTH_MEASURE_WITH_UNIT ( LENGTH_MEASURE( 0.02539999999999999897 ), #1912 );
#5657 = CARTESIAN_POINT ( 'NONE',  ( 0.4144549945979160710, 0.1060309559368543958, -0.03277559079979654871 ) ) ;
#5658 =( CONVERSION_BASED_UNIT ( 'INCH', #2867 ) LENGTH_UNIT ( ) NAMED_UNIT ( #3639 ) );
#5659 =( NAMED_UNIT ( * ) SI_UNIT ( $, .STERADIAN. ) SOLID_ANGLE_UNIT ( ) );
#5660 = SURFACE_STYLE_USAGE ( .BOTH. , #159 ) ;
#5661 = CARTESIAN_POINT ( 'NONE',  ( 0.4263694306917346633, -0.1011303416691849838, -0.03700296158562334237 ) ) ;
#5662 = CARTESIAN_POINT ( 'NONE',  ( 0.2014250033735597023, -0.02312123604650251352, -0.04773622072184430937 ) ) ;
#5663 = ORIENTED_EDGE ( 'NONE', *, *, #3516, .F. ) ;
#5664 = SURFACE_SIDE_STYLE ('',( #2997 ) ) ;
#5665 = B_SPLINE_CURVE_WITH_KNOTS ( 'NONE', 3,
 ( #6892, #7864, #565, #10648, #7986, #9830, #3610, #9211, #10951, #2653 ),
 .UNSPECIFIED., .F., .F.,
 ( 4, 3, 3, 4 ),
 ( 2.323559339438458330E-17, 5.232092011450685081E-05, 0.0001048841986583167195, 0.0001556114547149435394 ),
 .UNSPECIFIED. ) ;
#5666 = FACE_OUTER_BOUND ( 'NONE', #937, .T. ) ;
#5667 = DIRECTION ( 'NONE',  ( -1.644517855226008195E-15, -1.000000000000000000, -6.123233995736766036E-17 ) ) ;
#5668 = DIRECTION ( 'NONE',  ( 1.000000000000000000, -1.734723475977064460E-15, -1.734723475977064460E-15 ) ) ;
#5669 = CARTESIAN_POINT ( 'NONE',  ( 0.4536010832257907910, 0.04500733388959445719, -0.2370142308545209464 ) ) ;
#5670 = DIMENSIONAL_EXPONENTS ( 1.000000000000000000, 0.0000000000000000000, 0.0000000000000000000, 0.0000000000000000000, 0.0000000000000000000, 0.0000000000000000000, 0.0000000000000000000 ) ;
#5671 = CARTESIAN_POINT ( 'NONE',  ( 0.5274311289181010665, -0.03078006768520877984, -0.04773622072110297182 ) ) ;
#5672 = ORIENTED_EDGE ( 'NONE', *, *, #1618, .T. ) ;
#5673 = DIRECTION ( 'NONE',  ( 0.0000000000000000000, 0.0000000000000000000, 1.000000000000000000 ) ) ;
#5674 = AXIS2_PLACEMENT_3D ( 'NONE', #549, #8874, #7970 ) ;
#5675 = EDGE_CURVE ( 'NONE', #6126, #9227, #2155, .T. ) ;
#5676 = ORIENTED_EDGE ( 'NONE', *, *, #4581, .T. ) ;
#5677 = LINE ( 'NONE', #8563, #691 ) ;
#5678 = FACE_OUTER_BOUND ( 'NONE', #867, .T. ) ;
#5679 =( NAMED_UNIT ( * ) PLANE_ANGLE_UNIT ( ) SI_UNIT ( $, .RADIAN. ) );
#5680 = AXIS2_PLACEMENT_3D ( 'NONE', #7656, #11276, #10499 ) ;
#5681 =( NAMED_UNIT ( * ) SI_UNIT ( $, .STERADIAN. ) SOLID_ANGLE_UNIT ( ) );
#5682 = DIRECTION ( 'NONE',  ( 0.9945218953682686269, -0.1045284632676983516, 1.739022243102431967E-15 ) ) ;
#5683 = VERTEX_POINT ( 'NONE', #11419 ) ;
#5684 = LENGTH_MEASURE_WITH_UNIT ( LENGTH_MEASURE( 0.02539999999999999897 ), #4988 );
#5685 = EDGE_CURVE ( 'NONE', #7433, #9902, #3890, .T. ) ;
#5686 = PRESENTATION_LAYER_ASSIGNMENT (  '', '', ( #7232 ) ) ;
#5687 = LINE ( 'NONE', #9337, #6847 ) ;
#5688 = VECTOR ( 'NONE', #447, 39.37007874015748143 ) ;
#5689 = ORIENTED_EDGE ( 'NONE', *, *, #4129, .T. ) ;
#5690 = PRESENTATION_STYLE_ASSIGNMENT (( #10247 ) ) ;
#5691 = PRESENTATION_LAYER_ASSIGNMENT (  '', '', ( #4312 ) ) ;
#5692 = EDGE_LOOP ( 'NONE', ( #9725, #8919, #1476, #11616, #7746, #11549, #720, #3296 ) ) ;
#5693 = DIRECTION ( 'NONE',  ( 0.3079484342921974260, 0.0000000000000000000, 0.9514030490895979408 ) ) ;
#5694 = ORIENTED_EDGE ( 'NONE', *, *, #2013, .T. ) ;
#5695 =( GEOMETRIC_REPRESENTATION_CONTEXT ( 3 ) GLOBAL_UNCERTAINTY_ASSIGNED_CONTEXT ( ( #10472 ) ) GLOBAL_UNIT_ASSIGNED_CONTEXT ( ( #843, #3780, #11356 ) ) REPRESENTATION_CONTEXT ( 'NONE', 'WORKASPACE' ) );
#5696 = COLOUR_RGB ( '',0.7607843137254901578, 0.7607843137254901578, 0.0000000000000000000 ) ;
#5697 = LENGTH_MEASURE_WITH_UNIT ( LENGTH_MEASURE( 0.02539999999999999897 ), #10312 );
#5698 = CARTESIAN_POINT ( 'NONE',  ( 0.5483132623142814577, -0.03078006768520884923, -0.2575787404059703967 ) ) ;
#5699 = B_SPLINE_CURVE_WITH_KNOTS ( 'NONE', 3,
 ( #1220, #1046, #3971, #7691 ),
 .UNSPECIFIED., .F., .F.,
 ( 4, 4 ),
 ( 0.0000000000000000000, 0.0001438460554597934058 ),
 .UNSPECIFIED. ) ;
#5700 = DIRECTION ( 'NONE',  ( 1.644517855226008195E-15, 1.000000000000000000, 2.890435660536364269E-30 ) ) ;
#5701 = CIRCLE ( 'NONE', #3921, 0.007874015748031482076 ) ;
#5702 = ORIENTED_EDGE ( 'NONE', *, *, #2786, .F. ) ;
#5703 =( CONVERSION_BASED_UNIT ( 'INCH', #3909 ) LENGTH_UNIT ( ) NAMED_UNIT ( #6962 ) );
#5704 = SURFACE_STYLE_USAGE ( .BOTH. , #6595 ) ;
#5705 = SURFACE_STYLE_FILL_AREA ( #869 ) ;
#5706 = STYLED_ITEM ( 'NONE', ( #270 ), #8276 ) ;
#5707 = VECTOR ( 'NONE', #1966, 39.37007874015748854 ) ;
#5708 = EDGE_CURVE ( 'NONE', #4955, #2296, #9384, .T. ) ;
#5709 = PRESENTATION_STYLE_ASSIGNMENT (( #6778 ) ) ;
#5710 = COLOUR_RGB ( '',0.2509803921568627416, 0.2509803921568627416, 0.2509803921568627416 ) ;
#5711 = ORIENTED_EDGE ( 'NONE', *, *, #7427, .F. ) ;
#5712 = ORIENTED_EDGE ( 'NONE', *, *, #6857, .F. ) ;
#5713 = LINE ( 'NONE', #3811, #9321 ) ;
#5714 = VERTEX_POINT ( 'NONE', #5795 ) ;
#5715 = CARTESIAN_POINT ( 'NONE',  ( 0.2031529521231693058, -0.008688119764420866240, -0.1878937010368048610 ) ) ;
#5716 = DIRECTION ( 'NONE',  ( -1.734723475977064460E-15, -1.000000000000000000, 2.407412430474777679E-30 ) ) ;
#5717 = DIRECTION ( 'NONE',  ( 1.748601263784621946E-15, 0.0000000000000000000, -1.000000000000000000 ) ) ;
#5718 = DIRECTION ( 'NONE',  ( 0.05226423164096315188, -0.4972609476841257092, -0.8660254037840142693 ) ) ;
#5719 = LINE ( 'NONE', #11271, #5937 ) ;
#5720 = VECTOR ( 'NONE', #3377, 39.37007874015748143 ) ;
#5721 = DIRECTION ( 'NONE',  ( 1.644517855226008195E-15, 1.000000000000000000, 2.890435660536364269E-30 ) ) ;
#5722 = PRESENTATION_STYLE_ASSIGNMENT (( #5660 ) ) ;
#5723 = AXIS2_PLACEMENT_3D ( 'NONE', #8832, #1271, #3067 ) ;
#5724 = VERTEX_POINT ( 'NONE', #8460 ) ;
#5725 = PRESENTATION_LAYER_ASSIGNMENT (  '', '', ( #10913 ) ) ;
#5726 = FACE_OUTER_BOUND ( 'NONE', #1601, .T. ) ;
#5727 = DIRECTION ( 'NONE',  ( 1.000000000000000000, 1.622150117326477356E-11, 9.859911151360783998E-12 ) ) ;
#5728 = CARTESIAN_POINT ( 'NONE',  ( 0.2313841284563810663, 0.03516481420463420798, -0.1878937010362536630 ) ) ;
#5729 = DIRECTION ( 'NONE',  ( -1.748601263784622143E-15, 0.0000000000000000000, 1.000000000000000000 ) ) ;
#5730 = VERTEX_POINT ( 'NONE', #7549 ) ;
#5731 = ADVANCED_FACE ( 'NONE', ( #7607 ), #1264, .F. ) ;
#5732 = ADVANCED_FACE ( 'NONE', ( #179 ), #6573, .T. ) ;
#5733 = CARTESIAN_POINT ( 'NONE',  ( 0.5225010356770467546, -0.01798479209465759024, -0.06742126009122235974 ) ) ;
#5734 = LINE ( 'NONE', #8283, #1469 ) ;
#5735 = ORIENTED_EDGE ( 'NONE', *, *, #7376, .T. ) ;
#5736 = FACE_OUTER_BOUND ( 'NONE', #933, .T. ) ;
#5737 = CARTESIAN_POINT ( 'NONE',  ( 0.4554196763377196255, 0.04500733388959447800, -0.1778562600918830727 ) ) ;
#5738 = DIRECTION ( 'NONE',  ( 1.927470528863118556E-15, 1.000000000000000000, 0.0000000000000000000 ) ) ;
#5739 = PLANE ( 'NONE',  #8505 ) ;
#5740 = CARTESIAN_POINT ( 'NONE',  ( 0.4578091021359867452, 0.003668751212429131620, -0.005563233721056288356 ) ) ;
#5741 =( NAMED_UNIT ( * ) PLANE_ANGLE_UNIT ( ) SI_UNIT ( $, .RADIAN. ) );
#5742 = CARTESIAN_POINT ( 'NONE',  ( 0.3496518449916174998, 0.1434325307400277083, -0.1360039372566866078 ) ) ;
#5743 = ADVANCED_FACE ( 'NONE', ( #5678 ), #6698, .T. ) ;
#5744 = ORIENTED_EDGE ( 'NONE', *, *, #10311, .T. ) ;
#5745 = LINE ( 'NONE', #1207, #10934 ) ;
#5746 = CYLINDRICAL_SURFACE ( 'NONE', #2992, 0.01771653543307087283 ) ;
#5747 = VECTOR ( 'NONE', #6690, 39.37007874015748143 ) ;
#5748 = ORIENTED_EDGE ( 'NONE', *, *, #303, .T. ) ;
#5749 = SURFACE_STYLE_FILL_AREA ( #76 ) ;
#5750 = VERTEX_POINT ( 'NONE', #4818 ) ;
#5751 = VERTEX_POINT ( 'NONE', #8513 ) ;
#5752 = CARTESIAN_POINT ( 'NONE',  ( 0.4383240990372204160, 0.04008607404707482946, -0.1272637797769549106 ) ) ;
#5753 = PRESENTATION_STYLE_ASSIGNMENT (( #6772 ) ) ;
#5754 = SURFACE_SIDE_STYLE ('',( #10254 ) ) ;
#5755 = CARTESIAN_POINT ( 'NONE',  ( 0.2490536793154355943, 0.003668751212429472927, -0.005563233721056699485 ) ) ;
#5756 = EDGE_CURVE ( 'NONE', #837, #4155, #5129, .T. ) ;
#5757 = VERTEX_POINT ( 'NONE', #11662 ) ;
#5759 = EDGE_CURVE ( 'NONE', #5730, #9580, #4257, .T. ) ;
#5758 = LENGTH_MEASURE_WITH_UNIT ( LENGTH_MEASURE( 0.02539999999999999897 ), #2072 );
#5760 = DIRECTION ( 'NONE',  ( 0.9040697402368811364, -1.445602896646377098E-15, 0.4273849608818943713 ) ) ;
#5761 = AXIS2_PLACEMENT_3D ( 'NONE', #10446, #3762, #1119 ) ;
#5762 = CARTESIAN_POINT ( 'NONE',  ( 0.2506952668945310325, 0.03516481420455542378, -0.2778562600915686076 ) ) ;
#5763 = ORIENTED_EDGE ( 'NONE', *, *, #2045, .F. ) ;
#5764 = ORIENTED_EDGE ( 'NONE', *, *, #2275, .F. ) ;
#5765 = CLOSED_SHELL ( 'NONE', ( #5743, #6644, #5355, #9695, #7782, #6311, #5967, #9120, #3630, #2062, #6925, #7523, #7393, #8676, #6212, #4031, #9556, #6799, #234, #1977, #10258, #4516, #4552, #9530, #11002, #30, #1578, #5159, #5188, #1331, #273, #3488, #8537, #10597, #2113, #1400, #6630, #3146, #10571, #2000, #11184, #9175, #9045, #7989, #7251, #4244, #2843, #3664, #1154, #4202, #11648, #85, #8062, #4950, #814, #3904, #8417, #2128, #11710, #8224, #8163, #3008, #8714, #11589, #71, #7497, #8264, #1134, #2738, #10882, #325, #7616, #1223, #11297, #8628, #8204, #2321, #4956, #5877, #10967, #10751, #11527, #6152, #10159, #6457, #8643, #329, #1128, #6875, #9588, #6506, #7001, #10511, #9638, #7679, #4945, #7817, #10697, #4758, #3477, #6757, #9064, #6953, #8116, #7349, #11921, #361, #2512, #603, #8742, #11905, #10006, #459, #7470, #8648, #5731, #10927, #6302, #7738, #3452, #615, #6720, #8368, #7629, #10091, #7178, #4374, #9650, #6118, #8320, #11800, #3311, #1268, #3465, #743, #5787, #11198, #5858, #1701, #6835, #11064, #11331, #9899 ) ) ;
#5766 = FACE_OUTER_BOUND ( 'NONE', #9188, .T. ) ;
#5767 = ORIENTED_EDGE ( 'NONE', *, *, #58, .F. ) ;
#5768 = FACE_OUTER_BOUND ( 'NONE', #1392, .T. ) ;
#5769 =( NAMED_UNIT ( * ) SI_UNIT ( $, .STERADIAN. ) SOLID_ANGLE_UNIT ( ) );
#5770 = DIRECTION ( 'NONE',  ( 1.644517855226008195E-15, 1.000000000000000000, 2.890435660536364269E-30 ) ) ;
#5771 =( CONVERSION_BASED_UNIT ( 'INCH', #4960 ) LENGTH_UNIT ( ) NAMED_UNIT ( #8329 ) );
#5772 = PRESENTATION_STYLE_ASSIGNMENT (( #3701 ) ) ;
#5773 = DIRECTION ( 'NONE',  ( -0.4273849607752874813, 7.028421990500299298E-16, -0.9040697402872777122 ) ) ;
#5774 = EDGE_CURVE ( 'NONE', #8191, #10105, #9876, .T. ) ;
#5775 = CARTESIAN_POINT ( 'NONE',  ( 0.5050327824129672294, -0.02127552341817111337, -0.2470668526629187789 ) ) ;
#5776 = LINE ( 'NONE', #7655, #7047 ) ;
#5777 = EDGE_CURVE ( 'NONE', #9956, #7965, #4065, .T. ) ;
#5778 = VECTOR ( 'NONE', #11177, 39.37007874015748143 ) ;
#5779 = UNCERTAINTY_MEASURE_WITH_UNIT (LENGTH_MEASURE( 1.000000000000000082E-05 ), #9534, 'distance_accuracy_value', 'NONE');
#5780 = PLANE ( 'NONE',  #7611 ) ;
#5781 = ORIENTED_EDGE ( 'NONE', *, *, #11065, .T. ) ;
#5782 =( NAMED_UNIT ( * ) PLANE_ANGLE_UNIT ( ) SI_UNIT ( $, .RADIAN. ) );
#5783 = EDGE_CURVE ( 'NONE', #8861, #4167, #10559, .T. ) ;
#5784 = FACE_OUTER_BOUND ( 'NONE', #2107, .T. ) ;
#5785 = DIRECTION ( 'NONE',  ( -0.06844477288250355729, 0.6512085141311773073, 0.7558060493196165908 ) ) ;
#5786 = DIRECTION ( 'NONE',  ( -8.234490263801784106E-12, 1.443931000916540009E-26, 1.000000000000000000 ) ) ;
#5787 = ADVANCED_FACE ( 'NONE', ( #11546 ), #9688, .T. ) ;
#5788 = CYLINDRICAL_SURFACE ( 'NONE', #2988, 0.007874015748031499423 ) ;
#5789 = LENGTH_MEASURE_WITH_UNIT ( LENGTH_MEASURE( 0.02539999999999999897 ), #4454 );
#5790 = AXIS2_PLACEMENT_3D ( 'NONE', #1043, #7566, #1216 ) ;
#5791 = ORIENTED_EDGE ( 'NONE', *, *, #1641, .F. ) ;
#5792 = LINE ( 'NONE', #11187, #7822 ) ;
#5793 = EDGE_CURVE ( 'NONE', #11313, #328, #5957, .T. ) ;
#5794 =( NAMED_UNIT ( * ) PLANE_ANGLE_UNIT ( ) SI_UNIT ( $, .RADIAN. ) );
#5795 = CARTESIAN_POINT ( 'NONE',  ( 0.3928014512908295508, 0.1020939480628583751, -0.03297244119349732744 ) ) ;
#5796 = PRESENTATION_STYLE_ASSIGNMENT (( #2888 ) ) ;
#5797 = VECTOR ( 'NONE', #6018, 39.37007874015748143 ) ;
#5798 = SURFACE_STYLE_USAGE ( .BOTH. , #11194 ) ;
#5799 = VERTEX_POINT ( 'NONE', #11478 ) ;
#5800 = DIRECTION ( 'NONE',  ( 6.059249513075213418E-12, -1.655655939024010114E-12, 1.000000000000000000 ) ) ;
#5801 = VECTOR ( 'NONE', #9998, 39.37007874015748143 ) ;
#5802 = VERTEX_POINT ( 'NONE', #10635 ) ;
#5803 = VERTEX_POINT ( 'NONE', #6148 ) ;
#5804 = ORIENTED_EDGE ( 'NONE', *, *, #11315, .T. ) ;
#5805 = DIRECTION ( 'NONE',  ( 1.748601263784621946E-15, 0.0000000000000000000, -1.000000000000000000 ) ) ;
#5806 = CARTESIAN_POINT ( 'NONE',  ( 0.5037097929783027617, -0.008688119764421379718, -0.2878937010362589977 ) ) ;
#5807 = VERTEX_POINT ( 'NONE', #552 ) ;
#5808 = PLANE ( 'NONE',  #4227 ) ;
#5809 = PRESENTATION_LAYER_ASSIGNMENT (  '', '', ( #4246 ) ) ;
#5810 =( LENGTH_UNIT ( ) NAMED_UNIT ( * ) SI_UNIT ( $, .METRE. ) );
#5811 =( GEOMETRIC_REPRESENTATION_CONTEXT ( 3 ) GLOBAL_UNCERTAINTY_ASSIGNED_CONTEXT ( ( #10016 ) ) GLOBAL_UNIT_ASSIGNED_CONTEXT ( ( #226, #4805, #7595 ) ) REPRESENTATION_CONTEXT ( 'NONE', 'WORKASPACE' ) );
#5812 = FILL_AREA_STYLE ('',( #2120 ) ) ;
#5813 = DIRECTION ( 'NONE',  ( 0.1045284632676983655, 0.9945218953682685159, 1.827786029713617844E-16 ) ) ;
#5814 = EDGE_LOOP ( 'NONE', ( #6231, #5839, #10013, #4333, #1379, #2757, #4421, #10852 ) ) ;
#5815 = DIRECTION ( 'NONE',  ( 3.222191032513196544E-10, 0.0000000000000000000, 1.000000000000000000 ) ) ;
#5816 = EDGE_CURVE ( 'NONE', #1332, #6242, #480, .T. ) ;
#5817 = VERTEX_POINT ( 'NONE', #9818 ) ;
#5818 =( GEOMETRIC_REPRESENTATION_CONTEXT ( 3 ) GLOBAL_UNCERTAINTY_ASSIGNED_CONTEXT ( ( #187 ) ) GLOBAL_UNIT_ASSIGNED_CONTEXT ( ( #3495, #8235, #9215 ) ) REPRESENTATION_CONTEXT ( 'NONE', 'WORKASPACE' ) );
#5819 = PRESENTATION_STYLE_ASSIGNMENT (( #3037 ) ) ;
#5820 = ORIENTED_EDGE ( 'NONE', *, *, #5204, .F. ) ;
#5821 = DIRECTION ( 'NONE',  ( -1.712519015484303964E-10, -1.000000000000000000, 0.0000000000000000000 ) ) ;
#5822 =( LENGTH_UNIT ( ) NAMED_UNIT ( * ) SI_UNIT ( $, .METRE. ) );
#5823 = CARTESIAN_POINT ( 'NONE',  ( 0.2514430687595305969, 0.04500733388959481107, -0.1373012207214504010 ) ) ;
#5824 = PRESENTATION_STYLE_ASSIGNMENT (( #1486 ) ) ;
#5825 = DIRECTION ( 'NONE',  ( -0.1045284632676950626, 0.9945218953682689600, -8.607386130680116915E-13 ) ) ;
#5826 = LINE ( 'NONE', #2304, #9496 ) ;
#5827 =( GEOMETRIC_REPRESENTATION_CONTEXT ( 3 ) GLOBAL_UNCERTAINTY_ASSIGNED_CONTEXT ( ( #1653 ) ) GLOBAL_UNIT_ASSIGNED_CONTEXT ( ( #305, #5679, #1203 ) ) REPRESENTATION_CONTEXT ( 'NONE', 'WORKASPACE' ) );
#5828 = ORIENTED_EDGE ( 'NONE', *, *, #9807, .T. ) ;
#5829 = EDGE_CURVE ( 'NONE', #8719, #5438, #2329, .T. ) ;
#5830 = PLANE ( 'NONE',  #5533 ) ;
#5831 =( LENGTH_UNIT ( ) NAMED_UNIT ( * ) SI_UNIT ( $, .METRE. ) );
#5832 = DIRECTION ( 'NONE',  ( 0.0000000000000000000, 1.000000000000000000, 0.0000000000000000000 ) ) ;
#5833 = SURFACE_STYLE_USAGE ( .BOTH. , #9439 ) ;
#5834 = FILL_AREA_STYLE ('',( #4531 ) ) ;
#5835 = CARTESIAN_POINT ( 'NONE',  ( 0.1585494827869413093, -0.03570132752772790796, -0.2477362207218442858 ) ) ;
#5836 = VECTOR ( 'NONE', #11324, 39.37007874015748143 ) ;
#5837 = EDGE_CURVE ( 'NONE', #8861, #639, #1507, .T. ) ;
#5838 = CARTESIAN_POINT ( 'NONE',  ( 0.2313841284533489917, 0.03516481421632714627, -0.3197218416809252672 ) ) ;
#5839 = ORIENTED_EDGE ( 'NONE', *, *, #10646, .F. ) ;
#5840 = SURFACE_SIDE_STYLE ('',( #7856 ) ) ;
#5841 = CARTESIAN_POINT ( 'NONE',  ( 0.3928014512908303835, 0.1020939480628583335, -0.2821850396188911869 ) ) ;
#5842 = ORIENTED_EDGE ( 'NONE', *, *, #3045, .F. ) ;
#5843 = STYLED_ITEM ( 'NONE', ( #8206 ), #9680 ) ;
#5844 = CARTESIAN_POINT ( 'NONE',  ( 0.4645093253070504136, -0.001399555874145671022, -0.4075787404069421416 ) ) ;
#5845 = EDGE_CURVE ( 'NONE', #10074, #1596, #3240, .T. ) ;
#5846 = UNCERTAINTY_MEASURE_WITH_UNIT (LENGTH_MEASURE( 1.000000000000000082E-05 ), #7942, 'distance_accuracy_value', 'NONE');
#5847 = PLANE ( 'NONE',  #2033 ) ;
#5848 = ORIENTED_EDGE ( 'NONE', *, *, #6735, .T. ) ;
#5849 = CARTESIAN_POINT ( 'NONE',  ( 0.5061831144100219504, -0.02488414520016214715, -0.06742126009135666898 ) ) ;
#5850 = VECTOR ( 'NONE', #410, 39.37007874015748143 ) ;
#5851 = VERTEX_POINT ( 'NONE', #8827 ) ;
#5852 = ORIENTED_EDGE ( 'NONE', *, *, #5304, .F. ) ;
#5853 = CARTESIAN_POINT ( 'NONE',  ( 0.1913399854045309545, -0.02169457574273152972, -0.1474489496873419014 ) ) ;
#5854 = FACE_OUTER_BOUND ( 'NONE', #9352, .T. ) ;
#5855 = ORIENTED_EDGE ( 'NONE', *, *, #2650, .T. ) ;
#5856 = FACE_OUTER_BOUND ( 'NONE', #9233, .T. ) ;
#5857 = DIRECTION ( 'NONE',  ( -0.5730959463344974525, 0.8184658334308990701, 0.04092329167149891256 ) ) ;
#5858 = ADVANCED_FACE ( 'NONE', ( #7065 ), #10762, .F. ) ;
#5859 = VECTOR ( 'NONE', #7152, 39.37007874015748143 ) ;
#5860 = AXIS2_PLACEMENT_3D ( 'NONE', #10435, #2122, #3913 ) ;
#5861 = APPLICATION_CONTEXT ( 'automotive_design' ) ;
#5862 = DIRECTION ( 'NONE',  ( -1.644517855226008195E-15, -1.000000000000000000, -2.890435660536364269E-30 ) ) ;
#5863 = ORIENTED_EDGE ( 'NONE', *, *, #2454, .F. ) ;
#5864 = DIRECTION ( 'NONE',  ( 4.118119432544784945E-12, -6.769445330773128887E-27, -1.000000000000000000 ) ) ;
#5865 = VECTOR ( 'NONE', #10237, 39.37007874015748143 ) ;
#5866 = VERTEX_POINT ( 'NONE', #5246 ) ;
#5867 = DIRECTION ( 'NONE',  ( 1.750032549430448036E-10, -1.000000000000000000, 3.060108979301698982E-25 ) ) ;
#5868 = EDGE_LOOP ( 'NONE', ( #5649, #3222, #5820, #801 ) ) ;
#5869 = CARTESIAN_POINT ( 'NONE',  ( 0.2077620812121383220, 0.04500733388959485964, -0.2878937010368048388 ) ) ;
#5870 = AXIS2_PLACEMENT_3D ( 'NONE', #7544, #1986, #7671 ) ;
#5871 = DIRECTION ( 'NONE',  ( -1.000000000000000000, 1.644517855226007801E-15, -1.778650912061784734E-12 ) ) ;
#5872 = PLANE ( 'NONE',  #3622 ) ;
#5873 = CIRCLE ( 'NONE', #11690, 0.007874015748031508097 ) ;
#5874 =( NAMED_UNIT ( * ) SI_UNIT ( $, .STERADIAN. ) SOLID_ANGLE_UNIT ( ) );
#5875 = VECTOR ( 'NONE', #10979, 39.37007874015748143 ) ;
#5876 = COLOUR_RGB ( '',1.000000000000000000, 1.000000000000000000, 1.000000000000000000 ) ;
#5877 = ADVANCED_FACE ( 'NONE', ( #9747 ), #8947, .F. ) ;
#5878 = VECTOR ( 'NONE', #11830, 39.37007874015748854 ) ;
#5879 = UNCERTAINTY_MEASURE_WITH_UNIT (LENGTH_MEASURE( 1.000000000000000082E-05 ), #1491, 'distance_accuracy_value', 'NONE');
#5880 = CARTESIAN_POINT ( 'NONE',  ( 0.2006796306912802530, -0.02488414520016165102, -0.04773622072184417059 ) ) ;
#5881 = ORIENTED_EDGE ( 'NONE', *, *, #6589, .T. ) ;
#5882 = CIRCLE ( 'NONE', #2807, 0.007874015748031494219 ) ;
#5883 = ORIENTED_EDGE ( 'NONE', *, *, #677, .T. ) ;
#5884 =( CONVERSION_BASED_UNIT ( 'INCH', #223 ) LENGTH_UNIT ( ) NAMED_UNIT ( #3942 ) );
#5885 =( GEOMETRIC_REPRESENTATION_CONTEXT ( 3 ) GLOBAL_UNCERTAINTY_ASSIGNED_CONTEXT ( ( #432 ) ) GLOBAL_UNIT_ASSIGNED_CONTEXT ( ( #7975, #7066, #10940 ) ) REPRESENTATION_CONTEXT ( 'NONE', 'WORKASPACE' ) );
#5886 = PRESENTATION_LAYER_ASSIGNMENT (  '', '', ( #6479 ) ) ;
#5887 =( NAMED_UNIT ( * ) PLANE_ANGLE_UNIT ( ) SI_UNIT ( $, .RADIAN. ) );
#5888 =( LENGTH_UNIT ( ) NAMED_UNIT ( * ) SI_UNIT ( $, .METRE. ) );
#5889 = DIRECTION ( 'NONE',  ( -1.644517855226008195E-15, -1.000000000000000000, -2.890435660536364269E-30 ) ) ;
#5890 = DIRECTION ( 'NONE',  ( 1.748601263784621946E-15, 0.0000000000000000000, -1.000000000000000000 ) ) ;
#5891 = EDGE_CURVE ( 'NONE', #2599, #4037, #6882, .T. ) ;
#5892 = AXIS2_PLACEMENT_3D ( 'NONE', #5844, #3188, #2333 ) ;
#5893 = CARTESIAN_POINT ( 'NONE',  ( 0.1910850544201975476, -0.02219340420294459854, -0.2675417980482702740 ) ) ;
#5894 = AXIS2_PLACEMENT_3D ( 'NONE', #11074, #2769, #9212 ) ;
#5895 = VECTOR ( 'NONE', #1813, 39.37007874015748143 ) ;
#5896 = CARTESIAN_POINT ( 'NONE',  ( 0.2514430687598455672, 0.03516481420455543766, -0.1313957089104267617 ) ) ;
#5897 = EDGE_LOOP ( 'NONE', ( #9954, #6593, #5625, #10179, #6952, #2954, #9174, #184 ) ) ;
#5898 = FACE_OUTER_BOUND ( 'NONE', #3284, .T. ) ;
#5899 = LINE ( 'NONE', #1319, #1947 ) ;
#5900 = LINE ( 'NONE', #5050, #1287 ) ;
#5901 = DIRECTION ( 'NONE',  ( 0.9578264256925002051, -0.2873474173281004851, 1.626303258728250340E-15 ) ) ;
#5902 = LENGTH_MEASURE_WITH_UNIT ( LENGTH_MEASURE( 0.02539999999999999897 ), #6758 );
#5903 = CARTESIAN_POINT ( 'NONE',  ( 0.2372226159726404382, 0.04500733388959485270, -0.02726377977696224642 ) ) ;
#5904 = EDGE_CURVE ( 'NONE', #5014, #916, #5900, .T. ) ;
#5905 = VERTEX_POINT ( 'NONE', #424 ) ;
#5906 = ADVANCED_FACE ( 'NONE', ( #4133 ), #1439, .F. ) ;
#5907 = DIRECTION ( 'NONE',  ( 1.582776894139444281E-15, 0.0000000000000000000, -1.000000000000000000 ) ) ;
#5908 = DIRECTION ( 'NONE',  ( -1.000000000000000000, 1.734723475977064460E-15, 1.503638049432454012E-14 ) ) ;
#5909 = CYLINDRICAL_SURFACE ( 'NONE', #9589, 0.007874015748031495954 ) ;
#5910 = VERTEX_POINT ( 'NONE', #4197 ) ;
#5911 = VERTEX_POINT ( 'NONE', #7909 ) ;
#5912 = LINE ( 'NONE', #5193, #10260 ) ;
#5913 = ORIENTED_EDGE ( 'NONE', *, *, #5098, .T. ) ;
#5914 = EDGE_CURVE ( 'NONE', #8837, #3086, #9256, .T. ) ;
#5915 = CARTESIAN_POINT ( 'NONE',  ( 0.1920236922317871409, -0.01990283707880517727, -0.1466487461739639786 ) ) ;
#5916 = CARTESIAN_POINT ( 'NONE',  ( 0.2031529521231691948, -0.008688119764420866240, -0.1272637797769623214 ) ) ;
#5917 = DIRECTION ( 'NONE',  ( -1.644517855226008195E-15, -1.000000000000000000, 0.0000000000000000000 ) ) ;
#5918 = EDGE_CURVE ( 'NONE', #11629, #9049, #9133, .T. ) ;
#5919 = ORIENTED_EDGE ( 'NONE', *, *, #545, .T. ) ;
#5920 = LINE ( 'NONE', #389, #10655 ) ;
#5921 = DIRECTION ( 'NONE',  ( -1.644517855226008195E-15, -1.000000000000000000, -2.890435660536364269E-30 ) ) ;
#5922 =( NAMED_UNIT ( * ) SI_UNIT ( $, .STERADIAN. ) SOLID_ANGLE_UNIT ( ) );
#5923 = LINE ( 'NONE', #8778, #5688 ) ;
#5924 = ORIENTED_EDGE ( 'NONE', *, *, #2399, .F. ) ;
#5925 = DIRECTION ( 'NONE',  ( 1.748601263784621946E-15, 0.0000000000000000000, -1.000000000000000000 ) ) ;
#5926 = ORIENTED_EDGE ( 'NONE', *, *, #4365, .T. ) ;
#5927 =( NAMED_UNIT ( * ) PLANE_ANGLE_UNIT ( ) SI_UNIT ( $, .RADIAN. ) );
#5928 = VERTEX_POINT ( 'NONE', #7307 ) ;
#5929 = EDGE_CURVE ( 'NONE', #2070, #10647, #10996, .T. ) ;
#5930 = DIRECTION ( 'NONE',  ( -5.673991369337035284E-10, 0.0000000000000000000, 1.000000000000000000 ) ) ;
#5931 = LINE ( 'NONE', #8727, #3990 ) ;
#5932 = ORIENTED_EDGE ( 'NONE', *, *, #4126, .F. ) ;
#5933 = DIRECTION ( 'NONE',  ( -1.748601263784621748E-15, 0.0000000000000000000, 1.000000000000000000 ) ) ;
#5934 = DIRECTION ( 'NONE',  ( -0.05226423163383189796, -0.4972609476841246545, -0.8660254037844452579 ) ) ;
#5935 = FACE_OUTER_BOUND ( 'NONE', #8360, .T. ) ;
#5936 = VECTOR ( 'NONE', #2185, 39.37007874015748143 ) ;
#5937 = VECTOR ( 'NONE', #2984, 39.37007874015748143 ) ;
#5938 = VERTEX_POINT ( 'NONE', #6387 ) ;
#5939 = VERTEX_POINT ( 'NONE', #4508 ) ;
#5940 =( CONVERSION_BASED_UNIT ( 'INCH', #7840 ) LENGTH_UNIT ( ) NAMED_UNIT ( #7371 ) );
#5941 = ADVANCED_FACE ( 'NONE', ( #11916 ), #2699, .F. ) ;
#5942 = CARTESIAN_POINT ( 'NONE',  ( 0.2443412753455931341, 0.03516481420455546542, -0.03177255961436381559 ) ) ;
#5943 = DIRECTION ( 'NONE',  ( -0.9945218953682686269, 0.1045284632676983516, -1.739022243102431967E-15 ) ) ;
#5944 = PLANE ( 'NONE',  #1004 ) ;
#5945 = FILL_AREA_STYLE_COLOUR ( '', #1512 ) ;
#5946 = DIRECTION ( 'NONE',  ( -0.9945218953682686269, 0.1045284632676983516, -1.739022243102431967E-15 ) ) ;
#5947 = VECTOR ( 'NONE', #10270, 39.37007874015748143 ) ;
#5948 = SURFACE_SIDE_STYLE ('',( #8031 ) ) ;
#5949 = DIRECTION ( 'NONE',  ( -1.000000000000000000, 1.644517855226007801E-15, -4.118119432544784945E-12 ) ) ;
#5950 = AXIS2_PLACEMENT_3D ( 'NONE', #7214, #10968, #2673 ) ;
#5951 = ORIENTED_EDGE ( 'NONE', *, *, #1862, .T. ) ;
#5952 = CARTESIAN_POINT ( 'NONE',  ( 0.2148518768365318687, 0.02729079845652397987, -0.2272637797769622714 ) ) ;
#5953 = EDGE_CURVE ( 'NONE', #8454, #6091, #2759, .T. ) ;
#5954 = EDGE_CURVE ( 'NONE', #2210, #8773, #3609, .T. ) ;
#5955 = CARTESIAN_POINT ( 'NONE',  ( 0.2506952668935070183, 0.04500733388959481107, -0.1778562600915291614 ) ) ;
#5956 = CARTESIAN_POINT ( 'NONE',  ( 0.5134983943106649074, -0.007659296307098548313, -0.2878937010361783400 ) ) ;
#5957 = LINE ( 'NONE', #3180, #3401 ) ;
#5958 =( NAMED_UNIT ( * ) SI_UNIT ( $, .STERADIAN. ) SOLID_ANGLE_UNIT ( ) );
#5959 = EDGE_CURVE ( 'NONE', #8603, #5377, #54, .T. ) ;
#5960 = FACE_OUTER_BOUND ( 'NONE', #2732, .T. ) ;
#5961 = EDGE_LOOP ( 'NONE', ( #719, #1867, #3150, #7759, #704, #9585, #5133, #2499 ) ) ;
#5962 = CARTESIAN_POINT ( 'NONE',  ( 0.5225010356768849951, -0.01798479209465760759, -0.1477362207211436185 ) ) ;
#5963 = PRESENTATION_LAYER_ASSIGNMENT (  '', '', ( #11204 ) ) ;
#5964 =( LENGTH_UNIT ( ) NAMED_UNIT ( * ) SI_UNIT ( $, .METRE. ) );
#5965 = UNCERTAINTY_MEASURE_WITH_UNIT (LENGTH_MEASURE( 1.000000000000000082E-05 ), #9469, 'distance_accuracy_value', 'NONE');
#5966 = ORIENTED_EDGE ( 'NONE', *, *, #907, .T. ) ;
#5967 = ADVANCED_FACE ( 'NONE', ( #2519 ), #9996, .T. ) ;
#5968 = ORIENTED_EDGE ( 'NONE', *, *, #5365, .T. ) ;
#5969 = MECHANICAL_DESIGN_GEOMETRIC_PRESENTATION_REPRESENTATION (  '', ( #10070 ), #10451 ) ;
#5970 = DIRECTION ( 'NONE',  ( -0.4273849608878791395, 7.028421992351837687E-16, 0.9040697402340519551 ) ) ;
#5971 = CARTESIAN_POINT ( 'NONE',  ( 0.3496518449916173887, 0.1021333181416025221, -0.1791535435558992695 ) ) ;
#5972 = VERTEX_POINT ( 'NONE', #1626 ) ;
#5973 = ORIENTED_EDGE ( 'NONE', *, *, #11239, .T. ) ;
#5974 = CARTESIAN_POINT ( 'NONE',  ( 0.1909719846748597349, -0.02226315452805394807, -0.1475736221702392548 ) ) ;
#5975 = FILL_AREA_STYLE_COLOUR ( '', #2695 ) ;
#5976 = COLOUR_RGB ( '',0.7607843137254901578, 0.7607843137254901578, 0.0000000000000000000 ) ;
#5977 = LINE ( 'NONE', #10834, #11872 ) ;
#5978 = ORIENTED_EDGE ( 'NONE', *, *, #6628, .F. ) ;
#5979 = DIRECTION ( 'NONE',  ( -1.000000000000000000, 0.0000000000000000000, 1.503638049432454012E-14 ) ) ;
#5980 = CARTESIAN_POINT ( 'NONE',  ( 0.4554196763377191814, 0.04500733388959449188, -0.07785626009188305330 ) ) ;
#5981 = CARTESIAN_POINT ( 'NONE',  ( 0.5135310619964221779, -0.02413076081869617792, -0.2477362207212174539 ) ) ;
#5982 = CARTESIAN_POINT ( 'NONE',  ( 0.3928014512908303835, 0.1020939480628583335, -0.2821850396188911869 ) ) ;
#5983 = MECHANICAL_DESIGN_GEOMETRIC_PRESENTATION_REPRESENTATION (  '', ( #6961 ), #8507 ) ;
#5984 = LINE ( 'NONE', #1404, #5090 ) ;
#5985 = ORIENTED_EDGE ( 'NONE', *, *, #11528, .F. ) ;
#5986 = FILL_AREA_STYLE_COLOUR ( '', #8394 ) ;
#5987 = EDGE_CURVE ( 'NONE', #621, #7503, #5308, .T. ) ;
#5988 = VERTEX_POINT ( 'NONE', #8096 ) ;
#5989 = DIRECTION ( 'NONE',  ( -0.1045284632676950626, 0.9945218953682689600, -8.607386130680116915E-13 ) ) ;
#5990 = ORIENTED_EDGE ( 'NONE', *, *, #10673, .F. ) ;
#5991 = SURFACE_STYLE_FILL_AREA ( #5147 ) ;
#5992 = CARTESIAN_POINT ( 'NONE',  ( 0.4561674782085069491, 0.04500733388959446413, -0.1373012207222373826 ) ) ;
#5993 = CARTESIAN_POINT ( 'NONE',  ( 0.2514430687602003389, 0.03516481420455542378, -0.2778562600915291947 ) ) ;
#5994 = AXIS2_PLACEMENT_3D ( 'NONE', #6007, #5889, #540 ) ;
#5995 = EDGE_LOOP ( 'NONE', ( #8551, #5689, #2012, #3606, #6354, #5973, #6684, #1895, #9404, #8409, #1363, #206, #5744, #11075, #8351, #7615, #4958, #3993 ) ) ;
#5996 = SURFACE_SIDE_STYLE ('',( #2303 ) ) ;
#5997 =( LENGTH_UNIT ( ) NAMED_UNIT ( * ) SI_UNIT ( $, .METRE. ) );
#5998 = CARTESIAN_POINT ( 'NONE',  ( 0.5144963000306228551, -0.01715373501898830380, -0.1713582679653039842 ) ) ;
#5999 = UNCERTAINTY_MEASURE_WITH_UNIT (LENGTH_MEASURE( 1.000000000000000082E-05 ), #3190, 'distance_accuracy_value', 'NONE');
#6000 = FILL_AREA_STYLE_COLOUR ( '', #4513 ) ;
#6001 = ADVANCED_FACE ( 'NONE', ( #7185 ), #2577, .F. ) ;
#6002 = VERTEX_POINT ( 'NONE', #5669 ) ;
#6003 = VERTEX_POINT ( 'NONE', #3776 ) ;
#6004 = DIRECTION ( 'NONE',  ( -0.09052430460425825443, 0.8612812260087766569, -0.5000000000007340795 ) ) ;
#6005 =( NAMED_UNIT ( * ) SI_UNIT ( $, .STERADIAN. ) SOLID_ANGLE_UNIT ( ) );
#6006 =( NAMED_UNIT ( * ) PLANE_ANGLE_UNIT ( ) SI_UNIT ( $, .RADIAN. ) );
#6007 = CARTESIAN_POINT ( 'NONE',  ( 0.4696401291285074442, 0.03516481420455506990, -0.2800196852885760146 ) ) ;
#6008 = CARTESIAN_POINT ( 'NONE',  ( 0.4578091021359874113, 0.003668751212429131620, -0.4075787404069421416 ) ) ;
#6009 = STYLED_ITEM ( 'NONE', ( #5819 ), #3230 ) ;
#6010 = COLOUR_RGB ( '',0.7607843137254901578, 0.7607843137254901578, 0.0000000000000000000 ) ;
#6011 = ORIENTED_EDGE ( 'NONE', *, *, #5458, .T. ) ;
#6012 = CARTESIAN_POINT ( 'NONE',  ( 0.4920108682649401710, 0.04500733388959441555, -0.1878937010363552484 ) ) ;
#6013 = VECTOR ( 'NONE', #1479, 39.37007874015748143 ) ;
#6014 = ORIENTED_EDGE ( 'NONE', *, *, #10718, .T. ) ;
#6015 = CARTESIAN_POINT ( 'NONE',  ( 0.4536010832257904579, 0.03516481420455510459, -0.1781432499594027830 ) ) ;
#6016 = DIRECTION ( 'NONE',  ( 1.285586259847828171E-12, 2.654901211753999955E-11, -1.000000000000000000 ) ) ;
#6017 = CARTESIAN_POINT ( 'NONE',  ( 0.4754786166447405593, 0.03516481420455505602, -0.2272637797766489109 ) ) ;
#6018 = DIRECTION ( 'NONE',  ( -8.105384419199200945E-12, -1.000000000000000000, -1.460875864723001212E-11 ) ) ;
#6019 = DIMENSIONAL_EXPONENTS ( 1.000000000000000000, 0.0000000000000000000, 0.0000000000000000000, 0.0000000000000000000, 0.0000000000000000000, 0.0000000000000000000, 0.0000000000000000000 ) ;
#6020 = ORIENTED_EDGE ( 'NONE', *, *, #2032, .F. ) ;
#6021 = CARTESIAN_POINT ( 'NONE',  ( 0.2031529521231691948, -0.008688119764420866240, -0.1272637797769623214 ) ) ;
#6022 = EDGE_CURVE ( 'NONE', #1199, #7982, #11125, .T. ) ;
#6023 = PRESENTATION_STYLE_ASSIGNMENT (( #4940 ) ) ;
#6024 = ORIENTED_EDGE ( 'NONE', *, *, #892, .F. ) ;
#6025 = PRESENTATION_STYLE_ASSIGNMENT (( #11492 ) ) ;
#6026 = ORIENTED_EDGE ( 'NONE', *, *, #42, .T. ) ;
#6027 = LINE ( 'NONE', #8704, #407 ) ;
#6028 = FACE_OUTER_BOUND ( 'NONE', #8709, .T. ) ;
#6029 = VERTEX_POINT ( 'NONE', #356 ) ;
#6030 =( NAMED_UNIT ( * ) SI_UNIT ( $, .STERADIAN. ) SOLID_ANGLE_UNIT ( ) );
#6031 = LINE ( 'NONE', #4212, #7727 ) ;
#6032 = VERTEX_POINT ( 'NONE', #7426 ) ;
#6033 = CARTESIAN_POINT ( 'NONE',  ( 0.1933643507908066883, -0.007659296307097984528, -0.08789370103680482771 ) ) ;
#6034 = FILL_AREA_STYLE ('',( #8594 ) ) ;
#6035 = CARTESIAN_POINT ( 'NONE',  ( 0.5483132623142003004, -0.03570132752772853940, -0.2477362207209310163 ) ) ;
#6036 = EDGE_CURVE ( 'NONE', #10345, #8831, #2824, .T. ) ;
#6037 = DIRECTION ( 'NONE',  ( 1.927470528863118556E-15, 1.000000000000000000, 0.0000000000000000000 ) ) ;
#6038 = DIRECTION ( 'NONE',  ( -1.703894664301477426E-11, 1.000000000000000000, -2.629008122389297879E-13 ) ) ;
#6039 =( GEOMETRIC_REPRESENTATION_CONTEXT ( 3 ) GLOBAL_UNCERTAINTY_ASSIGNED_CONTEXT ( ( #3099 ) ) GLOBAL_UNIT_ASSIGNED_CONTEXT ( ( #3263, #9836, #7932 ) ) REPRESENTATION_CONTEXT ( 'NONE', 'WORKASPACE' ) );
#6040 = ORIENTED_EDGE ( 'NONE', *, *, #11267, .T. ) ;
#6041 =( CONVERSION_BASED_UNIT ( 'INCH', #4353 ) LENGTH_UNIT ( ) NAMED_UNIT ( #5091 ) );
#6042 = ORIENTED_EDGE ( 'NONE', *, *, #8508, .F. ) ;
#6043 = DIRECTION ( 'NONE',  ( -0.9945218953682689600, -0.1045284632676950626, -8.189380864547703863E-12 ) ) ;
#6044 = VERTEX_POINT ( 'NONE', #10402 ) ;
#6045 =( GEOMETRIC_REPRESENTATION_CONTEXT ( 3 ) GLOBAL_UNCERTAINTY_ASSIGNED_CONTEXT ( ( #1383 ) ) GLOBAL_UNIT_ASSIGNED_CONTEXT ( ( #7804, #11501, #4276 ) ) REPRESENTATION_CONTEXT ( 'NONE', 'WORKASPACE' ) );
#6046 = CARTESIAN_POINT ( 'NONE',  ( 0.4554196763394129377, 0.03516481420455509072, -0.2778562600918830783 ) ) ;
#6047 = CARTESIAN_POINT ( 'NONE',  ( 0.3140612938105271645, 0.1021333181416025637, -0.2329724411934975259 ) ) ;
#6048 = DIRECTION ( 'NONE',  ( 0.09052430460833847670, 0.8612812260087805427, 0.4999999999999888978 ) ) ;
#6049 = VECTOR ( 'NONE', #11471, 39.37007874015748143 ) ;
#6050 = VERTEX_POINT ( 'NONE', #9495 ) ;
#6051 = FACE_OUTER_BOUND ( 'NONE', #9825, .T. ) ;
#6052 =( GEOMETRIC_REPRESENTATION_CONTEXT ( 3 ) GLOBAL_UNCERTAINTY_ASSIGNED_CONTEXT ( ( #9665 ) ) GLOBAL_UNIT_ASSIGNED_CONTEXT ( ( #11891, #3694, #11035 ) ) REPRESENTATION_CONTEXT ( 'NONE', 'WORKASPACE' ) );
#6053 = CARTESIAN_POINT ( 'NONE',  ( 0.2532616618757510540, 0.04500733388959481107, -0.1370142308537339038 ) ) ;
#6054 = EDGE_CURVE ( 'NONE', #6828, #1519, #2934, .T. ) ;
#6055 = AXIS2_PLACEMENT_3D ( 'NONE', #9816, #4131, #6933 ) ;
#6056 = EDGE_CURVE ( 'NONE', #4428, #929, #4757, .T. ) ;
#6057 = SURFACE_SIDE_STYLE ('',( #11582 ) ) ;
#6058 = MECHANICAL_DESIGN_GEOMETRIC_PRESENTATION_REPRESENTATION (  '', ( #2385 ), #10150 ) ;
#6059 = VERTEX_POINT ( 'NONE', #4857 ) ;
#6060 = COLOUR_RGB ( '',0.7607843137254901578, 0.7607843137254901578, 0.0000000000000000000 ) ;
#6061 = STYLED_ITEM ( 'NONE', ( #5709 ), #10129 ) ;
#6062 = ORIENTED_EDGE ( 'NONE', *, *, #4144, .T. ) ;
#6063 = CARTESIAN_POINT ( 'NONE',  ( 0.4615064727377191645, 0.03516481420455510459, -0.08123784496912722641 ) ) ;
#6064 = MECHANICAL_DESIGN_GEOMETRIC_PRESENTATION_REPRESENTATION (  '', ( #5706 ), #11506 ) ;
#6065 = CARTESIAN_POINT ( 'NONE',  ( 0.4754786166452389939, 0.03516481420455509072, -0.08789370103649142563 ) ) ;
#6066 = CARTESIAN_POINT ( 'NONE',  ( 0.1913399854045305659, -0.02169457574273151237, -0.04744894968734190283 ) ) ;
#6067 = CARTESIAN_POINT ( 'NONE',  ( 0.2514430687598459557, 0.04500733388959479025, -0.2313957089104267950 ) ) ;
#6068 = DIRECTION ( 'NONE',  ( -0.6691306063588773334, 0.7431448254773770357, -1.927470528863118161E-15 ) ) ;
#6069 = AXIS2_PLACEMENT_3D ( 'NONE', #6435, #10152, #44 ) ;
#6070 = MECHANICAL_DESIGN_GEOMETRIC_PRESENTATION_REPRESENTATION (  '', ( #5508 ), #8028 ) ;
#6071 = CIRCLE ( 'NONE', #8787, 0.007874015748031492484 ) ;
#6072 = VECTOR ( 'NONE', #1036, 39.37007874015748143 ) ;
#6073 = SURFACE_STYLE_USAGE ( .BOTH. , #5948 ) ;
#6074 = VECTOR ( 'NONE', #2022, 39.37007874015748143 ) ;
#6075 = CIRCLE ( 'NONE', #4729, 0.007874015748031482076 ) ;
#6076 = ORIENTED_EDGE ( 'NONE', *, *, #6518, .F. ) ;
#6077 = FACE_OUTER_BOUND ( 'NONE', #6844, .T. ) ;
#6078 = VECTOR ( 'NONE', #6169, 39.37007874015748143 ) ;
#6079 = ORIENTED_EDGE ( 'NONE', *, *, #3142, .T. ) ;
#6080 =( NAMED_UNIT ( * ) SI_UNIT ( $, .STERADIAN. ) SOLID_ANGLE_UNIT ( ) );
#6081 = FILL_AREA_STYLE ('',( #5047 ) ) ;
#6082 = LINE ( 'NONE', #5306, #4924 ) ;
#6083 = CARTESIAN_POINT ( 'NONE',  ( 0.1933643507908074377, -0.007659296307098018355, -0.2272637797769623269 ) ) ;
#6084 = DIRECTION ( 'NONE',  ( -0.8191520442890951603, 0.5735764363508986108, -1.432370299875668212E-15 ) ) ;
#6085 = DIRECTION ( 'NONE',  ( -1.748601263784622143E-15, 0.0000000000000000000, 1.000000000000000000 ) ) ;
#6086 = EDGE_CURVE ( 'NONE', #10246, #1753, #8447, .T. ) ;
#6087 = VECTOR ( 'NONE', #8638, 39.37007874015748143 ) ;
#6088 = CARTESIAN_POINT ( 'NONE',  ( 0.5172050357898664297, -0.02375406862796468691, -0.2674212600912659332 ) ) ;
#6089 = COLOUR_RGB ( '',0.7607843137254901578, 0.7607843137254901578, 0.0000000000000000000 ) ;
#6090 = MECHANICAL_DESIGN_GEOMETRIC_PRESENTATION_REPRESENTATION (  '', ( #11130 ), #5885 ) ;
#6091 = VERTEX_POINT ( 'NONE', #3829 ) ;
#6092 = STYLED_ITEM ( 'NONE', ( #2763 ), #4802 ) ;
#6093 = CARTESIAN_POINT ( 'NONE',  ( 0.2490536793001599802, 0.001406169398807438544, 0.001978705521462981610 ) ) ;
#6094 = UNCERTAINTY_MEASURE_WITH_UNIT (LENGTH_MEASURE( 1.000000000000000082E-05 ), #10965, 'distance_accuracy_value', 'NONE');
#6095 = AXIS2_PLACEMENT_3D ( 'NONE', #9254, #959, #11119 ) ;
#6096 = ORIENTED_EDGE ( 'NONE', *, *, #11334, .F. ) ;
#6097 = DIRECTION ( 'NONE',  ( -8.234490263801784106E-12, 1.353889066150678573E-26, 1.000000000000000000 ) ) ;
#6098 = VERTEX_POINT ( 'NONE', #10221 ) ;
#6099 = DIRECTION ( 'NONE',  ( -1.748601263784621748E-15, 0.0000000000000000000, 1.000000000000000000 ) ) ;
#6100 = CARTESIAN_POINT ( 'NONE',  ( 0.3496518449916174998, 0.1434325307400277083, -0.1360039372566866078 ) ) ;
#6101 = LINE ( 'NONE', #9831, #7314 ) ;
#6102 = EDGE_CURVE ( 'NONE', #5851, #9693, #227, .T. ) ;
#6103 = ORIENTED_EDGE ( 'NONE', *, *, #11489, .T. ) ;
#6104 = DIRECTION ( 'NONE',  ( 0.0000000000000000000, 0.0000000000000000000, 1.000000000000000000 ) ) ;
#6105 = CARTESIAN_POINT ( 'NONE',  ( 0.4615064727372470421, 0.04500733388959445719, -0.1339196358462531600 ) ) ;
#6106 = VERTEX_POINT ( 'NONE', #8555 ) ;
#6107 = FILL_AREA_STYLE_COLOUR ( '', #8560 ) ;
#6108 = DIRECTION ( 'NONE',  ( -1.000000000000000000, 1.644517855226007801E-15, 3.349940197328361899E-10 ) ) ;
#6109 = SURFACE_STYLE_FILL_AREA ( #11625 ) ;
#6110 = SURFACE_STYLE_FILL_AREA ( #11686 ) ;
#6111 = FACE_OUTER_BOUND ( 'NONE', #1511, .T. ) ;
#6112 = ORIENTED_EDGE ( 'NONE', *, *, #418, .F. ) ;
#6113 = CARTESIAN_POINT ( 'NONE',  ( 0.5146701546111716041, -0.01880785086055409075, -0.1693440471045037088 ) ) ;
#6114 = ORIENTED_EDGE ( 'NONE', *, *, #3593, .T. ) ;
#6115 = LENGTH_MEASURE_WITH_UNIT ( LENGTH_MEASURE( 0.02539999999999999897 ), #6906 );
#6116 = ORIENTED_EDGE ( 'NONE', *, *, #2188, .T. ) ;
#6117 = ADVANCED_FACE ( 'NONE', ( #11234 ), #5605, .F. ) ;
#6118 = ADVANCED_FACE ( 'NONE', ( #3165 ), #9736, .T. ) ;
#6119 = CARTESIAN_POINT ( 'NONE',  ( 0.2924077505034279323, 0.1060309559368545901, -0.03277559079979674994 ) ) ;
#6120 = CARTESIAN_POINT ( 'NONE',  ( 0.4754786166454750829, 0.03516481420467319763, -0.08789370103648942723 ) ) ;
#6121 = ORIENTED_EDGE ( 'NONE', *, *, #7939, .F. ) ;
#6122 =( NAMED_UNIT ( * ) PLANE_ANGLE_UNIT ( ) SI_UNIT ( $, .RADIAN. ) );
#6123 = DIRECTION ( 'NONE',  ( 0.1045284632676983655, 0.9945218953682685159, 1.827786029713617844E-16 ) ) ;
#6124 = UNCERTAINTY_MEASURE_WITH_UNIT (LENGTH_MEASURE( 1.000000000000000082E-05 ), #7582, 'distance_accuracy_value', 'NONE');
#6125 = DIRECTION ( 'NONE',  ( -6.071532165918827355E-14, -0.2873478855663199605, -0.9578262852211589795 ) ) ;
#6126 = VERTEX_POINT ( 'NONE', #6985 ) ;
#6127 = VECTOR ( 'NONE', #3998, 39.37007874015748143 ) ;
#6128 = ORIENTED_EDGE ( 'NONE', *, *, #10736, .F. ) ;
#6129 = SURFACE_STYLE_USAGE ( .BOTH. , #7041 ) ;
#6130 = EDGE_CURVE ( 'NONE', #6029, #6898, #9675, .T. ) ;
#6131 = PRESENTATION_LAYER_ASSIGNMENT (  '', '', ( #10784 ) ) ;
#6132 = DIRECTION ( 'NONE',  ( -1.650367342786774274E-12, 1.000000000000000000, -2.885819591645249798E-27 ) ) ;
#6133 = FILL_AREA_STYLE_COLOUR ( '', #10473 ) ;
#6134 = LINE ( 'NONE', #4243, #6127 ) ;
#6135 = ADVANCED_FACE ( 'NONE', ( #2261 ), #7722, .F. ) ;
#6136 = CARTESIAN_POINT ( 'NONE',  ( 0.5037097929783027617, -0.008688119764421379718, -0.2878937010362589977 ) ) ;
#6137 = DIRECTION ( 'NONE',  ( -1.000000000000000000, 1.626303258728259609E-15, -2.168404344971012812E-15 ) ) ;
#6138 = VERTEX_POINT ( 'NONE', #2375 ) ;
#6139 = EDGE_CURVE ( 'NONE', #11798, #4092, #541, .T. ) ;
#6140 = CIRCLE ( 'NONE', #5173, 0.007874015748031499423 ) ;
#6141 = EDGE_LOOP ( 'NONE', ( #6929, #641, #8970, #10160 ) ) ;
#6142 = SURFACE_SIDE_STYLE ('',( #5302 ) ) ;
#6143 = LINE ( 'NONE', #9128, #10292 ) ;
#6144 = EDGE_CURVE ( 'NONE', #5427, #7003, #3232, .T. ) ;
#6145 = DIRECTION ( 'NONE',  ( 0.9945218953682686269, -0.1045284632676983794, 1.739022243102431967E-15 ) ) ;
#6146 = AXIS2_PLACEMENT_3D ( 'NONE', #11463, #3162, #6869 ) ;
#6147 = DIRECTION ( 'NONE',  ( 8.234490263801784106E-12, -1.353889066150678860E-26, -1.000000000000000000 ) ) ;
#6148 = CARTESIAN_POINT ( 'NONE',  ( 0.3496518449916178328, 0.1434325307400276805, -0.2360039372566866411 ) ) ;
#6149 = DIRECTION ( 'NONE',  ( 1.750032549430448036E-10, -1.000000000000000000, 3.060108979301698982E-25 ) ) ;
#6150 = ORIENTED_EDGE ( 'NONE', *, *, #4272, .F. ) ;
#6151 = CARTESIAN_POINT ( 'NONE',  ( 0.2313841284563810663, 0.03516481420463420798, -0.1878937010362536630 ) ) ;
#6152 = ADVANCED_FACE ( 'NONE', ( #11407 ), #11537, .T. ) ;
#6153 = AXIS2_PLACEMENT_3D ( 'NONE', #3335, #3631, #11027 ) ;
#6154 = CARTESIAN_POINT ( 'NONE',  ( 0.4696401291264996058, 0.03516481420455506990, -0.2878937010365681948 ) ) ;
#6155 = EDGE_CURVE ( 'NONE', #4428, #4269, #2082, .T. ) ;
#6156 = ORIENTED_EDGE ( 'NONE', *, *, #789, .T. ) ;
#6157 = CARTESIAN_POINT ( 'NONE',  ( 0.2453562723634676590, 0.03516481420455544460, -0.1812378449687732651 ) ) ;
#6158 = ORIENTED_EDGE ( 'NONE', *, *, #4579, .T. ) ;
#6159 = CYLINDRICAL_SURFACE ( 'NONE', #3467, 0.005905511811027547645 ) ;
#6160 = CARTESIAN_POINT ( 'NONE',  ( 0.1585494827869405321, -0.03570132752772788021, -0.06742126009192302150 ) ) ;
#6161 = ORIENTED_EDGE ( 'NONE', *, *, #9714, .T. ) ;
#6162 = CARTESIAN_POINT ( 'NONE',  ( 0.3140612938105267204, 0.1020939480628584861, -0.1329724411934974648 ) ) ;
#6163 = CARTESIAN_POINT ( 'NONE',  ( 0.3142156862761680269, 0.1217789874329372468, 0.01210629896398272669 ) ) ;
#6164 = VECTOR ( 'NONE', #7007, 39.37007874015748143 ) ;
#6165 = CARTESIAN_POINT ( 'NONE',  ( 0.3928014512908303835, 0.1020939480628622609, -0.2821850396188912424 ) ) ;
#6166 = ORIENTED_EDGE ( 'NONE', *, *, #5708, .T. ) ;
#6167 = CARTESIAN_POINT ( 'NONE',  ( 0.4754786166451605012, 0.1217789874329369693, -0.2272637797762137590 ) ) ;
#6168 = DIRECTION ( 'NONE',  ( -1.000000000000000000, 1.644517855226007801E-15, -1.778650912156784690E-12 ) ) ;
#6169 = DIRECTION ( 'NONE',  ( -1.748601263784622143E-15, 0.0000000000000000000, 1.000000000000000000 ) ) ;
#6170 = FILL_AREA_STYLE_COLOUR ( '', #6855 ) ;
#6171 = DIRECTION ( 'NONE',  ( 1.644517855226008195E-15, 1.000000000000000000, 2.890435660536364269E-30 ) ) ;
#6172 = VECTOR ( 'NONE', #5435, 39.37007874015748854 ) ;
#6173 = ORIENTED_EDGE ( 'NONE', *, *, #11132, .F. ) ;
#6174 = CARTESIAN_POINT ( 'NONE',  ( 0.5172050357898659856, -0.02375406862796466609, -0.1674212600912659554 ) ) ;
#6175 = VERTEX_POINT ( 'NONE', #2446 ) ;
#6176 = ORIENTED_EDGE ( 'NONE', *, *, #7723, .F. ) ;
#6177 =( NAMED_UNIT ( * ) SI_UNIT ( $, .STERADIAN. ) SOLID_ANGLE_UNIT ( ) );
#6178 =( NAMED_UNIT ( * ) PLANE_ANGLE_UNIT ( ) SI_UNIT ( $, .RADIAN. ) );
#6179 = VERTEX_POINT ( 'NONE', #10506 ) ;
#6180 = DIRECTION ( 'NONE',  ( -8.234490263801784106E-12, 1.353889066150678860E-26, 1.000000000000000000 ) ) ;
#6181 =( CONVERSION_BASED_UNIT ( 'INCH', #4549 ) LENGTH_UNIT ( ) NAMED_UNIT ( #8063 ) );
#6182 = CARTESIAN_POINT ( 'NONE',  ( 0.2514430687594911840, 0.03516481420455543766, -0.1373012207214504010 ) ) ;
#6183 = AXIS2_PLACEMENT_3D ( 'NONE', #10689, #2387, #9817 ) ;
#6184 = EDGE_CURVE ( 'NONE', #10251, #5546, #4118, .T. ) ;
#6185 = LINE ( 'NONE', #1359, #1049 ) ;
#6186 = EDGE_LOOP ( 'NONE', ( #2860, #4555, #3638, #10674 ) ) ;
#6187 = DIMENSIONAL_EXPONENTS ( 1.000000000000000000, 0.0000000000000000000, 0.0000000000000000000, 0.0000000000000000000, 0.0000000000000000000, 0.0000000000000000000, 0.0000000000000000000 ) ;
#6188 = AXIS2_PLACEMENT_3D ( 'NONE', #7950, #1354, #11643 ) ;
#6189 = STYLED_ITEM ( 'NONE', ( #11852 ), #1504 ) ;
#6190 = VERTEX_POINT ( 'NONE', #10570 ) ;
#6191 = CARTESIAN_POINT ( 'NONE',  ( 0.2313841284562319078, 0.04500733388959485964, -0.02726377977696224642 ) ) ;
#6192 = LINE ( 'NONE', #9922, #10411 ) ;
#6193 = CARTESIAN_POINT ( 'NONE',  ( 0.4144549945979161820, 0.1060309559368543958, -0.08238189001259182964 ) ) ;
#6194 = DIRECTION ( 'NONE',  ( 1.644517855226008195E-15, 1.000000000000000000, 2.890435660536364269E-30 ) ) ;
#6195 = SURFACE_STYLE_FILL_AREA ( #10985 ) ;
#6196 = AXIS2_PLACEMENT_3D ( 'NONE', #1607, #5280, #1545 ) ;
#6197 = AXIS2_PLACEMENT_3D ( 'NONE', #7296, #6245, #725 ) ;
#6198 = EDGE_CURVE ( 'NONE', #10560, #8966, #6134, .T. ) ;
#6199 = ORIENTED_EDGE ( 'NONE', *, *, #6444, .F. ) ;
#6200 = PRODUCT_CONTEXT ( 'NONE', #731, 'mechanical' ) ;
#6201 = DIRECTION ( 'NONE',  ( -1.000000000000000000, 1.644517855226007801E-15, -8.234490263801784106E-12 ) ) ;
#6202 = CIRCLE ( 'NONE', #1011, 0.007874015748031482076 ) ;
#6203 = PRESENTATION_LAYER_ASSIGNMENT (  '', '', ( #4667 ) ) ;
#6204 = DIRECTION ( 'NONE',  ( -8.234490263801784106E-12, 1.353889066150678860E-26, 1.000000000000000000 ) ) ;
#6205 =( NAMED_UNIT ( * ) PLANE_ANGLE_UNIT ( ) SI_UNIT ( $, .RADIAN. ) );
#6206 = CARTESIAN_POINT ( 'NONE',  ( 0.2461244040472859718, 0.003668751212429472927, -0.005563233721056699485 ) ) ;
#6207 = CARTESIAN_POINT ( 'NONE',  ( 0.3928014512908295508, 0.1021333181416024943, -0.03600393725668726147 ) ) ;
#6208 = FILL_AREA_STYLE ('',( #4323 ) ) ;
#6209 = ORIENTED_EDGE ( 'NONE', *, *, #4851, .F. ) ;
#6210 = EDGE_CURVE ( 'NONE', #8927, #2109, #7681, .T. ) ;
#6211 = UNCERTAINTY_MEASURE_WITH_UNIT (LENGTH_MEASURE( 1.000000000000000082E-05 ), #3910, 'distance_accuracy_value', 'NONE');
#6212 = ADVANCED_FACE ( 'NONE', ( #9615 ), #1308, .T. ) ;
#6213 = ORIENTED_EDGE ( 'NONE', *, *, #4433, .F. ) ;
#6214 = PLANE ( 'NONE',  #11296 ) ;
#6215 = FILL_AREA_STYLE_COLOUR ( '', #11401 ) ;
#6216 = CYLINDRICAL_SURFACE ( 'NONE', #3194, 0.007874015748031495954 ) ;
#6217 = CARTESIAN_POINT ( 'NONE',  ( 0.5171395730376955324, -0.02375154730001932668, -0.2477362207211877554 ) ) ;
#6218 = CARTESIAN_POINT ( 'NONE',  ( 0.5096303506627011259, 0.02914268067976759705, -0.2272637797763677470 ) ) ;
#6219 = LINE ( 'NONE', #7993, #7023 ) ;
#6220 = ORIENTED_EDGE ( 'NONE', *, *, #3783, .T. ) ;
#6221 = CARTESIAN_POINT ( 'NONE',  ( 0.2003137495791381673, -0.03570132752772797735, -0.2878937010368048388 ) ) ;
#6222 = PLANE ( 'NONE',  #11822 ) ;
#6223 = EDGE_CURVE ( 'NONE', #9158, #7217, #6924, .T. ) ;
#6224 =( NAMED_UNIT ( * ) PLANE_ANGLE_UNIT ( ) SI_UNIT ( $, .RADIAN. ) );
#6225 = SURFACE_STYLE_USAGE ( .BOTH. , #11627 ) ;
#6226 = UNCERTAINTY_MEASURE_WITH_UNIT (LENGTH_MEASURE( 1.000000000000000082E-05 ), #5415, 'distance_accuracy_value', 'NONE');
#6227 = CARTESIAN_POINT ( 'NONE',  ( 0.4383240990377201274, 0.04008607404707480171, -0.2878937010367974003 ) ) ;
#6228 = ORIENTED_EDGE ( 'NONE', *, *, #754, .T. ) ;
#6229 = ORIENTED_EDGE ( 'NONE', *, *, #8976, .T. ) ;
#6230 = LINE ( 'NONE', #6534, #9924 ) ;
#6231 = ORIENTED_EDGE ( 'NONE', *, *, #7723, .T. ) ;
#6232 = CARTESIAN_POINT ( 'NONE',  ( 0.1976409002969290729, -0.01405121771457832312, -0.1375000002494032592 ) ) ;
#6233 = DIRECTION ( 'NONE',  ( 0.6691306063588805531, 0.7431448254773741491, 5.509674506755219810E-12 ) ) ;
#6234 = EDGE_CURVE ( 'NONE', #7835, #1919, #5562, .T. ) ;
#6235 = ORIENTED_EDGE ( 'NONE', *, *, #6718, .F. ) ;
#6236 = DIRECTION ( 'NONE',  ( 8.234490263801784106E-12, -1.353889066150678860E-26, -1.000000000000000000 ) ) ;
#6237 = DIRECTION ( 'NONE',  ( -1.644517855226007801E-15, -1.000000000000000000, -2.875605999964572744E-30 ) ) ;
#6238 =( GEOMETRIC_REPRESENTATION_CONTEXT ( 3 ) GLOBAL_UNCERTAINTY_ASSIGNED_CONTEXT ( ( #10615 ) ) GLOBAL_UNIT_ASSIGNED_CONTEXT ( ( #11747, #9, #8241 ) ) REPRESENTATION_CONTEXT ( 'NONE', 'WORKASPACE' ) );
#6239 = PRODUCT_DEFINITION_CONTEXT ( 'detailed design', #5861, 'design' ) ;
#6240 = LENGTH_MEASURE_WITH_UNIT ( LENGTH_MEASURE( 0.02539999999999999897 ), #11831 );
#6241 = ORIENTED_EDGE ( 'NONE', *, *, #3334, .F. ) ;
#6242 = VERTEX_POINT ( 'NONE', #8026 ) ;
#6243 = DIRECTION ( 'NONE',  ( -1.000000000000000000, 1.644517855226007801E-15, 1.748601263784622143E-15 ) ) ;
#6244 = DIRECTION ( 'NONE',  ( -1.000000000000000000, 2.430295991683600986E-14, -1.748601263784622143E-15 ) ) ;
#6245 = DIRECTION ( 'NONE',  ( -1.644517855226007801E-15, -1.000000000000000000, -2.890435660536363568E-30 ) ) ;
#6246 =( NAMED_UNIT ( * ) SI_UNIT ( $, .STERADIAN. ) SOLID_ANGLE_UNIT ( ) );
#6247 = SURFACE_SIDE_STYLE ('',( #7173 ) ) ;
#6248 = EDGE_CURVE ( 'NONE', #7306, #2899, #4304, .T. ) ;
#6249 =( CONVERSION_BASED_UNIT ( 'INCH', #5166 ) LENGTH_UNIT ( ) NAMED_UNIT ( #7422 ) );
#6250 =( NAMED_UNIT ( * ) PLANE_ANGLE_UNIT ( ) SI_UNIT ( $, .RADIAN. ) );
#6251 = AXIS2_PLACEMENT_3D ( 'NONE', #4704, #5682, #9566 ) ;
#6252 = CARTESIAN_POINT ( 'NONE',  ( 0.1585494827869413370, -0.03570132752772790796, -0.2674212600919230187 ) ) ;
#6253 = VECTOR ( 'NONE', #3393, 39.37007874015748143 ) ;
#6254 = CARTESIAN_POINT ( 'NONE',  ( 0.2453562723638224863, 0.04500733388959479719, -0.2812378449679858727 ) ) ;
#6255 = ORIENTED_EDGE ( 'NONE', *, *, #7713, .F. ) ;
#6256 = DIRECTION ( 'NONE',  ( -0.3079484342681049203, 7.228014483236687681E-16, 0.9514030490973962584 ) ) ;
#6257 = VECTOR ( 'NONE', #7382, 39.37007874015748143 ) ;
#6258 = DIRECTION ( 'NONE',  ( 0.0000000000000000000, 0.0000000000000000000, -1.000000000000000000 ) ) ;
#6259 = CARTESIAN_POINT ( 'NONE',  ( 0.2313841284533489917, 0.03516481421632714627, 0.004564360868313389885 ) ) ;
#6260 = MECHANICAL_DESIGN_GEOMETRIC_PRESENTATION_REPRESENTATION (  '', ( #9969 ), #9990 ) ;
#6261 = DIRECTION ( 'NONE',  ( -2.837565599156477682E-11, 1.000000000000000000, -4.961769309790727612E-26 ) ) ;
#6262 = CARTESIAN_POINT ( 'NONE',  ( 0.5230445496231609370, -0.05876606348099619459, -0.03986220497381212646 ) ) ;
#6263 = FILL_AREA_STYLE_COLOUR ( '', #10587 ) ;
#6264 = FILL_AREA_STYLE ('',( #10691 ) ) ;
#6265 = EDGE_CURVE ( 'NONE', #7626, #10847, #6429, .T. ) ;
#6266 = DIMENSIONAL_EXPONENTS ( 1.000000000000000000, 0.0000000000000000000, 0.0000000000000000000, 0.0000000000000000000, 0.0000000000000000000, 0.0000000000000000000, 0.0000000000000000000 ) ;
#6267 = VECTOR ( 'NONE', #4994, 39.37007874015748854 ) ;
#6268 = EDGE_CURVE ( 'NONE', #5507, #487, #1616, .T. ) ;
#6269 = DIRECTION ( 'NONE',  ( 1.000000000000000000, -1.644517855226007801E-15, 1.748601263784622143E-15 ) ) ;
#6270 = COLOUR_RGB ( '',0.7607843137254901578, 0.7607843137254901578, 0.0000000000000000000 ) ;
#6271 = LENGTH_MEASURE_WITH_UNIT ( LENGTH_MEASURE( 0.02539999999999999897 ), #7249 );
#6272 = ORIENTED_EDGE ( 'NONE', *, *, #3019, .F. ) ;
#6273 = AXIS2_PLACEMENT_3D ( 'NONE', #10980, #10923, #7472 ) ;
#6274 = PRESENTATION_STYLE_ASSIGNMENT (( #1021 ) ) ;
#6275 = AXIS2_PLACEMENT_3D ( 'NONE', #9974, #6494, #2626 ) ;
#6276 = VECTOR ( 'NONE', #1769, 39.37007874015748143 ) ;
#6277 = MECHANICAL_DESIGN_GEOMETRIC_PRESENTATION_REPRESENTATION (  '', ( #3764 ), #5109 ) ;
#6278 = FILL_AREA_STYLE ('',( #2586 ) ) ;
#6279 = AXIS2_PLACEMENT_3D ( 'NONE', #11781, #7057, #8208 ) ;
#6280 = EDGE_LOOP ( 'NONE', ( #2848, #11030, #2412, #4153 ) ) ;
#6281 = DIRECTION ( 'NONE',  ( 1.644517855226008195E-15, 1.000000000000000000, 2.890435660536364269E-30 ) ) ;
#6282 = AXIS2_PLACEMENT_3D ( 'NONE', #3145, #6845, #7881 ) ;
#6283 = DIRECTION ( 'NONE',  ( -1.664296299258047645E-15, 0.04993761694385234762, 0.9987523388778467570 ) ) ;
#6284 = FILL_AREA_STYLE ('',( #1936 ) ) ;
#6285 =( GEOMETRIC_REPRESENTATION_CONTEXT ( 3 ) GLOBAL_UNCERTAINTY_ASSIGNED_CONTEXT ( ( #6333 ) ) GLOBAL_UNIT_ASSIGNED_CONTEXT ( ( #11615, #6893, #7082 ) ) REPRESENTATION_CONTEXT ( 'NONE', 'WORKASPACE' ) );
#6286 = EDGE_CURVE ( 'NONE', #3711, #11372, #6192, .T. ) ;
#6287 = ORIENTED_EDGE ( 'NONE', *, *, #907, .F. ) ;
#6288 = SURFACE_STYLE_FILL_AREA ( #10708 ) ;
#6289 = PRESENTATION_STYLE_ASSIGNMENT (( #2595 ) ) ;
#6290 = LINE ( 'NONE', #7387, #6840 ) ;
#6291 = ORIENTED_EDGE ( 'NONE', *, *, #1621, .F. ) ;
#6292 = FACE_OUTER_BOUND ( 'NONE', #9919, .T. ) ;
#6293 = DIRECTION ( 'NONE',  ( -1.582776894139425349E-15, -1.000000000000000000, -2.505182696621675477E-30 ) ) ;
#6294 = MECHANICAL_DESIGN_GEOMETRIC_PRESENTATION_REPRESENTATION (  '', ( #4360 ), #5537 ) ;
#6295 = SURFACE_STYLE_USAGE ( .BOTH. , #9157 ) ;
#6296 = AXIS2_PLACEMENT_3D ( 'NONE', #7485, #2201, #358 ) ;
#6297 = ORIENTED_EDGE ( 'NONE', *, *, #8032, .T. ) ;
#6298 = CYLINDRICAL_SURFACE ( 'NONE', #9372, 0.005905511811023620231 ) ;
#6299 = ORIENTED_EDGE ( 'NONE', *, *, #5202, .F. ) ;
#6300 = DIRECTION ( 'NONE',  ( 0.0000000000000000000, 1.000000000000000000, 0.0000000000000000000 ) ) ;
#6301 = VERTEX_POINT ( 'NONE', #2632 ) ;
#6302 = ADVANCED_FACE ( 'NONE', ( #1853 ), #886, .F. ) ;
#6303 = LINE ( 'NONE', #4479, #9790 ) ;
#6304 = PLANE ( 'NONE',  #8818 ) ;
#6305 = ORIENTED_EDGE ( 'NONE', *, *, #768, .T. ) ;
#6306 = FILL_AREA_STYLE_COLOUR ( '', #7538 ) ;
#6307 = FILL_AREA_STYLE ('',( #3404 ) ) ;
#6308 = CARTESIAN_POINT ( 'NONE',  ( 0.5483132623143616158, -0.03570132752772850471, -0.06742126009100976591 ) ) ;
#6309 =( NAMED_UNIT ( * ) PLANE_ANGLE_UNIT ( ) SI_UNIT ( $, .RADIAN. ) );
#6310 = VERTEX_POINT ( 'NONE', #4493 ) ;
#6311 = ADVANCED_FACE ( 'NONE', ( #9979 ), #10036, .F. ) ;
#6312 = VERTEX_POINT ( 'NONE', #4563 ) ;
#6313 =( CONVERSION_BASED_UNIT ( 'INCH', #10033 ) LENGTH_UNIT ( ) NAMED_UNIT ( #4655 ) );
#6314 = SURFACE_STYLE_FILL_AREA ( #8022 ) ;
#6315 = CYLINDRICAL_SURFACE ( 'NONE', #498, 0.005905511811027564992 ) ;
#6316 = LENGTH_MEASURE_WITH_UNIT ( LENGTH_MEASURE( 0.02539999999999999897 ), #4683 );
#6317 =( NAMED_UNIT ( * ) SI_UNIT ( $, .STERADIAN. ) SOLID_ANGLE_UNIT ( ) );
#6318 = B_SPLINE_CURVE_WITH_KNOTS ( 'NONE', 3,
 ( #9283, #5401, #9161, #7338, #11944, #9046 ),
 .UNSPECIFIED., .F., .F.,
 ( 4, 2, 4 ),
 ( 1.084202172485504314E-19, 7.684400780240825376E-05, 0.0001536880156048163991 ),
 .UNSPECIFIED. ) ;
#6319 = DIRECTION ( 'NONE',  ( -1.000000000000000000, 1.644517855226007801E-15, -8.234490263801784106E-12 ) ) ;
#6320 = DIRECTION ( 'NONE',  ( -3.362227163310207537E-12, 4.918510043635005372E-12, -1.000000000000000000 ) ) ;
#6321 = VERTEX_POINT ( 'NONE', #5361 ) ;
#6322 = EDGE_CURVE ( 'NONE', #4583, #1219, #11900, .T. ) ;
#6323 =( LENGTH_UNIT ( ) NAMED_UNIT ( * ) SI_UNIT ( $, .METRE. ) );
#6324 = DIRECTION ( 'NONE',  ( -1.748601263784622143E-15, 0.0000000000000000000, 1.000000000000000000 ) ) ;
#6325 = DIRECTION ( 'NONE',  ( 8.679147678325226582E-12, 1.000000000000000000, 1.517638342855342944E-26 ) ) ;
#6326 = ORIENTED_EDGE ( 'NONE', *, *, #10143, .T. ) ;
#6327 = DIRECTION ( 'NONE',  ( -0.6691306063588781106, 0.7431448254773763695, -2.168404344971007685E-15 ) ) ;
#6328 = DIRECTION ( 'NONE',  ( 6.573244032422477783E-11, -1.000000000000000000, -7.815970093358505746E-14 ) ) ;
#6329 = FACE_OUTER_BOUND ( 'NONE', #339, .T. ) ;
#6330 = AXIS2_PLACEMENT_3D ( 'NONE', #5165, #8683, #11653 ) ;
#6331 = ORIENTED_EDGE ( 'NONE', *, *, #9729, .F. ) ;
#6332 = LINE ( 'NONE', #7311, #1475 ) ;
#6333 = UNCERTAINTY_MEASURE_WITH_UNIT (LENGTH_MEASURE( 1.000000000000000082E-05 ), #11615, 'distance_accuracy_value', 'NONE');
#6334 =( GEOMETRIC_REPRESENTATION_CONTEXT ( 3 ) GLOBAL_UNCERTAINTY_ASSIGNED_CONTEXT ( ( #3663 ) ) GLOBAL_UNIT_ASSIGNED_CONTEXT ( ( #1232, #7707, #1180 ) ) REPRESENTATION_CONTEXT ( 'NONE', 'WORKASPACE' ) );
#6335 = EDGE_CURVE ( 'NONE', #3882, #2488, #7172, .T. ) ;
#6336 = CIRCLE ( 'NONE', #10796, 0.005905511811023620231 ) ;
#6337 = ORIENTED_EDGE ( 'NONE', *, *, #4274, .T. ) ;
#6338 = LINE ( 'NONE', #11986, #7633 ) ;
#6339 = CARTESIAN_POINT ( 'NONE',  ( 0.4920108682644405151, 0.03516481420455506990, -0.02726377977651272058 ) ) ;
#6340 = VERTEX_POINT ( 'NONE', #4373 ) ;
#6341 = LINE ( 'NONE', #1822, #11833 ) ;
#6342 = DIRECTION ( 'NONE',  ( -0.4273849608099042907, 7.028421991069578798E-16, -0.9040697402709132469 ) ) ;
#6343 = CARTESIAN_POINT ( 'NONE',  ( 0.3140612938105270535, 0.1020939480628623997, -0.2821850396188910759 ) ) ;
#6344 = DIRECTION ( 'NONE',  ( -8.234490263801784106E-12, 1.353889066150678860E-26, 1.000000000000000000 ) ) ;
#6345 = ORIENTED_EDGE ( 'NONE', *, *, #6524, .T. ) ;
#6346 = LINE ( 'NONE', #5449, #1973 ) ;
#6347 = VECTOR ( 'NONE', #11404, 39.37007874015748143 ) ;
#6348 = DIMENSIONAL_EXPONENTS ( 1.000000000000000000, 0.0000000000000000000, 0.0000000000000000000, 0.0000000000000000000, 0.0000000000000000000, 0.0000000000000000000, 0.0000000000000000000 ) ;
#6349 = LINE ( 'NONE', #4533, #4541 ) ;
#6350 = ADVANCED_FACE ( 'NONE', ( #7356 ), #11840, .F. ) ;
#6351 = CARTESIAN_POINT ( 'NONE',  ( 0.4653510425003174467, 0.001406173138374004891, -0.3095942471104531357 ) ) ;
#6352 = ORIENTED_EDGE ( 'NONE', *, *, #2722, .T. ) ;
#6353 = CARTESIAN_POINT ( 'NONE',  ( 0.2514430687595305969, 0.04500733388959481107, -0.1373012207214504010 ) ) ;
#6354 = ORIENTED_EDGE ( 'NONE', *, *, #6606, .T. ) ;
#6355 = COLOUR_RGB ( '',0.7607843137254901578, 0.7607843137254901578, 0.0000000000000000000 ) ;
#6356 =( NAMED_UNIT ( * ) PLANE_ANGLE_UNIT ( ) SI_UNIT ( $, .RADIAN. ) );
#6357 = ORIENTED_EDGE ( 'NONE', *, *, #3936, .F. ) ;
#6358 = FILL_AREA_STYLE ('',( #3399 ) ) ;
#6359 = DIRECTION ( 'NONE',  ( -0.09052430460834029469, -0.8612812260087804317, 0.4999999999999886202 ) ) ;
#6360 = ORIENTED_EDGE ( 'NONE', *, *, #2262, .T. ) ;
#6361 = CARTESIAN_POINT ( 'NONE',  ( 0.4554196763394125491, 0.03516481420455510459, -0.1778562600918830727 ) ) ;
#6362 = LINE ( 'NONE', #7162, #10092 ) ;
#6363 = DIRECTION ( 'NONE',  ( -1.748601263784621748E-15, 0.0000000000000000000, 1.000000000000000000 ) ) ;
#6364 = EDGE_CURVE ( 'NONE', #8831, #1753, #7116, .T. ) ;
#6365 = AXIS2_PLACEMENT_3D ( 'NONE', #7008, #8771, #6826 ) ;
#6366 = VECTOR ( 'NONE', #6539, 39.37007874015748143 ) ;
#6367 = ORIENTED_EDGE ( 'NONE', *, *, #3705, .F. ) ;
#6368 = B_SPLINE_CURVE_WITH_KNOTS ( 'NONE', 3,
 ( #5849, #3849, #9515, #1211 ),
 .UNSPECIFIED., .F., .F.,
 ( 4, 4 ),
 ( 8.484254361283234773E-17, 0.0001438393068347762721 ),
 .UNSPECIFIED. ) ;
#6369 = ADVANCED_FACE ( 'NONE', ( #10273 ), #6550, .F. ) ;
#6370 = ORIENTED_EDGE ( 'NONE', *, *, #11974, .F. ) ;
#6371 = VERTEX_POINT ( 'NONE', #5657 ) ;
#6372 = DIRECTION ( 'NONE',  ( 1.000000000000000000, -1.582776894139425349E-15, 0.0000000000000000000 ) ) ;
#6373 = CARTESIAN_POINT ( 'NONE',  ( 0.2514430687583495416, 0.03516481420455543766, -0.1778562600915291614 ) ) ;
#6374 = FILL_AREA_STYLE ('',( #6133 ) ) ;
#6375 =( NAMED_UNIT ( * ) PLANE_ANGLE_UNIT ( ) SI_UNIT ( $, .RADIAN. ) );
#6376 = AXIS2_PLACEMENT_3D ( 'NONE', #6775, #199, #10256 ) ;
#6377 = EDGE_CURVE ( 'NONE', #5014, #10204, #3810, .T. ) ;
#6378 = FILL_AREA_STYLE_COLOUR ( '', #5097 ) ;
#6379 = SURFACE_STYLE_USAGE ( .BOTH. , #9186 ) ;
#6380 = VECTOR ( 'NONE', #8277, 39.37007874015748143 ) ;
#6381 = VERTEX_POINT ( 'NONE', #5595 ) ;
#6382 = DIRECTION ( 'NONE',  ( 1.644517855225896177E-15, 1.000000000000000000, 6.394884621841000123E-14 ) ) ;
#6383 = CARTESIAN_POINT ( 'NONE',  ( 0.3140612938105272200, 0.1020939480628584722, -0.2821850396188913535 ) ) ;
#6384 = VERTEX_POINT ( 'NONE', #272 ) ;
#6385 = DIRECTION ( 'NONE',  ( 1.729787034331967531E-15, 0.9987523388778406508, -0.04993761694397202966 ) ) ;
#6386 = CYLINDRICAL_SURFACE ( 'NONE', #6391, 0.007874015748031497688 ) ;
#6387 = CARTESIAN_POINT ( 'NONE',  ( 0.3928014512908299949, 0.1434325307400276528, -0.1791535435558992695 ) ) ;
#6388 = AXIS2_PLACEMENT_3D ( 'NONE', #3482, #3605, #11855 ) ;
#6389 = CARTESIAN_POINT ( 'NONE',  ( 0.2372226159751995300, 0.03516481420455547929, -0.08789370103625360198 ) ) ;
#6390 = ORIENTED_EDGE ( 'NONE', *, *, #5783, .F. ) ;
#6391 = AXIS2_PLACEMENT_3D ( 'NONE', #6262, #1807, #8274 ) ;
#6392 = EDGE_CURVE ( 'NONE', #1274, #7289, #6336, .T. ) ;
#6393 = CARTESIAN_POINT ( 'NONE',  ( 0.5134983943106640192, -0.007659296307098515354, -0.08789370103617834273 ) ) ;
#6394 = VECTOR ( 'NONE', #10600, 39.37007874015748143 ) ;
#6395 = EDGE_LOOP ( 'NONE', ( #9371, #175, #10888, #9406 ) ) ;
#6396 = DIRECTION ( 'NONE',  ( -1.644517855226008195E-15, -1.000000000000000000, -2.890435660536364269E-30 ) ) ;
#6397 = CARTESIAN_POINT ( 'NONE',  ( 0.4754786166455537422, 0.03516481420522438173, -0.02726377977696183702 ) ) ;
#6398 = CARTESIAN_POINT ( 'NONE',  ( 0.3928014512908296063, 0.1434325307400276528, -0.07915354355589927782 ) ) ;
#6399 = ORIENTED_EDGE ( 'NONE', *, *, #9513, .F. ) ;
#6400 = DIRECTION ( 'NONE',  ( 8.234490263801784106E-12, -1.353889066150678860E-26, -1.000000000000000000 ) ) ;
#6401 = CARTESIAN_POINT ( 'NONE',  ( 0.1976409002969287398, -0.01405121771457830404, -0.07765748056436388991 ) ) ;
#6402 = DIRECTION ( 'NONE',  ( 0.0000000000000000000, 0.0000000000000000000, 1.000000000000000000 ) ) ;
#6403 = DIRECTION ( 'NONE',  ( -1.000000000000000000, -6.824337234613477078E-11, -1.067819642909784613E-12 ) ) ;
#6404 = EDGE_CURVE ( 'NONE', #11026, #10560, #366, .T. ) ;
#6405 = EDGE_LOOP ( 'NONE', ( #7848, #5062, #5932, #1719 ) ) ;
#6406 = LINE ( 'NONE', #7326, #7414 ) ;
#6407 = DIRECTION ( 'NONE',  ( 0.9945218953682689600, 0.1045284632676950626, 8.189380864547705479E-12 ) ) ;
#6408 = VECTOR ( 'NONE', #3599, 39.37007874015748143 ) ;
#6409 = VECTOR ( 'NONE', #790, 39.37007874015748143 ) ;
#6410 = DIRECTION ( 'NONE',  ( 3.222191032513196544E-10, 0.0000000000000000000, 1.000000000000000000 ) ) ;
#6411 = CARTESIAN_POINT ( 'NONE',  ( 0.5483132623143623929, -0.02585880784268915905, -0.2674212600910098048 ) ) ;
#6412 = ORIENTED_EDGE ( 'NONE', *, *, #6553, .F. ) ;
#6413 = PRESENTATION_LAYER_ASSIGNMENT (  '', '', ( #9532 ) ) ;
#6414 = ORIENTED_EDGE ( 'NONE', *, *, #10172, .F. ) ;
#6415 = SURFACE_STYLE_FILL_AREA ( #11520 ) ;
#6416 = FACE_BOUND ( 'NONE', #1518, .T. ) ;
#6417 = EDGE_CURVE ( 'NONE', #11611, #150, #7473, .T. ) ;
#6418 = ORIENTED_EDGE ( 'NONE', *, *, #8256, .T. ) ;
#6419 = DIRECTION ( 'NONE',  ( 1.000000000000000000, -1.644517855226007801E-15, -2.328659752956362145E-10 ) ) ;
#6420 = SURFACE_STYLE_USAGE ( .BOTH. , #4726 ) ;
#6421 = ORIENTED_EDGE ( 'NONE', *, *, #3987, .T. ) ;
#6422 = DIMENSIONAL_EXPONENTS ( 1.000000000000000000, 0.0000000000000000000, 0.0000000000000000000, 0.0000000000000000000, 0.0000000000000000000, 0.0000000000000000000, 0.0000000000000000000 ) ;
#6423 = ORIENTED_EDGE ( 'NONE', *, *, #630, .F. ) ;
#6424 = ORIENTED_EDGE ( 'NONE', *, *, #10512, .T. ) ;
#6425 = LINE ( 'NONE', #9240, #8222 ) ;
#6426 = CARTESIAN_POINT ( 'NONE',  ( 0.2514430687594916281, 0.03516481420455542378, -0.2373012207214504066 ) ) ;
#6427 =( LENGTH_UNIT ( ) NAMED_UNIT ( * ) SI_UNIT ( $, .METRE. ) );
#6428 = LINE ( 'NONE', #9358, #9123 ) ;
#6429 = LINE ( 'NONE', #9182, #4186 ) ;
#6430 = EDGE_CURVE ( 'NONE', #4163, #4955, #1913, .T. ) ;
#6431 = SURFACE_STYLE_FILL_AREA ( #10983 ) ;
#6432 = EDGE_CURVE ( 'NONE', #9420, #10128, #8437, .T. ) ;
#6433 = STYLED_ITEM ( 'NONE', ( #2292 ), #9502 ) ;
#6434 = SURFACE_SIDE_STYLE ('',( #7358 ) ) ;
#6435 = CARTESIAN_POINT ( 'NONE',  ( 0.4625214697563412303, 0.03516481420455510459, -0.08338492120058389745 ) ) ;
#6436 = DIRECTION ( 'NONE',  ( -0.06844477288250355729, 0.6512085141311773073, 0.7558060493196165908 ) ) ;
#6437 = EDGE_LOOP ( 'NONE', ( #2190, #1085, #1460, #11919, #1109, #6968 ) ) ;
#6438 = DIRECTION ( 'NONE',  ( 4.389509589141790047E-12, -1.000000000000000000, -9.023892744152991248E-12 ) ) ;
#6439 = LINE ( 'NONE', #3532, #9809 ) ;
#6440 = ORIENTED_EDGE ( 'NONE', *, *, #1142, .T. ) ;
#6441 = CARTESIAN_POINT ( 'NONE',  ( 0.2685386460637520512, 0.04008607404707510008, -0.1878937010368047222 ) ) ;
#6442 = CARTESIAN_POINT ( 'NONE',  ( 0.2313841284563815104, 0.03516481420463419411, -0.2878937010362536131 ) ) ;
#6443 = SURFACE_SIDE_STYLE ('',( #3658 ) ) ;
#6444 = EDGE_CURVE ( 'NONE', #61, #5851, #9244, .T. ) ;
#6445 = CARTESIAN_POINT ( 'NONE',  ( 0.2313841284563806500, 0.03516481420463422880, -0.08789370103625360198 ) ) ;
#6446 = ORIENTED_EDGE ( 'NONE', *, *, #8788, .F. ) ;
#6447 = COLOUR_RGB ( '',0.7607843137254901578, 0.7607843137254901578, 0.0000000000000000000 ) ;
#6448 = AXIS2_PLACEMENT_3D ( 'NONE', #10738, #2442, #8015 ) ;
#6449 = FACE_OUTER_BOUND ( 'NONE', #4224, .T. ) ;
#6450 = VECTOR ( 'NONE', #5667, 39.37007874015748143 ) ;
#6451 = UNCERTAINTY_MEASURE_WITH_UNIT (LENGTH_MEASURE( 1.000000000000000082E-05 ), #3563, 'distance_accuracy_value', 'NONE');
#6452 = CARTESIAN_POINT ( 'NONE',  ( 0.5134983943101647519, -0.007659296307098515354, -0.02726377977633583430 ) ) ;
#6453 = DIMENSIONAL_EXPONENTS ( 1.000000000000000000, 0.0000000000000000000, 0.0000000000000000000, 0.0000000000000000000, 0.0000000000000000000, 0.0000000000000000000, 0.0000000000000000000 ) ;
#6454 = ORIENTED_EDGE ( 'NONE', *, *, #6693, .T. ) ;
#6455 = CARTESIAN_POINT ( 'NONE',  ( 0.5152090898307177813, -0.02393547695607489006, -0.07529527583931391876 ) ) ;
#6456 = VECTOR ( 'NONE', #4863, 39.37007874015748143 ) ;
#6457 = ADVANCED_FACE ( 'NONE', ( #11169 ), #2866, .T. ) ;
#6458 = CIRCLE ( 'NONE', #2794, 0.01771653543307087283 ) ;
#6459 =( LENGTH_UNIT ( ) NAMED_UNIT ( * ) SI_UNIT ( $, .METRE. ) );
#6460 = FACE_OUTER_BOUND ( 'NONE', #8973, .T. ) ;
#6461 =( NAMED_UNIT ( * ) PLANE_ANGLE_UNIT ( ) SI_UNIT ( $, .RADIAN. ) );
#6462 = VERTEX_POINT ( 'NONE', #7522 ) ;
#6463 =( GEOMETRIC_REPRESENTATION_CONTEXT ( 3 ) GLOBAL_UNCERTAINTY_ASSIGNED_CONTEXT ( ( #9431 ) ) GLOBAL_UNIT_ASSIGNED_CONTEXT ( ( #2088, #1244, #7536 ) ) REPRESENTATION_CONTEXT ( 'NONE', 'WORKASPACE' ) );
#6464 = DIRECTION ( 'NONE',  ( -1.000000000000000000, 1.644517855226007801E-15, -1.778650910268784726E-12 ) ) ;
#6465 = PLANE ( 'NONE',  #10623 ) ;
#6466 = CARTESIAN_POINT ( 'NONE',  ( 0.3928014512908299949, 0.1021333181416024388, -0.1329724411934976036 ) ) ;
#6467 = CARTESIAN_POINT ( 'NONE',  ( 0.2148518768365320075, 0.04500733388959485270, -0.2878937010368047833 ) ) ;
#6468 = AXIS2_PLACEMENT_3D ( 'NONE', #4977, #4306, #10683 ) ;
#6469 = ORIENTED_EDGE ( 'NONE', *, *, #11065, .F. ) ;
#6470 = PRESENTATION_LAYER_ASSIGNMENT (  '', '', ( #5099 ) ) ;
#6471 = LINE ( 'NONE', #10185, #8528 ) ;
#6472 = PRESENTATION_LAYER_ASSIGNMENT (  '', '', ( #313 ) ) ;
#6473 = CARTESIAN_POINT ( 'NONE',  ( 0.2506952668926408778, 0.03516481420455543766, -0.1837617719025922414 ) ) ;
#6474 = COLOUR_RGB ( '',0.7607843137254901578, 0.7607843137254901578, 0.0000000000000000000 ) ;
#6475 = FACE_OUTER_BOUND ( 'NONE', #631, .T. ) ;
#6476 = CIRCLE ( 'NONE', #1265, 0.007874015748031495954 ) ;
#6477 = ORIENTED_EDGE ( 'NONE', *, *, #10315, .F. ) ;
#6478 = EDGE_CURVE ( 'NONE', #7424, #279, #6610, .T. ) ;
#6479 = STYLED_ITEM ( 'NONE', ( #8316 ), #4397 ) ;
#6480 = ORIENTED_EDGE ( 'NONE', *, *, #5675, .T. ) ;
#6481 = ORIENTED_EDGE ( 'NONE', *, *, #1097, .F. ) ;
#6482 = LINE ( 'NONE', #7399, #3827 ) ;
#6483 = FILL_AREA_STYLE ('',( #8312 ) ) ;
#6484 = ORIENTED_EDGE ( 'NONE', *, *, #7474, .T. ) ;
#6485 = VECTOR ( 'NONE', #8128, 39.37007874015748143 ) ;
#6486 = MECHANICAL_DESIGN_GEOMETRIC_PRESENTATION_REPRESENTATION (  '', ( #2620 ), #4137 ) ;
#6487 = AXIS2_PLACEMENT_3D ( 'NONE', #2721, #9153, #7328 ) ;
#6488 = CARTESIAN_POINT ( 'NONE',  ( 0.3140612938105272200, 0.1060309559368545207, -0.2823818900125920628 ) ) ;
#6489 = ORIENTED_EDGE ( 'NONE', *, *, #9194, .F. ) ;
#6490 = EDGE_CURVE ( 'NONE', #150, #7320, #5719, .T. ) ;
#6491 = AXIS2_PLACEMENT_3D ( 'NONE', #8333, #4442, #9127 ) ;
#6492 = ORIENTED_EDGE ( 'NONE', *, *, #2640, .F. ) ;
#6493 = ORIENTED_EDGE ( 'NONE', *, *, #5607, .F. ) ;
#6494 = DIRECTION ( 'NONE',  ( 1.748601263784621748E-15, 1.482966057179117483E-32, -1.000000000000000000 ) ) ;
#6495 = VECTOR ( 'NONE', #3424, 39.37007874015748143 ) ;
#6496 = SURFACE_STYLE_USAGE ( .BOTH. , #93 ) ;
#6497 = PLANE ( 'NONE',  #7625 ) ;
#6498 = CARTESIAN_POINT ( 'NONE',  ( 0.2148518768365318965, 0.03516481420455547929, -0.2272637797769622714 ) ) ;
#6499 = DIRECTION ( 'NONE',  ( -0.09052430461248961446, 0.8612812260087774341, 0.4999999999992426614 ) ) ;
#6500 = CARTESIAN_POINT ( 'NONE',  ( 0.5096303506632000602, 0.02914268067976761439, -0.1878937010362102533 ) ) ;
#6501 = DIRECTION ( 'NONE',  ( 1.748601263784621748E-15, 0.0000000000000000000, -1.000000000000000000 ) ) ;
#6502 = ORIENTED_EDGE ( 'NONE', *, *, #11946, .F. ) ;
#6503 = ADVANCED_FACE ( 'NONE', ( #2081 ), #5872, .F. ) ;
#6504 = SURFACE_STYLE_FILL_AREA ( #8332 ) ;
#6505 = CARTESIAN_POINT ( 'NONE',  ( 0.4920108682644404596, 0.02729079845652356354, -0.02726377977651272058 ) ) ;
#6506 = ADVANCED_FACE ( 'NONE', ( #8611 ), #9659, .T. ) ;
#6507 = ORIENTED_EDGE ( 'NONE', *, *, #1235, .F. ) ;
#6508 = CARTESIAN_POINT ( 'NONE',  ( 0.4696401291264991618, 0.03516481420455507684, -0.1878937010365682170 ) ) ;
#6509 = FACE_OUTER_BOUND ( 'NONE', #7876, .T. ) ;
#6510 = CARTESIAN_POINT ( 'NONE',  ( 0.2372226159751999464, 0.03516481420455546542, -0.1878937010362536630 ) ) ;
#6511 = DIMENSIONAL_EXPONENTS ( 1.000000000000000000, 0.0000000000000000000, 0.0000000000000000000, 0.0000000000000000000, 0.0000000000000000000, 0.0000000000000000000, 0.0000000000000000000 ) ;
#6512 = ORIENTED_EDGE ( 'NONE', *, *, #10315, .T. ) ;
#6513 = LENGTH_MEASURE_WITH_UNIT ( LENGTH_MEASURE( 0.02539999999999999897 ), #9079 );
#6514 = ADVANCED_FACE ( 'NONE', ( #9602 ), #4042, .F. ) ;
#6515 = LINE ( 'NONE', #2940, #2041 ) ;
#6516 = ORIENTED_EDGE ( 'NONE', *, *, #456, .T. ) ;
#6517 = DIRECTION ( 'NONE',  ( 1.644517855225896177E-15, 1.000000000000000000, 6.394884621841000123E-14 ) ) ;
#6518 = EDGE_CURVE ( 'NONE', #7467, #749, #6851, .T. ) ;
#6519 = AXIS2_PLACEMENT_3D ( 'NONE', #10747, #4974, #3227 ) ;
#6520 = PRESENTATION_STYLE_ASSIGNMENT (( #4817 ) ) ;
#6521 =( LENGTH_UNIT ( ) NAMED_UNIT ( * ) SI_UNIT ( $, .METRE. ) );
#6522 = CARTESIAN_POINT ( 'NONE',  ( 0.3140612938105263319, 0.1021333181416026054, -0.03297244119349746622 ) ) ;
#6523 = SURFACE_SIDE_STYLE ('',( #977 ) ) ;
#6524 = EDGE_CURVE ( 'NONE', #10371, #1919, #5931, .T. ) ;
#6525 = ORIENTED_EDGE ( 'NONE', *, *, #5918, .T. ) ;
#6526 = VECTOR ( 'NONE', #2812, 39.37007874015748854 ) ;
#6527 = LINE ( 'NONE', #9391, #9023 ) ;
#6528 = CARTESIAN_POINT ( 'NONE',  ( 0.2506952668935070183, 0.04500733388959481107, -0.1778562600915291614 ) ) ;
#6529 = ADVANCED_FACE ( 'NONE', ( #4480 ), #6304, .F. ) ;
#6530 = LINE ( 'NONE', #7558, #9786 ) ;
#6531 = EDGE_LOOP ( 'NONE', ( #8592, #3034, #6484, #10567, #9852, #4957, #11559, #11158 ) ) ;
#6532 = CARTESIAN_POINT ( 'NONE',  ( 0.1843617094242554766, -0.02585880784268852761, -0.04773622072184419141 ) ) ;
#6533 = VERTEX_POINT ( 'NONE', #10795 ) ;
#6534 = CARTESIAN_POINT ( 'NONE',  ( 0.5483132623142003004, -0.02585880784268915905, -0.2477362207209310163 ) ) ;
#6535 = ORIENTED_EDGE ( 'NONE', *, *, #6322, .F. ) ;
#6536 = SURFACE_STYLE_FILL_AREA ( #6483 ) ;
#6537 =( GEOMETRIC_REPRESENTATION_CONTEXT ( 3 ) GLOBAL_UNCERTAINTY_ASSIGNED_CONTEXT ( ( #10961 ) ) GLOBAL_UNIT_ASSIGNED_CONTEXT ( ( #6548, #10391, #11166 ) ) REPRESENTATION_CONTEXT ( 'NONE', 'WORKASPACE' ) );
#6538 = ORIENTED_EDGE ( 'NONE', *, *, #5572, .F. ) ;
#6539 = DIRECTION ( 'NONE',  ( -5.786831738223216454E-12, 7.069590057996951283E-14, -1.000000000000000000 ) ) ;
#6540 =( LENGTH_UNIT ( ) NAMED_UNIT ( * ) SI_UNIT ( $, .METRE. ) );
#6541 = MECHANICAL_DESIGN_GEOMETRIC_PRESENTATION_REPRESENTATION (  '', ( #7710 ), #11197 ) ;
#6542 = ORIENTED_EDGE ( 'NONE', *, *, #4028, .T. ) ;
#6543 = ORIENTED_EDGE ( 'NONE', *, *, #7930, .T. ) ;
#6544 = CARTESIAN_POINT ( 'NONE',  ( 0.2372226159726408268, 0.03516481420467357233, -0.1272637797769622658 ) ) ;
#6545 = ORIENTED_EDGE ( 'NONE', *, *, #8621, .F. ) ;
#6546 = DIRECTION ( 'NONE',  ( 0.1045284632676983655, 0.9945218953682685159, 1.827786029713617844E-16 ) ) ;
#6547 = FILL_AREA_STYLE_COLOUR ( '', #9402 ) ;
#6548 =( CONVERSION_BASED_UNIT ( 'INCH', #1911 ) LENGTH_UNIT ( ) NAMED_UNIT ( #11684 ) );
#6549 = FILL_AREA_STYLE ('',( #8547 ) ) ;
#6550 = CYLINDRICAL_SURFACE ( 'NONE', #5761, 0.007874015748031495954 ) ;
#6551 =( CONVERSION_BASED_UNIT ( 'INCH', #3648 ) LENGTH_UNIT ( ) NAMED_UNIT ( #5589 ) );
#6552 = VECTOR ( 'NONE', #1585, 39.37007874015748143 ) ;
#6553 = EDGE_CURVE ( 'NONE', #328, #2729, #7781, .T. ) ;
#6554 = CARTESIAN_POINT ( 'NONE',  ( 0.4254818849634284805, 0.1217789874329370248, -0.1831692915873951444 ) ) ;
#6555 = ORIENTED_EDGE ( 'NONE', *, *, #5170, .T. ) ;
#6556 = DIRECTION ( 'NONE',  ( 1.000000000000000000, -1.644517855226007801E-15, 1.748601263784622143E-15 ) ) ;
#6557 = VECTOR ( 'NONE', #1458, 39.37007874015748143 ) ;
#6558 = FILL_AREA_STYLE ('',( #7533 ) ) ;
#6559 = STYLED_ITEM ( 'NONE', ( #1465 ), #8672 ) ;
#6560 = CARTESIAN_POINT ( 'NONE',  ( 0.5225010356768854392, -0.01798479209465762493, -0.2477362207211436240 ) ) ;
#6561 = LINE ( 'NONE', #5550, #10148 ) ;
#6562 = LINE ( 'NONE', #9494, #5237 ) ;
#6563 = PRESENTATION_LAYER_ASSIGNMENT (  '', '', ( #8318 ) ) ;
#6564 = ORIENTED_EDGE ( 'NONE', *, *, #7051, .F. ) ;
#6565 = ADVANCED_FACE ( 'NONE', ( #8183 ), #4359, .T. ) ;
#6566 = FACE_OUTER_BOUND ( 'NONE', #1662, .T. ) ;
#6567 = PRESENTATION_LAYER_ASSIGNMENT (  '', '', ( #10459 ) ) ;
#6568 = EDGE_CURVE ( 'NONE', #10661, #1055, #1603, .T. ) ;
#6569 = PRESENTATION_STYLE_ASSIGNMENT (( #123 ) ) ;
#6570 = ORIENTED_EDGE ( 'NONE', *, *, #3846, .F. ) ;
#6571 = PRESENTATION_LAYER_ASSIGNMENT (  '', '', ( #6189 ) ) ;
#6572 = FACE_OUTER_BOUND ( 'NONE', #3077, .T. ) ;
#6573 = CYLINDRICAL_SURFACE ( 'NONE', #4933, 0.01771653543307086937 ) ;
#6574 =( LENGTH_UNIT ( ) NAMED_UNIT ( * ) SI_UNIT ( $, .METRE. ) );
#6575 = CARTESIAN_POINT ( 'NONE',  ( 0.4696401291286643742, 0.03516481420483066889, -0.1272637797769618495 ) ) ;
#6576 = PLANE ( 'NONE',  #9370 ) ;
#6577 = EDGE_CURVE ( 'NONE', #189, #10042, #8071, .T. ) ;
#6578 = ORIENTED_EDGE ( 'NONE', *, *, #11775, .F. ) ;
#6579 = CARTESIAN_POINT ( 'NONE',  ( 0.1585494827869409484, -0.03570132752772788715, -0.1674212600919230409 ) ) ;
#6580 = CIRCLE ( 'NONE', #1372, 0.007874015748031508097 ) ;
#6581 = UNCERTAINTY_MEASURE_WITH_UNIT (LENGTH_MEASURE( 1.000000000000000082E-05 ), #3784, 'distance_accuracy_value', 'NONE');
#6582 = COLOUR_RGB ( '',0.7607843137254901578, 0.7607843137254901578, 0.0000000000000000000 ) ;
#6583 = CARTESIAN_POINT ( 'NONE',  ( 0.5037097929783018735, -0.008688119764421345023, -0.08789370103625893105 ) ) ;
#6584 = ORIENTED_EDGE ( 'NONE', *, *, #9738, .F. ) ;
#6585 = ORIENTED_EDGE ( 'NONE', *, *, #590, .T. ) ;
#6586 = FACE_OUTER_BOUND ( 'NONE', #3960, .T. ) ;
#6587 = ORIENTED_EDGE ( 'NONE', *, *, #2896, .F. ) ;
#6589 = EDGE_CURVE ( 'NONE', #11003, #1421, #9208, .T. ) ;
#6588 = VECTOR ( 'NONE', #6407, 39.37007874015748143 ) ;
#6590 = DIRECTION ( 'NONE',  ( -1.644517855226008195E-15, -1.000000000000000000, -2.890435660536364269E-30 ) ) ;
#6591 = CARTESIAN_POINT ( 'NONE',  ( 0.2506952668928372763, 0.03516481420455545848, -0.03139570891042674922 ) ) ;
#6592 = CARTESIAN_POINT ( 'NONE',  ( 0.4561674782086254654, 0.03516481420455507684, -0.2313957089112138044 ) ) ;
#6593 = ORIENTED_EDGE ( 'NONE', *, *, #3433, .T. ) ;
#6594 = CARTESIAN_POINT ( 'NONE',  ( 0.2490536793147662964, -0.004205264535602010016, -0.005563233721056699485 ) ) ;
#6595 = SURFACE_SIDE_STYLE ('',( #2910 ) ) ;
#6596 = FILL_AREA_STYLE ('',( #2677 ) ) ;
#6597 = CARTESIAN_POINT ( 'NONE',  ( 0.5048815532788061278, -0.01983667431789503527, -0.06934404710461264387 ) ) ;
#6598 = AXIS2_PLACEMENT_3D ( 'NONE', #7021, #1600, #8067 ) ;
#6599 = ORIENTED_EDGE ( 'NONE', *, *, #1495, .T. ) ;
#6600 = VERTEX_POINT ( 'NONE', #10851 ) ;
#6601 = LINE ( 'NONE', #6726, #1382 ) ;
#6602 = ORIENTED_EDGE ( 'NONE', *, *, #11888, .F. ) ;
#6603 = DIRECTION ( 'NONE',  ( -5.673991369337035284E-10, 0.0000000000000000000, 1.000000000000000000 ) ) ;
#6604 = SURFACE_STYLE_FILL_AREA ( #6671 ) ;
#6605 = EDGE_CURVE ( 'NONE', #279, #2775, #7846, .T. ) ;
#6606 = EDGE_CURVE ( 'NONE', #457, #7467, #9962, .T. ) ;
#6607 = DIRECTION ( 'NONE',  ( 1.000000000000000000, -1.644517855226007801E-15, 1.748601263784621748E-15 ) ) ;
#6608 = DIRECTION ( 'NONE',  ( 0.5735764363501911767, -0.8191520442895903198, 1.002956481479023946E-15 ) ) ;
#6609 = DIRECTION ( 'NONE',  ( -0.06844477287005709676, 0.6512085141311795278, -0.7558060493207418018 ) ) ;
#6610 = LINE ( 'NONE', #10332, #10602 ) ;
#6611 = PRESENTATION_STYLE_ASSIGNMENT (( #3927 ) ) ;
#6612 = LENGTH_MEASURE_WITH_UNIT ( LENGTH_MEASURE( 0.02539999999999999897 ), #2928 );
#6613 = VECTOR ( 'NONE', #4156, 39.37007874015748143 ) ;
#6614 = CARTESIAN_POINT ( 'NONE',  ( 0.1896577093114370505, -0.02375406862796414220, -0.1674212600919229854 ) ) ;
#6615 = ORIENTED_EDGE ( 'NONE', *, *, #2751, .T. ) ;
#6616 = FACE_OUTER_BOUND ( 'NONE', #11156, .T. ) ;
#6617 = EDGE_CURVE ( 'NONE', #6310, #10264, #5350, .T. ) ;
#6618 = DIRECTION ( 'NONE',  ( -1.748601263784622143E-15, 0.0000000000000000000, 1.000000000000000000 ) ) ;
#6619 = LINE ( 'NONE', #7719, #9191 ) ;
#6620 = PLANE ( 'NONE',  #3293 ) ;
#6621 = SURFACE_STYLE_USAGE ( .BOTH. , #3941 ) ;
#6622 = EDGE_LOOP ( 'NONE', ( #1501, #5924, #8850, #2171, #11389, #6723, #3102, #1140 ) ) ;
#6623 = CARTESIAN_POINT ( 'NONE',  ( 0.5152344748436951116, -0.02108063623287806734, -0.06791895764953569115 ) ) ;
#6624 = EDGE_CURVE ( 'NONE', #3976, #10042, #3191, .T. ) ;
#6625 = DIRECTION ( 'NONE',  ( 8.234490263801784106E-12, -1.353889066150678860E-26, -1.000000000000000000 ) ) ;
#6626 = ORIENTED_EDGE ( 'NONE', *, *, #3795, .F. ) ;
#6627 = DIRECTION ( 'NONE',  ( 1.748601263784621748E-15, 0.0000000000000000000, -1.000000000000000000 ) ) ;
#6628 = EDGE_CURVE ( 'NONE', #2109, #8541, #9048, .T. ) ;
#6629 = AXIS2_PLACEMENT_3D ( 'NONE', #9766, #2416, #1526 ) ;
#6630 = ADVANCED_FACE ( 'NONE', ( #11826 ), #3512, .T. ) ;
#6631 = PLANE ( 'NONE',  #1433 ) ;
#6632 = CARTESIAN_POINT ( 'NONE',  ( 0.1585494827869405321, -0.03078006768520818656, -0.05757874040688364115 ) ) ;
#6633 = MECHANICAL_DESIGN_GEOMETRIC_PRESENTATION_REPRESENTATION (  '', ( #5311 ), #9005 ) ;
#6634 =( NAMED_UNIT ( * ) SI_UNIT ( $, .STERADIAN. ) SOLID_ANGLE_UNIT ( ) );
#6635 = ORIENTED_EDGE ( 'NONE', *, *, #4259, .T. ) ;
#6636 = AXIS2_PLACEMENT_3D ( 'NONE', #6441, #11059, #8156 ) ;
#6637 = CARTESIAN_POINT ( 'NONE',  ( 0.3928014512908299394, 0.1020939480628583473, -0.1821850396188912091 ) ) ;
#6638 = VECTOR ( 'NONE', #10301, 39.37007874015748143 ) ;
#6639 = MECHANICAL_DESIGN_GEOMETRIC_PRESENTATION_REPRESENTATION (  '', ( #5089 ), #10144 ) ;
#6640 = CARTESIAN_POINT ( 'NONE',  ( 0.1585494827869405599, -0.02585880784268849639, -0.06742126009192302150 ) ) ;
#6641 =( GEOMETRIC_REPRESENTATION_CONTEXT ( 3 ) GLOBAL_UNCERTAINTY_ASSIGNED_CONTEXT ( ( #6451 ) ) GLOBAL_UNIT_ASSIGNED_CONTEXT ( ( #3563, #8064, #7277 ) ) REPRESENTATION_CONTEXT ( 'NONE', 'WORKASPACE' ) );
#6642 = ORIENTED_EDGE ( 'NONE', *, *, #2973, .T. ) ;
#6643 = DIRECTION ( 'NONE',  ( 0.9945218953682690710, 0.1045284632676950765, 8.189380864547705479E-12 ) ) ;
#6644 = ADVANCED_FACE ( 'NONE', ( #6653, #3852, #936, #6416 ), #8532, .T. ) ;
#6645 = AXIS2_PLACEMENT_3D ( 'NONE', #4918, #9367, #3001 ) ;
#6646 = VERTEX_POINT ( 'NONE', #256 ) ;
#6647 = DIRECTION ( 'NONE',  ( 0.0000000000000000000, 1.000000000000000000, 0.0000000000000000000 ) ) ;
#6648 = ORIENTED_EDGE ( 'NONE', *, *, #84, .T. ) ;
#6649 = ADVANCED_FACE ( 'NONE', ( #2790 ), #24, .F. ) ;
#6650 = VECTOR ( 'NONE', #8074, 39.37007874015748143 ) ;
#6651 =( NAMED_UNIT ( * ) PLANE_ANGLE_UNIT ( ) SI_UNIT ( $, .RADIAN. ) );
#6652 = CYLINDRICAL_SURFACE ( 'NONE', #2894, 0.007874015748031482076 ) ;
#6653 = FACE_OUTER_BOUND ( 'NONE', #7878, .T. ) ;
#6654 = LINE ( 'NONE', #11259, #5466 ) ;
#6655 = VECTOR ( 'NONE', #5497, 39.37007874015748143 ) ;
#6656 = EDGE_LOOP ( 'NONE', ( #448, #6412, #627, #78, #364, #2743 ) ) ;
#6657 = CIRCLE ( 'NONE', #7052, 0.005905511811027553716 ) ;
#6658 = LINE ( 'NONE', #3080, #8418 ) ;
#6659 = LENGTH_MEASURE_WITH_UNIT ( LENGTH_MEASURE( 0.02539999999999999897 ), #11384 );
#6660 = COLOUR_RGB ( '',0.2509803921568627416, 0.2509803921568627416, 0.2509803921568627416 ) ;
#6661 = CIRCLE ( 'NONE', #3171, 0.007874015748031499423 ) ;
#6662 =( CONVERSION_BASED_UNIT ( 'INCH', #7511 ) LENGTH_UNIT ( ) NAMED_UNIT ( #1165 ) );
#6663 = ORIENTED_EDGE ( 'NONE', *, *, #8824, .F. ) ;
#6664 = DIMENSIONAL_EXPONENTS ( 1.000000000000000000, 0.0000000000000000000, 0.0000000000000000000, 0.0000000000000000000, 0.0000000000000000000, 0.0000000000000000000, 0.0000000000000000000 ) ;
#6665 = EDGE_CURVE ( 'NONE', #9740, #2524, #10197, .T. ) ;
#6666 = AXIS2_PLACEMENT_3D ( 'NONE', #9068, #11729, #6256 ) ;
#6667 = ORIENTED_EDGE ( 'NONE', *, *, #4505, .T. ) ;
#6668 = SURFACE_STYLE_FILL_AREA ( #2077 ) ;
#6669 = ORIENTED_EDGE ( 'NONE', *, *, #338, .T. ) ;
#6670 = DIRECTION ( 'NONE',  ( 1.748601263784621946E-15, 0.0000000000000000000, -1.000000000000000000 ) ) ;
#6671 = FILL_AREA_STYLE ('',( #6547 ) ) ;
#6672 = VECTOR ( 'NONE', #9849, 39.37007874015748143 ) ;
#6673 = DIRECTION ( 'NONE',  ( -1.644517855226007801E-15, -1.000000000000000000, -2.890435660536363568E-30 ) ) ;
#6674 = VECTOR ( 'NONE', #7649, 39.37007874015748143 ) ;
#6675 = SURFACE_SIDE_STYLE ('',( #2183 ) ) ;
#6676 = FILL_AREA_STYLE_COLOUR ( '', #8344 ) ;
#6677 = CARTESIAN_POINT ( 'NONE',  ( 0.5054204884983564128, -0.02496430041343711270, -0.2752952758393945598 ) ) ;
#6678 = PRESENTATION_LAYER_ASSIGNMENT (  '', '', ( #10744 ) ) ;
#6679 = MECHANICAL_DESIGN_GEOMETRIC_PRESENTATION_REPRESENTATION (  '', ( #6092 ), #2046 ) ;
#6680 = DIRECTION ( 'NONE',  ( -0.6691306063588805531, -0.7431448254773741491, -5.510638242019650472E-12 ) ) ;
#6681 = PRESENTATION_STYLE_ASSIGNMENT (( #406 ) ) ;
#6682 = PRESENTATION_LAYER_ASSIGNMENT (  '', '', ( #126 ) ) ;
#6683 = EDGE_CURVE ( 'NONE', #10647, #9158, #5580, .T. ) ;
#6684 = ORIENTED_EDGE ( 'NONE', *, *, #8438, .F. ) ;
#6685 = AXIS2_PLACEMENT_3D ( 'NONE', #6398, #9084, #11138 ) ;
#6686 = AXIS2_PLACEMENT_3D ( 'NONE', #8452, #1136, #1080 ) ;
#6687 = LINE ( 'NONE', #10400, #9578 ) ;
#6688 = SURFACE_SIDE_STYLE ('',( #3000 ) ) ;
#6689 = LINE ( 'NONE', #354, #7253 ) ;
#6690 = DIRECTION ( 'NONE',  ( -0.4273849607944149032, 7.028421990814850682E-16, -0.9040697402782356118 ) ) ;
#6691 = LENGTH_MEASURE_WITH_UNIT ( LENGTH_MEASURE( 0.02539999999999999897 ), #8391 );
#6692 = LINE ( 'NONE', #2094, #10383 ) ;
#6693 = EDGE_CURVE ( 'NONE', #8291, #10441, #9409, .T. ) ;
#6694 =( CONVERSION_BASED_UNIT ( 'INCH', #4812 ) LENGTH_UNIT ( ) NAMED_UNIT ( #11366 ) );
#6695 = ORIENTED_EDGE ( 'NONE', *, *, #6155, .T. ) ;
#6696 = DIRECTION ( 'NONE',  ( 0.4273849607944149032, -7.028421990814850682E-16, 0.9040697402782356118 ) ) ;
#6697 =( LENGTH_UNIT ( ) NAMED_UNIT ( * ) SI_UNIT ( $, .METRE. ) );
#6698 = PLANE ( 'NONE',  #1091 ) ;
#6699 = PRESENTATION_STYLE_ASSIGNMENT (( #10359 ) ) ;
#6700 = LINE ( 'NONE', #10414, #8892 ) ;
#6701 = LINE ( 'NONE', #10415, #6638 ) ;
#6702 = ORIENTED_EDGE ( 'NONE', *, *, #10243, .T. ) ;
#6703 = CARTESIAN_POINT ( 'NONE',  ( 0.3928014512908299394, 0.1020939480628622748, -0.1791535435558992695 ) ) ;
#6704 = ADVANCED_FACE ( 'NONE', ( #3744 ), #11207, .T. ) ;
#6705 = FILL_AREA_STYLE_COLOUR ( '', #693 ) ;
#6706 = VECTOR ( 'NONE', #10816, 39.37007874015748143 ) ;
#6707 = ORIENTED_EDGE ( 'NONE', *, *, #10651, .T. ) ;
#6708 = PLANE ( 'NONE',  #7435 ) ;
#6709 = ORIENTED_EDGE ( 'NONE', *, *, #10611, .T. ) ;
#6710 = CARTESIAN_POINT ( 'NONE',  ( 0.4536010832257900693, 0.04500733388959449188, -0.07814324995940274965 ) ) ;
#6711 = VERTEX_POINT ( 'NONE', #9522 ) ;
#6712 = PRESENTATION_LAYER_ASSIGNMENT (  '', '', ( #11957 ) ) ;
#6713 = LENGTH_MEASURE_WITH_UNIT ( LENGTH_MEASURE( 0.02539999999999999897 ), #1104 );
#6714 = CARTESIAN_POINT ( 'NONE',  ( 0.5096303506627002378, 0.02914268067976763174, -0.02726377977636772892 ) ) ;
#6715 = DIRECTION ( 'NONE',  ( -1.644517855226007801E-15, -1.000000000000000000, -2.890435660536363919E-30 ) ) ;
#6716 = EDGE_LOOP ( 'NONE', ( #462, #5516, #5968, #4282 ) ) ;
#6717 = CARTESIAN_POINT ( 'NONE',  ( 0.1843617094242558374, -0.03570132752772792184, -0.1477362207218441970 ) ) ;
#6718 = EDGE_CURVE ( 'NONE', #11483, #5131, #490, .T. ) ;
#6719 = DIMENSIONAL_EXPONENTS ( 1.000000000000000000, 0.0000000000000000000, 0.0000000000000000000, 0.0000000000000000000, 0.0000000000000000000, 0.0000000000000000000, 0.0000000000000000000 ) ;
#6720 = ADVANCED_FACE ( 'NONE', ( #1326 ), #11551, .T. ) ;
#6721 = CARTESIAN_POINT ( 'NONE',  ( 0.3928014512908299394, 0.1434325307400276528, -0.1360039372566872462 ) ) ;
#6722 = CIRCLE ( 'NONE', #3988, 0.005905511811023620231 ) ;
#6723 = ORIENTED_EDGE ( 'NONE', *, *, #3819, .T. ) ;
#6724 = ORIENTED_EDGE ( 'NONE', *, *, #11315, .F. ) ;
#6725 = VECTOR ( 'NONE', #2259, 39.37007874015748143 ) ;
#6726 = CARTESIAN_POINT ( 'NONE',  ( 0.4554196763377196255, 0.04500733388959447800, -0.1778562600918830727 ) ) ;
#6727 = ORIENTED_EDGE ( 'NONE', *, *, #2399, .T. ) ;
#6728 = FILL_AREA_STYLE_COLOUR ( '', #3375 ) ;
#6729 = ORIENTED_EDGE ( 'NONE', *, *, #8126, .T. ) ;
#6730 = DIRECTION ( 'NONE',  ( 0.0000000000000000000, 0.0000000000000000000, 1.000000000000000000 ) ) ;
#6731 = SURFACE_STYLE_USAGE ( .BOTH. , #4845 ) ;
#6732 = CARTESIAN_POINT ( 'NONE',  ( 0.5274311289181013995, -0.03078006768520879718, -0.1477362207211029843 ) ) ;
#6733 = SURFACE_STYLE_FILL_AREA ( #9428 ) ;
#6734 = CARTESIAN_POINT ( 'NONE',  ( 0.1843617094242554766, -0.02585880784268852761, -0.04773622072184419141 ) ) ;
#6735 = EDGE_CURVE ( 'NONE', #3900, #2839, #9629, .T. ) ;
#6736 = UNCERTAINTY_MEASURE_WITH_UNIT (LENGTH_MEASURE( 1.000000000000000082E-05 ), #6313, 'distance_accuracy_value', 'NONE');
#6737 =( NAMED_UNIT ( * ) PLANE_ANGLE_UNIT ( ) SI_UNIT ( $, .RADIAN. ) );
#6738 = ORIENTED_EDGE ( 'NONE', *, *, #10311, .F. ) ;
#6739 = LINE ( 'NONE', #4971, #7076 ) ;
#6740 = DIRECTION ( 'NONE',  ( -1.582776894139422588E-15, 3.382678050229430240E-31, -1.000000000000000000 ) ) ;
#6741 = FILL_AREA_STYLE ('',( #1191 ) ) ;
#6742 = PRESENTATION_LAYER_ASSIGNMENT (  '', '', ( #11983 ) ) ;
#6743 = CARTESIAN_POINT ( 'NONE',  ( 0.5152090898307186695, -0.02393547695607492476, -0.2752952758393139576 ) ) ;
#6744 = SURFACE_STYLE_FILL_AREA ( #284 ) ;
#6745 = EDGE_CURVE ( 'NONE', #5988, #3084, #375, .T. ) ;
#6746 =( CONVERSION_BASED_UNIT ( 'INCH', #6691 ) LENGTH_UNIT ( ) NAMED_UNIT ( #11854 ) );
#6747 = DIRECTION ( 'NONE',  ( -1.000000000000000000, 1.644517855226007801E-15, -1.778650912061784734E-12 ) ) ;
#6748 = CARTESIAN_POINT ( 'NONE',  ( 0.5172050357898655415, -0.02375406862796464874, -0.06742126009126593600 ) ) ;
#6749 = AXIS2_PLACEMENT_3D ( 'NONE', #9517, #4019, #6647 ) ;
#6750 = LINE ( 'NONE', #4926, #11309 ) ;
#6751 = AXIS2_PLACEMENT_3D ( 'NONE', #8707, #440, #8651 ) ;
#6752 = AXIS2_PLACEMENT_3D ( 'NONE', #8710, #1589, #6957 ) ;
#6753 = ORIENTED_EDGE ( 'NONE', *, *, #5643, .F. ) ;
#6754 = CARTESIAN_POINT ( 'NONE',  ( 0.5171906553894760616, -0.02376973408140407168, -0.1477362080802064881 ) ) ;
#6755 = DIRECTION ( 'NONE',  ( -1.644517855226007801E-15, -1.000000000000000000, -2.875605999964572744E-30 ) ) ;
#6756 = PRESENTATION_STYLE_ASSIGNMENT (( #2944 ) ) ;
#6757 = ADVANCED_FACE ( 'NONE', ( #10696 ), #4141, .F. ) ;
#6758 =( LENGTH_UNIT ( ) NAMED_UNIT ( * ) SI_UNIT ( $, .METRE. ) );
#6759 = ORIENTED_EDGE ( 'NONE', *, *, #9815, .T. ) ;
#6760 = DIRECTION ( 'NONE',  ( -0.9947848906855178974, -0.1019952021607001824, -8.191546496927016518E-12 ) ) ;
#6761 = SURFACE_STYLE_USAGE ( .BOTH. , #7795 ) ;
#6762 = DIRECTION ( 'NONE',  ( -1.000000000000000000, 1.978471117674275325E-15, 7.913884470697103077E-16 ) ) ;
#6763 =( GEOMETRIC_REPRESENTATION_CONTEXT ( 3 ) GLOBAL_UNCERTAINTY_ASSIGNED_CONTEXT ( ( #1272 ) ) GLOBAL_UNIT_ASSIGNED_CONTEXT ( ( #3703, #10395, #2869 ) ) REPRESENTATION_CONTEXT ( 'NONE', 'WORKASPACE' ) );
#6764 = CIRCLE ( 'NONE', #8700, 0.005905511811023620231 ) ;
#6765 = ORIENTED_EDGE ( 'NONE', *, *, #10303, .T. ) ;
#6766 = DIRECTION ( 'NONE',  ( -0.3079484342681049203, 7.228014483236687681E-16, 0.9514030490973962584 ) ) ;
#6767 = ORIENTED_EDGE ( 'NONE', *, *, #909, .T. ) ;
#6768 = CARTESIAN_POINT ( 'NONE',  ( 0.5225010356770467546, -0.02585880784268908966, -0.06742126009122235974 ) ) ;
#6769 = ORIENTED_EDGE ( 'NONE', *, *, #377, .T. ) ;
#6770 = EDGE_CURVE ( 'NONE', #6711, #3963, #5056, .T. ) ;
#6771 = DIRECTION ( 'NONE',  ( 8.234490263801784106E-12, -1.353889066150678860E-26, -1.000000000000000000 ) ) ;
#6772 = SURFACE_STYLE_USAGE ( .BOTH. , #3968 ) ;
#6773 = CYLINDRICAL_SURFACE ( 'NONE', #648, 0.005905511811023620231 ) ;
#6774 = ORIENTED_EDGE ( 'NONE', *, *, #219, .F. ) ;
#6775 = CARTESIAN_POINT ( 'NONE',  ( 0.2148518768365314524, 0.02729079845652399722, -0.1272637797769622658 ) ) ;
#6776 = COLOUR_RGB ( '',0.7607843137254901578, 0.7607843137254901578, 0.0000000000000000000 ) ;
#6777 = CARTESIAN_POINT ( 'NONE',  ( 0.4625214697569321465, 0.03516481420455509072, -0.1317725596123949239 ) ) ;
#6778 = SURFACE_STYLE_USAGE ( .BOTH. , #8369 ) ;
#6779 = VERTEX_POINT ( 'NONE', #3248 ) ;
#6780 =( GEOMETRIC_REPRESENTATION_CONTEXT ( 3 ) GLOBAL_UNCERTAINTY_ASSIGNED_CONTEXT ( ( #793 ) ) GLOBAL_UNIT_ASSIGNED_CONTEXT ( ( #2840, #5509, #1249 ) ) REPRESENTATION_CONTEXT ( 'NONE', 'WORKASPACE' ) );
#6781 = ORIENTED_EDGE ( 'NONE', *, *, #11034, .F. ) ;
#6782 =( GEOMETRIC_REPRESENTATION_CONTEXT ( 3 ) GLOBAL_UNCERTAINTY_ASSIGNED_CONTEXT ( ( #9900 ) ) GLOBAL_UNIT_ASSIGNED_CONTEXT ( ( #1061, #4682, #9243 ) ) REPRESENTATION_CONTEXT ( 'NONE', 'WORKASPACE' ) );
#6783 = ORIENTED_EDGE ( 'NONE', *, *, #11849, .T. ) ;
#6784 = FACE_OUTER_BOUND ( 'NONE', #6822, .T. ) ;
#6785 = EDGE_CURVE ( 'NONE', #6301, #434, #11609, .T. ) ;
#6786 = DIRECTION ( 'NONE',  ( 1.748601263784621748E-15, 0.0000000000000000000, -1.000000000000000000 ) ) ;
#6787 = CARTESIAN_POINT ( 'NONE',  ( 0.5146701546111727144, -0.01880785086056308703, -0.06934404710451520792 ) ) ;
#6788 = CARTESIAN_POINT ( 'NONE',  ( 0.5148239132102104820, -0.01982654722438633929, -0.2465978456254273310 ) ) ;
#6789 = SURFACE_STYLE_FILL_AREA ( #2363 ) ;
#6790 = LINE ( 'NONE', #9661, #11176 ) ;
#6791 = DIRECTION ( 'NONE',  ( -0.09052430460834029469, -0.8612812260087804317, 0.4999999999999886202 ) ) ;
#6792 =( NAMED_UNIT ( * ) SI_UNIT ( $, .STERADIAN. ) SOLID_ANGLE_UNIT ( ) );
#6793 = DIRECTION ( 'NONE',  ( 2.698884520361153650E-13, -4.467119842926643659E-28, 1.000000000000000000 ) ) ;
#6794 = VERTEX_POINT ( 'NONE', #2279 ) ;
#6795 = DIMENSIONAL_EXPONENTS ( 1.000000000000000000, 0.0000000000000000000, 0.0000000000000000000, 0.0000000000000000000, 0.0000000000000000000, 0.0000000000000000000, 0.0000000000000000000 ) ;
#6796 = VERTEX_POINT ( 'NONE', #10642 ) ;
#6797 = EDGE_CURVE ( 'NONE', #4639, #10659, #4939, .T. ) ;
#6798 = VECTOR ( 'NONE', #7689, 39.37007874015748143 ) ;
#6799 = ADVANCED_FACE ( 'NONE', ( #11425 ), #4201, .F. ) ;
#6800 = CARTESIAN_POINT ( 'NONE',  ( 0.5044156245189415078, 0.03516481420455502133, -0.9792322837135759572 ) ) ;
#6801 = DIRECTION ( 'NONE',  ( 4.670742959067561180E-12, 0.0000000000000000000, 1.000000000000000000 ) ) ;
#6802 = FACE_OUTER_BOUND ( 'NONE', #8002, .T. ) ;
#6803 = B_SPLINE_CURVE_WITH_KNOTS ( 'NONE', 3,
 ( #972, #2768, #10886, #10057 ),
 .UNSPECIFIED., .F., .F.,
 ( 4, 4 ),
 ( 0.0000000000000000000, 1.000000000000000000 ),
 .UNSPECIFIED. ) ;
#6804 = ORIENTED_EDGE ( 'NONE', *, *, #2650, .F. ) ;
#6805 =( CONVERSION_BASED_UNIT ( 'INCH', #7786 ) LENGTH_UNIT ( ) NAMED_UNIT ( #8496 ) );
#6806 = EDGE_CURVE ( 'NONE', #6794, #1396, #2162, .T. ) ;
#6807 = LINE ( 'NONE', #11417, #9568 ) ;
#6808 = DIRECTION ( 'NONE',  ( -1.748601263784621946E-15, -0.0000000000000000000, -1.000000000000000000 ) ) ;
#6809 =( NAMED_UNIT ( * ) PLANE_ANGLE_UNIT ( ) SI_UNIT ( $, .RADIAN. ) );
#6810 = LINE ( 'NONE', #7735, #3279 ) ;
#6811 = CARTESIAN_POINT ( 'NONE',  ( 0.4991006638888342284, 0.03516481420455504908, -0.02726377977645432632 ) ) ;
#6812 = ORIENTED_EDGE ( 'NONE', *, *, #7221, .F. ) ;
#6813 =( GEOMETRIC_REPRESENTATION_CONTEXT ( 3 ) GLOBAL_UNCERTAINTY_ASSIGNED_CONTEXT ( ( #3460 ) ) GLOBAL_UNIT_ASSIGNED_CONTEXT ( ( #609, #9872, #5175 ) ) REPRESENTATION_CONTEXT ( 'NONE', 'WORKASPACE' ) );
#6814 = CARTESIAN_POINT ( 'NONE',  ( 0.2018299441358814006, -0.02127569993138968968, -0.2470670064287320278 ) ) ;
#6815 = CARTESIAN_POINT ( 'NONE',  ( 0.2313841284561837519, 0.1020939480628586249, -0.3272637797765944323 ) ) ;
#6816 = UNCERTAINTY_MEASURE_WITH_UNIT (LENGTH_MEASURE( 1.000000000000000082E-05 ), #1827, 'distance_accuracy_value', 'NONE');
#6817 = CARTESIAN_POINT ( 'NONE',  ( 0.5037097929778030503, -0.008688119764421362370, -0.1272637797764164524 ) ) ;
#6818 = ADVANCED_FACE ( 'NONE', ( #3304 ), #4632, .F. ) ;
#6819 = ORIENTED_EDGE ( 'NONE', *, *, #11873, .T. ) ;
#6820 = PLANE ( 'NONE',  #4722 ) ;
#6821 = AXIS2_PLACEMENT_3D ( 'NONE', #7033, #6859, #8804 ) ;
#6822 = EDGE_LOOP ( 'NONE', ( #1831, #2845, #4277, #5735 ) ) ;
#6823 = PLANE ( 'NONE',  #2502 ) ;
#6824 = ORIENTED_EDGE ( 'NONE', *, *, #8393, .F. ) ;
#6825 = CARTESIAN_POINT ( 'NONE',  ( 0.4754786166452393825, 0.03516481420455506990, -0.1878937010364914451 ) ) ;
#6826 = DIRECTION ( 'NONE',  ( -1.644517855226007801E-15, -1.000000000000000000, -2.890435660536363919E-30 ) ) ;
#6827 = DIRECTION ( 'NONE',  ( -1.000000000000000000, 1.644517855226007801E-15, -1.778650910260784742E-12 ) ) ;
#6828 = VERTEX_POINT ( 'NONE', #6383 ) ;
#6829 = CARTESIAN_POINT ( 'NONE',  ( 0.1933643507908070769, -0.007659296307098001876, -0.1878937010368048610 ) ) ;
#6830 = PRESENTATION_LAYER_ASSIGNMENT (  '', '', ( #2385 ) ) ;
#6831 = SURFACE_STYLE_FILL_AREA ( #6034 ) ;
#6832 = DIRECTION ( 'NONE',  ( 1.000000000000000000, -1.734723475977064460E-15, -7.913884470697103077E-16 ) ) ;
#6833 = CIRCLE ( 'NONE', #3157, 0.005905511811019676337 ) ;
#6834 = AXIS2_PLACEMENT_3D ( 'NONE', #6227, #2665, #3623 ) ;
#6835 = ADVANCED_FACE ( 'NONE', ( #785 ), #8387, .T. ) ;
#6836 = CARTESIAN_POINT ( 'NONE',  ( 0.4696401291258294752, 0.04500733388959446413, -0.08789370103656818367 ) ) ;
#6837 =( GEOMETRIC_REPRESENTATION_CONTEXT ( 3 ) GLOBAL_UNCERTAINTY_ASSIGNED_CONTEXT ( ( #5028 ) ) GLOBAL_UNIT_ASSIGNED_CONTEXT ( ( #2651, #9142, #8232 ) ) REPRESENTATION_CONTEXT ( 'NONE', 'WORKASPACE' ) );
#6838 = EDGE_CURVE ( 'NONE', #1228, #457, #1804, .T. ) ;
#6839 = ORIENTED_EDGE ( 'NONE', *, *, #4204, .T. ) ;
#6840 = VECTOR ( 'NONE', #67, 39.37007874015748143 ) ;
#6841 = ORIENTED_EDGE ( 'NONE', *, *, #3415, .T. ) ;
#6842 = LINE ( 'NONE', #11336, #7564 ) ;
#6843 = B_SPLINE_CURVE_WITH_KNOTS ( 'NONE', 3,
 ( #11010, #4591, #7199, #11077 ),
 .UNSPECIFIED., .F., .F.,
 ( 4, 4 ),
 ( 8.483485373339159730E-17, 0.0001438393068347747271 ),
 .UNSPECIFIED. ) ;
#6844 = EDGE_LOOP ( 'NONE', ( #6626, #6615, #7197, #6695 ) ) ;
#6845 = DIRECTION ( 'NONE',  ( 1.644517855226008195E-15, 1.000000000000000000, 2.890435660536364269E-30 ) ) ;
#6846 = COLOUR_RGB ( '',0.7607843137254901578, 0.7607843137254901578, 0.0000000000000000000 ) ;
#6847 = VECTOR ( 'NONE', #9397, 39.37007874015748143 ) ;
#6848 = FACE_OUTER_BOUND ( 'NONE', #895, .T. ) ;
#6849 = FILL_AREA_STYLE_COLOUR ( '', #3579 ) ;
#6850 =( NAMED_UNIT ( * ) PLANE_ANGLE_UNIT ( ) SI_UNIT ( $, .RADIAN. ) );
#6851 = LINE ( 'NONE', #3094, #9259 ) ;
#6852 = VERTEX_POINT ( 'NONE', #9069 ) ;
#6853 = CARTESIAN_POINT ( 'NONE',  ( 0.5054375802373495263, -0.02312085409984031628, -0.2477362207212867040 ) ) ;
#6854 = LINE ( 'NONE', #458, #7241 ) ;
#6855 = COLOUR_RGB ( '',0.7607843137254901578, 0.7607843137254901578, 0.0000000000000000000 ) ;
#6856 = AXIS2_PLACEMENT_3D ( 'NONE', #3278, #8986, #6975 ) ;
#6857 = EDGE_CURVE ( 'NONE', #6059, #8291, #1866, .T. ) ;
#6858 = UNCERTAINTY_MEASURE_WITH_UNIT (LENGTH_MEASURE( 1.000000000000000082E-05 ), #3813, 'distance_accuracy_value', 'NONE');
#6859 = DIRECTION ( 'NONE',  ( -1.644517855226007801E-15, -1.000000000000000000, -2.890435660536363568E-30 ) ) ;
#6860 = EDGE_CURVE ( 'NONE', #5174, #2485, #9607, .T. ) ;
#6861 =( GEOMETRIC_REPRESENTATION_CONTEXT ( 3 ) GLOBAL_UNCERTAINTY_ASSIGNED_CONTEXT ( ( #11456 ) ) GLOBAL_UNIT_ASSIGNED_CONTEXT ( ( #6694, #1084, #6990 ) ) REPRESENTATION_CONTEXT ( 'NONE', 'WORKASPACE' ) );
#6862 = ORIENTED_EDGE ( 'NONE', *, *, #10067, .F. ) ;
#6863 = COLOUR_RGB ( '',0.2509803921568627416, 0.2509803921568627416, 0.2509803921568627416 ) ;
#6864 = AXIS2_PLACEMENT_3D ( 'NONE', #8005, #2360, #4959 ) ;
#6865 = ORIENTED_EDGE ( 'NONE', *, *, #11320, .F. ) ;
#6866 =( NAMED_UNIT ( * ) SI_UNIT ( $, .STERADIAN. ) SOLID_ANGLE_UNIT ( ) );
#6867 = AXIS2_PLACEMENT_3D ( 'NONE', #10773, #7865, #9761 ) ;
#6868 = PRESENTATION_LAYER_ASSIGNMENT (  '', '', ( #122 ) ) ;
#6869 = DIRECTION ( 'NONE',  ( 1.644517855226007801E-15, 1.000000000000000000, 2.890435660536363919E-30 ) ) ;
#6870 = FACE_OUTER_BOUND ( 'NONE', #2235, .T. ) ;
#6871 = DIRECTION ( 'NONE',  ( 1.582776894139421601E-15, -3.956942235348554004E-16, 1.000000000000000000 ) ) ;
#6872 = CARTESIAN_POINT ( 'NONE',  ( 0.5230445496231612701, -0.05876606348099620847, -0.1398622049738121320 ) ) ;
#6873 =( NAMED_UNIT ( * ) SI_UNIT ( $, .STERADIAN. ) SOLID_ANGLE_UNIT ( ) );
#6874 = VECTOR ( 'NONE', #3360, 39.37007874015748143 ) ;
#6875 = ADVANCED_FACE ( 'NONE', ( #108 ), #5548, .F. ) ;
#6876 = STYLED_ITEM ( 'NONE', ( #10583 ), #4671 ) ;
#6877 = CARTESIAN_POINT ( 'NONE',  ( 0.2813808601379170216, 0.1217789874329411881, -0.2831692915873953997 ) ) ;
#6878 = ORIENTED_EDGE ( 'NONE', *, *, #9119, .F. ) ;
#6879 = PRESENTATION_STYLE_ASSIGNMENT (( #9620 ) ) ;
#6880 =( CONVERSION_BASED_UNIT ( 'INCH', #4864 ) LENGTH_UNIT ( ) NAMED_UNIT ( #11346 ) );
#6881 = LINE ( 'NONE', #10514, #11801 ) ;
#6882 = LINE ( 'NONE', #11734, #6495 ) ;
#6883 = DIMENSIONAL_EXPONENTS ( 1.000000000000000000, 0.0000000000000000000, 0.0000000000000000000, 0.0000000000000000000, 0.0000000000000000000, 0.0000000000000000000, 0.0000000000000000000 ) ;
#6884 = ORIENTED_EDGE ( 'NONE', *, *, #6665, .T. ) ;
#6885 = CARTESIAN_POINT ( 'NONE',  ( 0.4920108682649397824, 0.04500733388959443637, -0.08789370103635522902 ) ) ;
#6886 = EDGE_CURVE ( 'NONE', #11459, #7139, #2826, .T. ) ;
#6887 = EDGE_CURVE ( 'NONE', #5750, #5299, #6439, .T. ) ;
#6888 = DIRECTION ( 'NONE',  ( -1.000000000000000000, -3.418540703040399067E-14, -1.748601263784622143E-15 ) ) ;
#6889 = ORIENTED_EDGE ( 'NONE', *, *, #4012, .T. ) ;
#6890 = DIRECTION ( 'NONE',  ( 6.044810485495209289E-12, 1.000000000000000000, 1.023181539495001156E-11 ) ) ;
#6891 = ORIENTED_EDGE ( 'NONE', *, *, #9843, .T. ) ;
#6892 = CARTESIAN_POINT ( 'NONE',  ( 0.1921925904901476134, -0.01880785086055357727, -0.2458134337086272658 ) ) ;
#6893 =( NAMED_UNIT ( * ) PLANE_ANGLE_UNIT ( ) SI_UNIT ( $, .RADIAN. ) );
#6894 = ORIENTED_EDGE ( 'NONE', *, *, #11858, .F. ) ;
#6895 = LENGTH_MEASURE_WITH_UNIT ( LENGTH_MEASURE( 0.02539999999999999897 ), #1336 );
#6896 = LINE ( 'NONE', #7928, #10065 ) ;
#6897 = PLANE ( 'NONE',  #10337 ) ;
#6898 = VERTEX_POINT ( 'NONE', #3654 ) ;
#6899 = EDGE_CURVE ( 'NONE', #2109, #7988, #11847, .T. ) ;
#6900 = CARTESIAN_POINT ( 'NONE',  ( 0.4144549945979169592, 0.1060309559368543542, -0.2823818900125918407 ) ) ;
#6901 = CARTESIAN_POINT ( 'NONE',  ( 0.1843617094242556986, -0.01798479209465704554, -0.04822661442263162512 ) ) ;
#6902 = PLANE ( 'NONE',  #9774 ) ;
#6903 = EDGE_LOOP ( 'NONE', ( #8855, #11728, #7177, #7388 ) ) ;
#6904 = CARTESIAN_POINT ( 'NONE',  ( 0.5155227596967743020, -0.02169457574273202585, -0.1677085311257820455 ) ) ;
#6905 = ORIENTED_EDGE ( 'NONE', *, *, #10103, .F. ) ;
#6906 =( LENGTH_UNIT ( ) NAMED_UNIT ( * ) SI_UNIT ( $, .METRE. ) );
#6907 = ORIENTED_EDGE ( 'NONE', *, *, #10956, .T. ) ;
#6908 = SURFACE_STYLE_USAGE ( .BOTH. , #3397 ) ;
#6909 = SURFACE_STYLE_USAGE ( .BOTH. , #1411 ) ;
#6910 =( NAMED_UNIT ( * ) SI_UNIT ( $, .STERADIAN. ) SOLID_ANGLE_UNIT ( ) );
#6911 = AXIS2_PLACEMENT_3D ( 'NONE', #5230, #7960, #7780 ) ;
#6912 = EDGE_LOOP ( 'NONE', ( #7154, #3434, #9343, #698 ) ) ;
#6913 = CARTESIAN_POINT ( 'NONE',  ( 0.5096303506627006819, 0.02914268067976761439, -0.1272637797763677414 ) ) ;
#6914 = SURFACE_STYLE_USAGE ( .BOTH. , #3215 ) ;
#6915 =( CONVERSION_BASED_UNIT ( 'INCH', #8615 ) LENGTH_UNIT ( ) NAMED_UNIT ( #3860 ) );
#6916 = PRESENTATION_LAYER_ASSIGNMENT (  '', '', ( #4190 ) ) ;
#6917 = CARTESIAN_POINT ( 'NONE',  ( 0.1897048287127788002, -0.02376850682428404901, -0.1674213445113989507 ) ) ;
#6918 =( GEOMETRIC_REPRESENTATION_CONTEXT ( 3 ) GLOBAL_UNCERTAINTY_ASSIGNED_CONTEXT ( ( #10823 ) ) GLOBAL_UNIT_ASSIGNED_CONTEXT ( ( #9541, #1231, #4171 ) ) REPRESENTATION_CONTEXT ( 'NONE', 'WORKASPACE' ) );
#6919 = ORIENTED_EDGE ( 'NONE', *, *, #1767, .T. ) ;
#6920 = ORIENTED_EDGE ( 'NONE', *, *, #10285, .T. ) ;
#6921 = FILL_AREA_STYLE ('',( #11533 ) ) ;
#6922 = CARTESIAN_POINT ( 'NONE',  ( 0.1896577093114365509, -0.02375406862796411792, -0.04773622072184419141 ) ) ;
#6923 = CARTESIAN_POINT ( 'NONE',  ( 0.1916282702576109498, -0.02108063623287758162, -0.04723852316359060388 ) ) ;
#6924 = LINE ( 'NONE', #10625, #7106 ) ;
#6925 = ADVANCED_FACE ( 'NONE', ( #7180 ), #10935, .T. ) ;
#6926 = SURFACE_SIDE_STYLE ('',( #8934 ) ) ;
#6927 = CIRCLE ( 'NONE', #11001, 0.005905511811027547645 ) ;
#6928 = FILL_AREA_STYLE_COLOUR ( '', #4716 ) ;
#6929 = ORIENTED_EDGE ( 'NONE', *, *, #9438, .T. ) ;
#6930 = CARTESIAN_POINT ( 'NONE',  ( 0.3140612938105262764, 0.1020939480628624274, -0.08218503961889105092 ) ) ;
#6931 = ORIENTED_EDGE ( 'NONE', *, *, #1168, .T. ) ;
#6932 = CARTESIAN_POINT ( 'NONE',  ( 0.5171213436152473086, -0.02373449098435620117, -0.1477362207211879164 ) ) ;
#6933 = DIRECTION ( 'NONE',  ( -1.000000000000000000, 1.644517855226007801E-15, -4.118119432544784945E-12 ) ) ;
#6934 = DIRECTION ( 'NONE',  ( -3.349940197328361899E-10, 5.509065224505827021E-25, -1.000000000000000000 ) ) ;
#6935 = DIRECTION ( 'NONE',  ( -1.582776894139425349E-15, -1.000000000000000000, -2.505182696621675477E-30 ) ) ;
#6936 = EDGE_CURVE ( 'NONE', #10128, #10255, #4556, .T. ) ;
#6937 = DIRECTION ( 'NONE',  ( -0.5730959463349092342, -0.8184658334306105232, -0.04092329167150157015 ) ) ;
#6938 = ORIENTED_EDGE ( 'NONE', *, *, #3705, .T. ) ;
#6939 = LINE ( 'NONE', #10641, #2621 ) ;
#6940 = VECTOR ( 'NONE', #65, 39.37007874015748143 ) ;
#6941 = CARTESIAN_POINT ( 'NONE',  ( 0.3928014512908303835, 0.1020939480628583335, -0.2821850396188911869 ) ) ;
#6942 = UNCERTAINTY_MEASURE_WITH_UNIT (LENGTH_MEASURE( 1.000000000000000082E-05 ), #10714, 'distance_accuracy_value', 'NONE');
#6943 = DIRECTION ( 'NONE',  ( -1.000000000000000000, 1.644517855226007801E-15, -8.234490263801784106E-12 ) ) ;
#6944 = ORIENTED_EDGE ( 'NONE', *, *, #2234, .F. ) ;
#6945 = SURFACE_SIDE_STYLE ('',( #7799 ) ) ;
#6946 = VERTEX_POINT ( 'NONE', #11973 ) ;
#6947 = AXIS2_PLACEMENT_3D ( 'NONE', #2101, #11482, #3956 ) ;
#6948 = LINE ( 'NONE', #3376, #2306 ) ;
#6949 = CARTESIAN_POINT ( 'NONE',  ( 0.2506952668926404892, 0.03516481420455545848, -0.08376177190259220806 ) ) ;
#6950 = EDGE_LOOP ( 'NONE', ( #6512, #846, #2675, #10640 ) ) ;
#6951 = EDGE_CURVE ( 'NONE', #7982, #4138, #8272, .T. ) ;
#6952 = ORIENTED_EDGE ( 'NONE', *, *, #7335, .T. ) ;
#6953 = ADVANCED_FACE ( 'NONE', ( #10217 ), #10875, .F. ) ;
#6954 = SURFACE_SIDE_STYLE ('',( #7748 ) ) ;
#6955 =( NAMED_UNIT ( * ) SI_UNIT ( $, .STERADIAN. ) SOLID_ANGLE_UNIT ( ) );
#6956 = ORIENTED_EDGE ( 'NONE', *, *, #2584, .T. ) ;
#6957 = DIRECTION ( 'NONE',  ( 1.000000000000000000, -1.626303258728252509E-15, 8.234515500027385174E-12 ) ) ;
#6958 = CARTESIAN_POINT ( 'NONE',  ( 0.2313841284562322687, 0.03516481420455547235, -0.1272637797769622658 ) ) ;
#6959 = CARTESIAN_POINT ( 'NONE',  ( 0.4561674782086246327, 0.03516481420455511153, -0.03139570891121379326 ) ) ;
#6960 = CIRCLE ( 'NONE', #4850, 0.005905511811027568461 ) ;
#6961 = STYLED_ITEM ( 'NONE', ( #10177 ), #1270 ) ;
#6962 = DIMENSIONAL_EXPONENTS ( 1.000000000000000000, 0.0000000000000000000, 0.0000000000000000000, 0.0000000000000000000, 0.0000000000000000000, 0.0000000000000000000, 0.0000000000000000000 ) ;
#6963 = DIRECTION ( 'NONE',  ( -8.247014182617143564E-13, 6.985523270895014608E-13, -1.000000000000000000 ) ) ;
#6964 = ORIENTED_EDGE ( 'NONE', *, *, #7135, .T. ) ;
#6965 = CARTESIAN_POINT ( 'NONE',  ( 0.5483132623143616158, -0.03570132752772850471, -0.06742126009100976591 ) ) ;
#6966 = ORIENTED_EDGE ( 'NONE', *, *, #1547, .F. ) ;
#6967 =( NAMED_UNIT ( * ) PLANE_ANGLE_UNIT ( ) SI_UNIT ( $, .RADIAN. ) );
#6968 = ORIENTED_EDGE ( 'NONE', *, *, #11530, .F. ) ;
#6969 = FILL_AREA_STYLE ('',( #3272 ) ) ;
#6970 = VECTOR ( 'NONE', #3778, 39.37007874015748143 ) ;
#6971 =( NAMED_UNIT ( * ) SI_UNIT ( $, .STERADIAN. ) SOLID_ANGLE_UNIT ( ) );
#6972 = DIRECTION ( 'NONE',  ( -0.05226423163383491638, -0.4972609476841245435, 0.8660254037844449249 ) ) ;
#6973 = VERTEX_POINT ( 'NONE', #9309 ) ;
#6974 = CARTESIAN_POINT ( 'NONE',  ( 0.4920108682637900910, 0.02729079845652354619, -0.04822661442218195010 ) ) ;
#6975 = DIRECTION ( 'NONE',  ( 1.000000000000000000, 2.710505431213753985E-15, 8.233431297854898054E-12 ) ) ;
#6976 = UNCERTAINTY_MEASURE_WITH_UNIT (LENGTH_MEASURE( 1.000000000000000082E-05 ), #6662, 'distance_accuracy_value', 'NONE');
#6977 = LINE ( 'NONE', #1549, #10898 ) ;
#6978 = PRESENTATION_LAYER_ASSIGNMENT (  '', '', ( #3298 ) ) ;
#6979 = VECTOR ( 'NONE', #4961, 39.37007874015748143 ) ;
#6980 = ORIENTED_EDGE ( 'NONE', *, *, #5777, .T. ) ;
#6981 = EDGE_CURVE ( 'NONE', #4152, #8384, #2573, .T. ) ;
#6982 = VERTEX_POINT ( 'NONE', #3710 ) ;
#6983 = FILL_AREA_STYLE_COLOUR ( '', #5313 ) ;
#6984 = CARTESIAN_POINT ( 'NONE',  ( 0.2372226159768141274, 0.04500733388959483189, -0.1878937010363324056 ) ) ;
#6985 = CARTESIAN_POINT ( 'NONE',  ( 0.3140612938105263319, 0.1060309559368545623, -0.03277559079979674994 ) ) ;
#6986 = LINE ( 'NONE', #6136, #3235 ) ;
#6987 = DIRECTION ( 'NONE',  ( 1.000000000000000000, -1.644517855226007801E-15, 3.368510880617784864E-12 ) ) ;
#6988 = ORIENTED_EDGE ( 'NONE', *, *, #3342, .F. ) ;
#6989 = EDGE_CURVE ( 'NONE', #9879, #4128, #7423, .T. ) ;
#6990 =( NAMED_UNIT ( * ) SI_UNIT ( $, .STERADIAN. ) SOLID_ANGLE_UNIT ( ) );
#6991 = MECHANICAL_DESIGN_GEOMETRIC_PRESENTATION_REPRESENTATION (  '', ( #9532 ), #10671 ) ;
#6992 = ORIENTED_EDGE ( 'NONE', *, *, #1357, .F. ) ;
#6993 = DIRECTION ( 'NONE',  ( 1.644517855226008195E-15, 1.000000000000000000, 2.890435660536364269E-30 ) ) ;
#6994 = CARTESIAN_POINT ( 'NONE',  ( 0.1921925904901476134, -0.01880785086055357727, -0.2458134337086272658 ) ) ;
#6995 = DIRECTION ( 'NONE',  ( -1.644517855226008392E-15, -1.000000000000000000, -6.123233995736766036E-17 ) ) ;
#6996 = DIRECTION ( 'NONE',  ( -1.748601263784622143E-15, 0.0000000000000000000, 1.000000000000000000 ) ) ;
#6997 = LENGTH_MEASURE_WITH_UNIT ( LENGTH_MEASURE( 0.02539999999999999897 ), #9020 );
#6998 = EDGE_LOOP ( 'NONE', ( #824, #2364, #1985, #10812, #8926, #8899 ) ) ;
#6999 =( NAMED_UNIT ( * ) SI_UNIT ( $, .STERADIAN. ) SOLID_ANGLE_UNIT ( ) );
#7000 = FILL_AREA_STYLE_COLOUR ( '', #7067 ) ;
#7001 = ADVANCED_FACE ( 'NONE', ( #9434 ), #5830, .T. ) ;
#7002 = EDGE_LOOP ( 'NONE', ( #6103, #3394, #10310, #89 ) ) ;
#7003 = VERTEX_POINT ( 'NONE', #9365 ) ;
#7004 = DIRECTION ( 'NONE',  ( 0.05226423164096315188, -0.4972609476841257092, -0.8660254037840142693 ) ) ;
#7005 = ORIENTED_EDGE ( 'NONE', *, *, #11836, .F. ) ;
#7006 = ORIENTED_EDGE ( 'NONE', *, *, #10632, .F. ) ;
#7007 = DIRECTION ( 'NONE',  ( 1.644517855226008195E-15, 1.000000000000000000, -6.888556729901376831E-28 ) ) ;
#7008 = CARTESIAN_POINT ( 'NONE',  ( 0.2506952668928376649, 0.03516481420455543766, -0.1373012207214504010 ) ) ;
#7009 = SURFACE_STYLE_FILL_AREA ( #5334 ) ;
#7010 = ORIENTED_EDGE ( 'NONE', *, *, #1891, .F. ) ;
#7011 = DIRECTION ( 'NONE',  ( -1.000000000000000000, 2.433329250326600975E-14, -1.748601263784622143E-15 ) ) ;
#7012 = DIRECTION ( 'NONE',  ( -2.836710033957226591E-12, -1.000000000000000000, 1.065814103797950606E-13 ) ) ;
#7013 = FILL_AREA_STYLE ('',( #6170 ) ) ;
#7014 = EDGE_CURVE ( 'NONE', #7424, #5158, #6739, .T. ) ;
#7015 = CARTESIAN_POINT ( 'NONE',  ( 0.4561674782085065605, 0.04500733388959448494, -0.03730122072223737706 ) ) ;
#7016 = COLOUR_RGB ( '',1.000000000000000000, 1.000000000000000000, 1.000000000000000000 ) ;
#7017 = VERTEX_POINT ( 'NONE', #9489 ) ;
#7018 = LINE ( 'NONE', #9649, #2391 ) ;
#7019 = ADVANCED_FACE ( 'NONE', ( #6616 ), #9612, .F. ) ;
#7020 = ORIENTED_EDGE ( 'NONE', *, *, #4444, .T. ) ;
#7021 = CARTESIAN_POINT ( 'NONE',  ( 0.3140612938105271645, 0.1060309559368545207, -0.2319881892249936461 ) ) ;
#7022 = EDGE_LOOP ( 'NONE', ( #1962, #4208, #4352, #8955, #4440, #6545 ) ) ;
#7023 = VECTOR ( 'NONE', #5198, 39.37007874015748143 ) ;
#7024 = FILL_AREA_STYLE ('',( #8791 ) ) ;
#7025 = SURFACE_STYLE_FILL_AREA ( #707 ) ;
#7026 = SURFACE_STYLE_FILL_AREA ( #8793 ) ;
#7027 = AXIS2_PLACEMENT_3D ( 'NONE', #8385, #11175, #10096 ) ;
#7028 = ORIENTED_EDGE ( 'NONE', *, *, #4968, .F. ) ;
#7029 = VECTOR ( 'NONE', #1843, 39.37007874015748143 ) ;
#7030 = FACE_OUTER_BOUND ( 'NONE', #2980, .T. ) ;
#7031 = AXIS2_PLACEMENT_3D ( 'NONE', #2213, #2271, #11245 ) ;
#7032 = EDGE_CURVE ( 'NONE', #3738, #2766, #3825, .T. ) ;
#7033 = CARTESIAN_POINT ( 'NONE',  ( 0.1585494827869410039, -0.02585880784268851026, -0.1878937010368049165 ) ) ;
#7034 = VECTOR ( 'NONE', #1855, 39.37007874015748143 ) ;
#7035 = VERTEX_POINT ( 'NONE', #3935 ) ;
#7036 = DIMENSIONAL_EXPONENTS ( 1.000000000000000000, 0.0000000000000000000, 0.0000000000000000000, 0.0000000000000000000, 0.0000000000000000000, 0.0000000000000000000, 0.0000000000000000000 ) ;
#7037 = VECTOR ( 'NONE', #2404, 39.37007874015748143 ) ;
#7038 = MECHANICAL_DESIGN_GEOMETRIC_PRESENTATION_REPRESENTATION (  '', ( #4322 ), #6641 ) ;
#7039 = VERTEX_POINT ( 'NONE', #7717 ) ;
#7040 = DIRECTION ( 'NONE',  ( 0.9947848906855175644, -0.1019952021607034437, 1.739482117046542862E-15 ) ) ;
#7041 = SURFACE_SIDE_STYLE ('',( #6314 ) ) ;
#7042 = CARTESIAN_POINT ( 'NONE',  ( 0.4554196763415389038, 0.03516481420455509072, -0.2837617719029067453 ) ) ;
#7043 = VECTOR ( 'NONE', #3464, 39.37007874015748854 ) ;
#7044 = CARTESIAN_POINT ( 'NONE',  ( 0.2014422566030117934, -0.02496430041343659922, -0.1752952758399544120 ) ) ;
#7045 = LINE ( 'NONE', #3522, #9908 ) ;
#7046 = CARTESIAN_POINT ( 'NONE',  ( 0.2372226159726018857, 0.04500733388959481801, -0.2351377955249937257 ) ) ;
#7047 = VECTOR ( 'NONE', #3044, 39.37007874015748143 ) ;
#7048 = CARTESIAN_POINT ( 'NONE',  ( 0.3140612938105271645, 0.1020939480628584722, -0.2329724411934975259 ) ) ;
#7049 = CARTESIAN_POINT ( 'NONE',  ( 0.3140612938105268315, 0.1020939480628584861, -0.1821850396188913479 ) ) ;
#7050 = COLOUR_RGB ( '',0.2509803921568627416, 0.2509803921568627416, 0.2509803921568627416 ) ;
#7051 = EDGE_CURVE ( 'NONE', #387, #944, #6687, .T. ) ;
#7052 = AXIS2_PLACEMENT_3D ( 'NONE', #674, #2647, #10825 ) ;
#7053 = FILL_AREA_STYLE_COLOUR ( '', #4529 ) ;
#7054 =( GEOMETRIC_REPRESENTATION_CONTEXT ( 3 ) GLOBAL_UNCERTAINTY_ASSIGNED_CONTEXT ( ( #7590 ) ) GLOBAL_UNIT_ASSIGNED_CONTEXT ( ( #5940, #3159, #6866 ) ) REPRESENTATION_CONTEXT ( 'NONE', 'WORKASPACE' ) );
#7055 = ORIENTED_EDGE ( 'NONE', *, *, #6054, .T. ) ;
#7056 = COLOUR_RGB ( '',0.7607843137254901578, 0.7607843137254901578, 0.0000000000000000000 ) ;
#7057 = DIRECTION ( 'NONE',  ( -1.748601263784621748E-15, -1.482966057179117483E-32, 1.000000000000000000 ) ) ;
#7058 = STYLED_ITEM ( 'NONE', ( #9221 ), #4566 ) ;
#7059 = ORIENTED_EDGE ( 'NONE', *, *, #8768, .F. ) ;
#7060 = DIRECTION ( 'NONE',  ( 4.482742302360809843E-10, 0.0000000000000000000, -1.000000000000000000 ) ) ;
#7061 = CARTESIAN_POINT ( 'NONE',  ( 0.1918644830476397833, -0.02037404134002615899, -0.06827400171835128206 ) ) ;
#7062 = STYLED_ITEM ( 'NONE', ( #6569 ), #10841 ) ;
#7063 = LINE ( 'NONE', #10877, #10175 ) ;
#7064 = DIRECTION ( 'NONE',  ( -1.000000000000000000, 1.644517855226007801E-15, 3.935361670218154972E-13 ) ) ;
#7065 = FACE_OUTER_BOUND ( 'NONE', #5397, .T. ) ;
#7066 =( NAMED_UNIT ( * ) PLANE_ANGLE_UNIT ( ) SI_UNIT ( $, .RADIAN. ) );
#7067 = COLOUR_RGB ( '',1.000000000000000000, 1.000000000000000000, 1.000000000000000000 ) ;
#7068 = DIRECTION ( 'NONE',  ( -1.000000000000000000, 1.644517855226007801E-15, -8.234490263801784106E-12 ) ) ;
#7069 = SURFACE_SIDE_STYLE ('',( #11665 ) ) ;
#7070 = MECHANICAL_DESIGN_GEOMETRIC_PRESENTATION_REPRESENTATION (  '', ( #120 ), #2043 ) ;
#7071 = AXIS2_PLACEMENT_3D ( 'NONE', #9934, #7186, #6372 ) ;
#7072 = ORIENTED_EDGE ( 'NONE', *, *, #1784, .F. ) ;
#7073 = VECTOR ( 'NONE', #9823, 39.37007874015748854 ) ;
#7074 = UNCERTAINTY_MEASURE_WITH_UNIT (LENGTH_MEASURE( 1.000000000000000082E-05 ), #7457, 'distance_accuracy_value', 'NONE');
#7075 = CARTESIAN_POINT ( 'NONE',  ( 0.5483132623141996342, -0.02585880784268912436, -0.04773622072093100521 ) ) ;
#7076 = VECTOR ( 'NONE', #2194, 39.37007874015748143 ) ;
#7077 = ORIENTED_EDGE ( 'NONE', *, *, #5685, .F. ) ;
#7078 = CARTESIAN_POINT ( 'NONE',  ( 0.4625214697569325351, 0.03516481420455506990, -0.2317725596123949572 ) ) ;
#7079 = PRESENTATION_LAYER_ASSIGNMENT (  '', '', ( #333 ) ) ;
#7080 = EDGE_LOOP ( 'NONE', ( #11099, #2827, #10119 ) ) ;
#7081 = CARTESIAN_POINT ( 'NONE',  ( -0.1216505027520426024, 0.03516481420455605522, -0.9878914526895611337 ) ) ;
#7082 =( NAMED_UNIT ( * ) SI_UNIT ( $, .STERADIAN. ) SOLID_ANGLE_UNIT ( ) );
#7083 = EDGE_LOOP ( 'NONE', ( #3036, #1777, #3463, #10469 ) ) ;
#7084 = CARTESIAN_POINT ( 'NONE',  ( 0.4554196763415389038, 0.03516481420455509072, -0.2837617719029067453 ) ) ;
#7085 = DIRECTION ( 'NONE',  ( 1.644517855226008195E-15, 1.000000000000000000, -6.888556729901376831E-28 ) ) ;
#7086 = ADVANCED_FACE ( 'NONE', ( #5726 ), #164, .F. ) ;
#7087 = ORIENTED_EDGE ( 'NONE', *, *, #1592, .T. ) ;
#7088 = CARTESIAN_POINT ( 'NONE',  ( 0.4920108682649405596, 0.03516481420455502827, -0.2878937010363552540 ) ) ;
#7089 = DIRECTION ( 'NONE',  ( 1.000000000000000000, -1.582776894139425349E-15, 0.0000000000000000000 ) ) ;
#7090 = DIRECTION ( 'NONE',  ( 1.644517855226008195E-15, 1.000000000000000000, 2.890435660536364269E-30 ) ) ;
#7091 = LINE ( 'NONE', #7015, #291 ) ;
#7092 = ORIENTED_EDGE ( 'NONE', *, *, #1014, .F. ) ;
#7093 = DIRECTION ( 'NONE',  ( -0.6691306063588781106, 0.7431448254773763695, 0.0000000000000000000 ) ) ;
#7094 = ORIENTED_EDGE ( 'NONE', *, *, #3745, .T. ) ;
#7095 = DIRECTION ( 'NONE',  ( -0.6691306063588773334, 0.7431448254773770357, -1.927470528863118161E-15 ) ) ;
#7096 = ORIENTED_EDGE ( 'NONE', *, *, #7136, .F. ) ;
#7097 = CARTESIAN_POINT ( 'NONE',  ( 0.3928014512908303835, 0.1060309559368543958, -0.2823818900125919518 ) ) ;
#7098 =( LENGTH_UNIT ( ) NAMED_UNIT ( * ) SI_UNIT ( $, .METRE. ) );
#7099 = EDGE_CURVE ( 'NONE', #193, #3130, #1613, .T. ) ;
#7100 = ORIENTED_EDGE ( 'NONE', *, *, #4129, .F. ) ;
#7101 = SURFACE_STYLE_USAGE ( .BOTH. , #5024 ) ;
#7102 =( NAMED_UNIT ( * ) PLANE_ANGLE_UNIT ( ) SI_UNIT ( $, .RADIAN. ) );
#7103 = FACE_OUTER_BOUND ( 'NONE', #6395, .T. ) ;
#7104 = UNCERTAINTY_MEASURE_WITH_UNIT (LENGTH_MEASURE( 1.000000000000000082E-05 ), #8642, 'distance_accuracy_value', 'NONE');
#7105 = ORIENTED_EDGE ( 'NONE', *, *, #10953, .T. ) ;
#7106 = VECTOR ( 'NONE', #5096, 39.37007874015748143 ) ;
#7107 = ORIENTED_EDGE ( 'NONE', *, *, #8189, .T. ) ;
#7108 = MECHANICAL_DESIGN_GEOMETRIC_PRESENTATION_REPRESENTATION (  '', ( #10784 ), #4976 ) ;
#7109 = SURFACE_STYLE_FILL_AREA ( #8740 ) ;
#7110 = LENGTH_MEASURE_WITH_UNIT ( LENGTH_MEASURE( 0.02539999999999999897 ), #775 );
#7111 = CARTESIAN_POINT ( 'NONE',  ( 0.2006796306912810302, -0.02488414520016167877, -0.2477362207218441748 ) ) ;
#7112 = EDGE_CURVE ( 'NONE', #1543, #4152, #4181, .T. ) ;
#7113 = DIRECTION ( 'NONE',  ( 0.0000000000000000000, 0.0000000000000000000, 1.000000000000000000 ) ) ;
#7114 = MECHANICAL_DESIGN_GEOMETRIC_PRESENTATION_REPRESENTATION (  '', ( #11957 ), #7890 ) ;
#7115 = EDGE_CURVE ( 'NONE', #7650, #8120, #7775, .T. ) ;
#7116 = CIRCLE ( 'NONE', #561, 0.007874015748027554662 ) ;
#7117 = ORIENTED_EDGE ( 'NONE', *, *, #3474, .F. ) ;
#7118 = DIRECTION ( 'NONE',  ( 7.913884470697103077E-16, -6.123233995736896691E-17, 1.000000000000000000 ) ) ;
#7119 = CARTESIAN_POINT ( 'NONE',  ( 0.1921925904901474469, -0.01880785086054883801, -0.06934404710513727976 ) ) ;
#7120 = ADVANCED_FACE ( 'NONE', ( #11460 ), #8928, .F. ) ;
#7121 = FACE_OUTER_BOUND ( 'NONE', #3618, .T. ) ;
#7122 = AXIS2_PLACEMENT_3D ( 'NONE', #4855, #3995, #7480 ) ;
#7123 = CARTESIAN_POINT ( 'NONE',  ( 0.4696401291258298638, 0.04500733388959445025, -0.1878937010365682170 ) ) ;
#7124 = CARTESIAN_POINT ( 'NONE',  ( 0.3928014512908304390, 0.1434325307400276250, -0.2791535435558992750 ) ) ;
#7125 = PRESENTATION_STYLE_ASSIGNMENT (( #1627 ) ) ;
#7126 = DIMENSIONAL_EXPONENTS ( 1.000000000000000000, 0.0000000000000000000, 0.0000000000000000000, 0.0000000000000000000, 0.0000000000000000000, 0.0000000000000000000, 0.0000000000000000000 ) ;
#7127 = PRESENTATION_STYLE_ASSIGNMENT (( #10765 ) ) ;
#7128 = SURFACE_STYLE_FILL_AREA ( #6208 ) ;
#7129 = ORIENTED_EDGE ( 'NONE', *, *, #10826, .F. ) ;
#7130 = CARTESIAN_POINT ( 'NONE',  ( 0.3140612938105267204, 0.1021333181416025776, -0.1329724411934974648 ) ) ;
#7131 = STYLED_ITEM ( 'NONE', ( #3147 ), #408 ) ;
#7132 =( NAMED_UNIT ( * ) SI_UNIT ( $, .STERADIAN. ) SOLID_ANGLE_UNIT ( ) );
#7133 = ORIENTED_EDGE ( 'NONE', *, *, #5202, .T. ) ;
#7134 = CARTESIAN_POINT ( 'NONE',  ( 0.5054377417277432505, -0.02312123604650304434, -0.2674212600913626892 ) ) ;
#7135 = EDGE_CURVE ( 'NONE', #9055, #2659, #5034, .T. ) ;
#7136 = EDGE_CURVE ( 'NONE', #1876, #10703, #8738, .T. ) ;
#7137 = DIRECTION ( 'NONE',  ( 1.000000000000000000, -1.644517855226007998E-15, -1.748601263784621946E-15 ) ) ;
#7138 = CARTESIAN_POINT ( 'NONE',  ( 0.4144549945979165151, 0.1060309559368543680, -0.1327755907997965612 ) ) ;
#7139 = VERTEX_POINT ( 'NONE', #11715 ) ;
#7140 = FACE_OUTER_BOUND ( 'NONE', #7428, .T. ) ;
#7141 = CARTESIAN_POINT ( 'NONE',  ( 0.2148518768365321463, 0.02729079845652397987, -0.3669308663911354240 ) ) ;
#7142 = VECTOR ( 'NONE', #803, 39.37007874015748143 ) ;
#7143 = DIRECTION ( 'NONE',  ( -0.05226423163383502740, -0.4972609476841255427, 0.8660254037844445918 ) ) ;
#7144 = ORIENTED_EDGE ( 'NONE', *, *, #6404, .F. ) ;
#7145 = SURFACE_STYLE_FILL_AREA ( #8297 ) ;
#7146 = DIRECTION ( 'NONE',  ( -3.349940197328361899E-10, 5.509065224505827021E-25, -1.000000000000000000 ) ) ;
#7147 = DIRECTION ( 'NONE',  ( -1.748601263784621748E-15, 0.0000000000000000000, 1.000000000000000000 ) ) ;
#7148 =( NAMED_UNIT ( * ) SI_UNIT ( $, .STERADIAN. ) SOLID_ANGLE_UNIT ( ) );
#7149 = CARTESIAN_POINT ( 'NONE',  ( 0.2506952668932711514, 0.04500733388959479025, -0.2373012207214504066 ) ) ;
#7150 = VECTOR ( 'NONE', #671, 39.37007874015748143 ) ;
#7151 = ORIENTED_EDGE ( 'NONE', *, *, #8393, .T. ) ;
#7152 = DIRECTION ( 'NONE',  ( -1.644517855226008195E-15, -1.000000000000000000, -6.123233995736766036E-17 ) ) ;
#7153 = EDGE_CURVE ( 'NONE', #5158, #8331, #6661, .T. ) ;
#7154 = ORIENTED_EDGE ( 'NONE', *, *, #7474, .F. ) ;
#7155 = ORIENTED_EDGE ( 'NONE', *, *, #1845, .T. ) ;
#7156 = COLOUR_RGB ( '',0.7607843137254901578, 0.7607843137254901578, 0.0000000000000000000 ) ;
#7157 =( LENGTH_UNIT ( ) NAMED_UNIT ( * ) SI_UNIT ( $, .METRE. ) );
#7158 = LINE ( 'NONE', #8311, #118 ) ;
#7159 = DIRECTION ( 'NONE',  ( -0.2761728431768883940, 0.9205744918961651369, 0.2761723475688889207 ) ) ;
#7160 = ORIENTED_EDGE ( 'NONE', *, *, #10462, .F. ) ;
#7161 = CARTESIAN_POINT ( 'NONE',  ( 0.4754786166452190099, 0.04240671319253163513, -0.3272637797758074507 ) ) ;
#7162 = CARTESIAN_POINT ( 'NONE',  ( 0.3140612938105271645, 0.1021333181416025637, -0.2329724411934975259 ) ) ;
#7163 = CARTESIAN_POINT ( 'NONE',  ( 0.5037097929783027617, -0.008688119764421379718, -0.2878937010362589977 ) ) ;
#7164 = AXIS2_PLACEMENT_3D ( 'NONE', #11418, #6808, #10761 ) ;
#7165 = ORIENTED_EDGE ( 'NONE', *, *, #545, .F. ) ;
#7166 = EDGE_CURVE ( 'NONE', #3963, #621, #9733, .T. ) ;
#7167 = CIRCLE ( 'NONE', #11813, 0.005905511811023618496 ) ;
#7168 = MECHANICAL_DESIGN_GEOMETRIC_PRESENTATION_REPRESENTATION (  '', ( #6189 ), #1576 ) ;
#7169 = VERTEX_POINT ( 'NONE', #6191 ) ;
#7170 = DIRECTION ( 'NONE',  ( 1.000000000000000000, -1.644517855226007801E-15, 1.748601263784621748E-15 ) ) ;
#7171 = CARTESIAN_POINT ( 'NONE',  ( 0.2532616618757514981, 0.03516481420455542378, -0.2781432499591669494 ) ) ;
#7172 = LINE ( 'NONE', #828, #7496 ) ;
#7173 = SURFACE_STYLE_FILL_AREA ( #727 ) ;
#7174 = CARTESIAN_POINT ( 'NONE',  ( 0.4561674782086251323, 0.03516481420455509765, -0.1313957089112138266 ) ) ;
#7175 = CARTESIAN_POINT ( 'NONE',  ( 0.2389260676734684674, 0.03516481420629898741, 0.01210629896319520213 ) ) ;
#7176 = AXIS2_PLACEMENT_3D ( 'NONE', #10331, #2809, #6609 ) ;
#7177 = ORIENTED_EDGE ( 'NONE', *, *, #6577, .T. ) ;
#7178 = ADVANCED_FACE ( 'NONE', ( #11585 ), #1423, .T. ) ;
#7179 = SURFACE_SIDE_STYLE ('',( #606 ) ) ;
#7180 = FACE_OUTER_BOUND ( 'NONE', #534, .T. ) ;
#7181 = CARTESIAN_POINT ( 'NONE',  ( 0.3496518449916174442, 0.1021333181416025082, -0.1360039372566866356 ) ) ;
#7182 = VECTOR ( 'NONE', #11811, 39.37007874015748143 ) ;
#7183 = AXIS2_PLACEMENT_3D ( 'NONE', #5182, #4135, #670 ) ;
#7184 = CARTESIAN_POINT ( 'NONE',  ( 0.3142156862761680269, 0.1020939480628585000, -0.007578740406095896970 ) ) ;
#7185 = FACE_OUTER_BOUND ( 'NONE', #7022, .T. ) ;
#7186 = DIRECTION ( 'NONE',  ( -1.582776894139425349E-15, -1.000000000000000000, -2.505182696621675477E-30 ) ) ;
#7187 = PLANE ( 'NONE',  #11604 ) ;
#7188 = CARTESIAN_POINT ( 'NONE',  ( 0.4554196763377200141, 0.04500733388959445719, -0.2778562600918830783 ) ) ;
#7189 = VERTEX_POINT ( 'NONE', #10677 ) ;
#7190 = FILL_AREA_STYLE ('',( #5611 ) ) ;
#7191 = UNCERTAINTY_MEASURE_WITH_UNIT (LENGTH_MEASURE( 1.000000000000000082E-05 ), #10178, 'distance_accuracy_value', 'NONE');
#7192 = EDGE_CURVE ( 'NONE', #8603, #10430, #8995, .T. ) ;
#7193 = LINE ( 'NONE', #4330, #2200 ) ;
#7194 = ORIENTED_EDGE ( 'NONE', *, *, #6417, .F. ) ;
#7195 = CARTESIAN_POINT ( 'NONE',  ( 0.3928014512908296063, 0.1434325307400276528, -0.07915354355589927782 ) ) ;
#7196 = CARTESIAN_POINT ( 'NONE',  ( 0.2490536793154355943, 0.003668751212429472927, -0.005563233721056699485 ) ) ;
#7197 = ORIENTED_EDGE ( 'NONE', *, *, #6056, .F. ) ;
#7198 = FILL_AREA_STYLE ('',( #11805 ) ) ;
#7199 = CARTESIAN_POINT ( 'NONE',  ( 0.2018299441358810120, -0.02127569993138964458, -0.1470670064287320222 ) ) ;
#7200 = EDGE_CURVE ( 'NONE', #2370, #3462, #2562, .T. ) ;
#7201 = CARTESIAN_POINT ( 'NONE',  ( 0.1585494827869413370, -0.03570132752772790796, -0.2674212600919230187 ) ) ;
#7202 = ORIENTED_EDGE ( 'NONE', *, *, #10806, .T. ) ;
#7203 = CARTESIAN_POINT ( 'NONE',  ( 0.4561674782086251878, 0.03516481420455509765, -0.1837617719031823249 ) ) ;
#7204 = CARTESIAN_POINT ( 'NONE',  ( 0.2372226159726011085, 0.04500733388959485270, -0.03513779552499369380 ) ) ;
#7205 = SURFACE_STYLE_USAGE ( .BOTH. , #5338 ) ;
#7206 =( BOUNDED_CURVE ( )  B_SPLINE_CURVE ( 3, ( #4249, #9868, #5239, #3652 ),
 .UNSPECIFIED., .F., .T. ) 
 B_SPLINE_CURVE_WITH_KNOTS ( ( 4, 4 ),
 ( 2.314863421232947971, 3.058929863299746366 ),
 .UNSPECIFIED. ) 
 CURVE ( )  GEOMETRIC_REPRESENTATION_ITEM ( )  RATIONAL_B_SPLINE_CURVE ( ( 1.000000000000000000, 0.9543934499307230590, 0.9543934499307230590, 1.000000000000000000 ) ) 
 REPRESENTATION_ITEM ( '' )  );
#7207 = DIMENSIONAL_EXPONENTS ( 1.000000000000000000, 0.0000000000000000000, 0.0000000000000000000, 0.0000000000000000000, 0.0000000000000000000, 0.0000000000000000000, 0.0000000000000000000 ) ;
#7208 = EDGE_CURVE ( 'NONE', #4927, #149, #6425, .T. ) ;
#7209 =( LENGTH_UNIT ( ) NAMED_UNIT ( * ) SI_UNIT ( $, .METRE. ) );
#7210 = ORIENTED_EDGE ( 'NONE', *, *, #201, .F. ) ;
#7211 =( CONVERSION_BASED_UNIT ( 'INCH', #3506 ) LENGTH_UNIT ( ) NAMED_UNIT ( #2311 ) );
#7212 = ORIENTED_EDGE ( 'NONE', *, *, #1817, .F. ) ;
#7213 = ORIENTED_EDGE ( 'NONE', *, *, #6899, .T. ) ;
#7214 = CARTESIAN_POINT ( 'NONE',  ( 0.4991006638888342284, 0.04500733388959441555, -0.02726377977645432632 ) ) ;
#7215 = DIRECTION ( 'NONE',  ( 1.644517855226008195E-15, 1.000000000000000000, -2.890435660536364269E-30 ) ) ;
#7216 = CARTESIAN_POINT ( 'NONE',  ( 0.2490536793154355943, 0.003668751212508218531, -0.005563233721056699485 ) ) ;
#7217 = VERTEX_POINT ( 'NONE', #5536 ) ;
#7218 = PRESENTATION_STYLE_ASSIGNMENT (( #5525 ) ) ;
#7219 = CARTESIAN_POINT ( 'NONE',  ( 0.2031529521231696944, -0.008688119764420883587, -0.2878937010368048388 ) ) ;
#7220 = LINE ( 'NONE', #11644, #9002 ) ;
#7221 = EDGE_CURVE ( 'NONE', #5549, #9158, #6075, .T. ) ;
#7222 = COLOUR_RGB ( '',1.000000000000000000, 1.000000000000000000, 1.000000000000000000 ) ;
#7223 = FACE_OUTER_BOUND ( 'NONE', #5610, .T. ) ;
#7224 = EDGE_LOOP ( 'NONE', ( #6229, #5134, #11935, #3867, #8130, #6114, #853, #8471 ) ) ;
#7225 = ORIENTED_EDGE ( 'NONE', *, *, #11398, .F. ) ;
#7226 =( NAMED_UNIT ( * ) SI_UNIT ( $, .STERADIAN. ) SOLID_ANGLE_UNIT ( ) );
#7227 = VECTOR ( 'NONE', #2496, 39.37007874015748143 ) ;
#7228 = DIRECTION ( 'NONE',  ( 1.000000000000000000, -1.644517855226007801E-15, 1.748601263784621748E-15 ) ) ;
#7229 = DIRECTION ( 'NONE',  ( 0.9040697402015712703, -1.084202172486047170E-15, -0.4273849609565868457 ) ) ;
#7230 = PRESENTATION_STYLE_ASSIGNMENT (( #8144 ) ) ;
#7231 = EDGE_CURVE ( 'NONE', #2666, #5714, #9056, .T. ) ;
#7232 = STYLED_ITEM ( 'NONE', ( #7478 ), #11193 ) ;
#7233 = SURFACE_STYLE_FILL_AREA ( #10988 ) ;
#7234 = AXIS2_PLACEMENT_3D ( 'NONE', #9472, #8479, #3975 ) ;
#7235 = ORIENTED_EDGE ( 'NONE', *, *, #4028, .F. ) ;
#7236 = CARTESIAN_POINT ( 'NONE',  ( 0.2415117421193332392, 0.001406162577626337683, -0.005563233721056699485 ) ) ;
#7237 = CIRCLE ( 'NONE', #7031, 0.005905511811023618496 ) ;
#7238 = DIRECTION ( 'NONE',  ( -1.644517855226007801E-15, -1.000000000000000000, -2.875605999964572744E-30 ) ) ;
#7239 = COLOUR_RGB ( '',0.7607843137254901578, 0.7607843137254901578, 0.0000000000000000000 ) ;
#7240 = DIRECTION ( 'NONE',  ( 0.0000000000000000000, 1.000000000000000000, 0.0000000000000000000 ) ) ;
#7241 = VECTOR ( 'NONE', #10563, 39.37007874015748143 ) ;
#7242 = EDGE_LOOP ( 'NONE', ( #1167, #11317, #10510, #7117 ) ) ;
#7243 = LINE ( 'NONE', #1980, #3388 ) ;
#7244 = DIRECTION ( 'NONE',  ( 1.644517855226008195E-15, 1.000000000000000000, 2.890435660536364269E-30 ) ) ;
#7245 = FILL_AREA_STYLE_COLOUR ( '', #3389 ) ;
#7246 = VECTOR ( 'NONE', #6890, 39.37007874015748143 ) ;
#7247 = FILL_AREA_STYLE ('',( #3538 ) ) ;
#7248 =( GEOMETRIC_REPRESENTATION_CONTEXT ( 3 ) GLOBAL_UNCERTAINTY_ASSIGNED_CONTEXT ( ( #8802 ) ) GLOBAL_UNIT_ASSIGNED_CONTEXT ( ( #1814, #1750, #7132 ) ) REPRESENTATION_CONTEXT ( 'NONE', 'WORKASPACE' ) );
#7249 =( LENGTH_UNIT ( ) NAMED_UNIT ( * ) SI_UNIT ( $, .METRE. ) );
#7250 = PRODUCT ( 'CUI_DEVICES_DS04-254-1-03BK-SMT', 'CUI_DEVICES_DS04-254-1-03BK-SMT', '', ( #6200 ) ) ;
#7251 = ADVANCED_FACE ( 'NONE', ( #1682 ), #11962, .F. ) ;
#7252 = ORIENTED_EDGE ( 'NONE', *, *, #47, .F. ) ;
#7253 = VECTOR ( 'NONE', #1306, 39.37007874015748143 ) ;
#7254 = SURFACE_SIDE_STYLE ('',( #57 ) ) ;
#7255 = CIRCLE ( 'NONE', #10742, 0.007874015748031495954 ) ;
#7256 = AXIS2_PLACEMENT_3D ( 'NONE', #1402, #9471, #391 ) ;
#7257 = ADVANCED_FACE ( 'NONE', ( #773 ), #9116, .F. ) ;
#7258 = B_SPLINE_CURVE_WITH_KNOTS ( 'NONE', 3,
 ( #10532, #4337, #10772, #10591, #3255, #3197, #8054, #2471, #9760, #3313 ),
 .UNSPECIFIED., .F., .F.,
 ( 4, 3, 3, 4 ),
 ( 2.489613624716600256E-17, 5.232092011450765041E-05, 0.0001048841986583177766, 0.0001556114547149463313 ),
 .UNSPECIFIED. ) ;
#7259 = PRESENTATION_STYLE_ASSIGNMENT (( #7797 ) ) ;
#7260 = VERTEX_POINT ( 'NONE', #4559 ) ;
#7261 = PRESENTATION_STYLE_ASSIGNMENT (( #10828 ) ) ;
#7262 = VECTOR ( 'NONE', #1410, 39.37007874015748143 ) ;
#7263 = SURFACE_STYLE_FILL_AREA ( #3551 ) ;
#7264 = AXIS2_PLACEMENT_3D ( 'NONE', #4387, #840, #11663 ) ;
#7265 = ORIENTED_EDGE ( 'NONE', *, *, #8309, .F. ) ;
#7266 = DIRECTION ( 'NONE',  ( 1.644517855226007801E-15, 1.000000000000000000, 2.875605999964572744E-30 ) ) ;
#7267 = LINE ( 'NONE', #6163, #1358 ) ;
#7268 = CARTESIAN_POINT ( 'NONE',  ( 0.2443412753455935782, 0.03516481420455544460, -0.1317725596143638211 ) ) ;
#7269 = EDGE_CURVE ( 'NONE', #7805, #7017, #5470, .T. ) ;
#7270 = EDGE_LOOP ( 'NONE', ( #5072, #6297, #3546, #4482 ) ) ;
#7271 = DIRECTION ( 'NONE',  ( 1.644517855226008195E-15, 1.000000000000000000, 2.890435660536364269E-30 ) ) ;
#7272 = CARTESIAN_POINT ( 'NONE',  ( -0.1216505027520430049, 0.04500733388959544945, -0.8878914526895611559 ) ) ;
#7273 = LENGTH_MEASURE_WITH_UNIT ( LENGTH_MEASURE( 0.02539999999999999897 ), #4469 );
#7274 = CARTESIAN_POINT ( 'NONE',  ( 0.1585494827869413093, -0.03570132752772790796, -0.2477362207218442858 ) ) ;
#7275 = VECTOR ( 'NONE', #5908, 39.37007874015748143 ) ;
#7276 = VECTOR ( 'NONE', #10115, 39.37007874015748143 ) ;
#7277 =( NAMED_UNIT ( * ) SI_UNIT ( $, .STERADIAN. ) SOLID_ANGLE_UNIT ( ) );
#7278 = VECTOR ( 'NONE', #8743, 39.37007874015748143 ) ;
#7279 = ORIENTED_EDGE ( 'NONE', *, *, #4978, .F. ) ;
#7280 =( NAMED_UNIT ( * ) PLANE_ANGLE_UNIT ( ) SI_UNIT ( $, .RADIAN. ) );
#7281 = ORIENTED_EDGE ( 'NONE', *, *, #10456, .F. ) ;
#7282 = CYLINDRICAL_SURFACE ( 'NONE', #3879, 0.007874015748031478606 ) ;
#7283 = ORIENTED_EDGE ( 'NONE', *, *, #6210, .T. ) ;
#7284 = EDGE_CURVE ( 'NONE', #944, #1759, #1909, .T. ) ;
#7285 = CARTESIAN_POINT ( 'NONE',  ( 0.4754786166451601126, 0.1020939480628582363, -0.3272637797765948764 ) ) ;
#7286 = ORIENTED_EDGE ( 'NONE', *, *, #8644, .T. ) ;
#7287 = PLANE ( 'NONE',  #601 ) ;
#7288 =( LENGTH_UNIT ( ) NAMED_UNIT ( * ) SI_UNIT ( $, .METRE. ) );
#7289 = VERTEX_POINT ( 'NONE', #721 ) ;
#7290 = DIMENSIONAL_EXPONENTS ( 1.000000000000000000, 0.0000000000000000000, 0.0000000000000000000, 0.0000000000000000000, 0.0000000000000000000, 0.0000000000000000000, 0.0000000000000000000 ) ;
#7291 = EDGE_LOOP ( 'NONE', ( #11339, #4149, #11557, #5848 ) ) ;
#7292 = ORIENTED_EDGE ( 'NONE', *, *, #84, .F. ) ;
#7293 = FILL_AREA_STYLE ('',( #8193 ) ) ;
#7294 = LINE ( 'NONE', #11963, #714 ) ;
#7295 = FACE_OUTER_BOUND ( 'NONE', #9964, .T. ) ;
#7296 = CARTESIAN_POINT ( 'NONE',  ( 0.1585494827869413648, -0.03570132752772790796, -0.2878937010368048943 ) ) ;
#7297 = FILL_AREA_STYLE ('',( #3468 ) ) ;
#7298 = LINE ( 'NONE', #5903, #7034 ) ;
#7299 = CARTESIAN_POINT ( 'NONE',  ( 0.4144549945979169037, 0.1060309559368543542, -0.2327755907997965668 ) ) ;
#7300 = ORIENTED_EDGE ( 'NONE', *, *, #6770, .T. ) ;
#7301 = FACE_OUTER_BOUND ( 'NONE', #11821, .T. ) ;
#7302 = AXIS2_PLACEMENT_3D ( 'NONE', #11303, #2890, #5568 ) ;
#7303 = DIRECTION ( 'NONE',  ( -0.9945218953682686269, 0.1045284632676983516, -1.739022243102431967E-15 ) ) ;
#7304 = CARTESIAN_POINT ( 'NONE',  ( 0.1843617094242563093, -0.02585880784268856231, -0.2674212600919229632 ) ) ;
#7305 = EDGE_CURVE ( 'NONE', #1348, #5299, #8262, .T. ) ;
#7306 = VERTEX_POINT ( 'NONE', #1794 ) ;
#7307 = CARTESIAN_POINT ( 'NONE',  ( 0.2453562723633097020, 0.03516481420455546542, -0.03391963584349765720 ) ) ;
#7308 = DIRECTION ( 'NONE',  ( -0.09052430460425825443, 0.8612812260087766569, -0.5000000000007340795 ) ) ;
#7309 = ORIENTED_EDGE ( 'NONE', *, *, #4991, .F. ) ;
#7310 =( GEOMETRIC_REPRESENTATION_CONTEXT ( 3 ) GLOBAL_UNCERTAINTY_ASSIGNED_CONTEXT ( ( #10698 ) ) GLOBAL_UNIT_ASSIGNED_CONTEXT ( ( #4794, #2024, #10210 ) ) REPRESENTATION_CONTEXT ( 'NONE', 'WORKASPACE' ) );
#7311 = CARTESIAN_POINT ( 'NONE',  ( 0.2924077505034287094, 0.1060309559368545623, -0.2327755907997968166 ) ) ;
#7312 = UNCERTAINTY_MEASURE_WITH_UNIT (LENGTH_MEASURE( 1.000000000000000082E-05 ), #5884, 'distance_accuracy_value', 'NONE');
#7313 = SURFACE_SIDE_STYLE ('',( #8226 ) ) ;
#7314 = VECTOR ( 'NONE', #1243, 39.37007874015748854 ) ;
#7315 = ORIENTED_EDGE ( 'NONE', *, *, #9438, .F. ) ;
#7316 =( NAMED_UNIT ( * ) SI_UNIT ( $, .STERADIAN. ) SOLID_ANGLE_UNIT ( ) );
#7317 = EDGE_CURVE ( 'NONE', #1172, #117, #697, .T. ) ;
#7318 = PLANE ( 'NONE',  #3668 ) ;
#7319 = PLANE ( 'NONE',  #6685 ) ;
#7320 = VERTEX_POINT ( 'NONE', #34 ) ;
#7321 = CARTESIAN_POINT ( 'NONE',  ( 0.2024471205824041609, 0.03516481420455553480, -0.02726377977696231580 ) ) ;
#7322 = DIRECTION ( 'NONE',  ( 0.6691306063588773334, -0.7431448254773770357, 1.927470528863118161E-15 ) ) ;
#7323 = DIRECTION ( 'NONE',  ( 8.234490263801784106E-12, -1.353889066150678860E-26, -1.000000000000000000 ) ) ;
#7324 = LINE ( 'NONE', #2718, #7619 ) ;
#7325 = ORIENTED_EDGE ( 'NONE', *, *, #4094, .F. ) ;
#7326 = CARTESIAN_POINT ( 'NONE',  ( 0.3926470588251995686, 0.1217789874329371080, -0.007578740406095759927 ) ) ;
#7327 = PLANE ( 'NONE',  #10471 ) ;
#7328 = DIRECTION ( 'NONE',  ( -1.000000000000000000, 1.644517855226007801E-15, -8.234490263801784106E-12 ) ) ;
#7329 =( GEOMETRIC_REPRESENTATION_CONTEXT ( 3 ) GLOBAL_UNCERTAINTY_ASSIGNED_CONTEXT ( ( #9040 ) ) GLOBAL_UNIT_ASSIGNED_CONTEXT ( ( #8853, #454, #4097 ) ) REPRESENTATION_CONTEXT ( 'NONE', 'WORKASPACE' ) );
#7330 = DIRECTION ( 'NONE',  ( 2.698884520361153650E-13, -4.467119842926643659E-28, 1.000000000000000000 ) ) ;
#7331 = UNCERTAINTY_MEASURE_WITH_UNIT (LENGTH_MEASURE( 1.000000000000000082E-05 ), #9705, 'distance_accuracy_value', 'NONE');
#7332 = LINE ( 'NONE', #11020, #2192 ) ;
#7333 = ORIENTED_EDGE ( 'NONE', *, *, #1188, .T. ) ;
#7334 = CARTESIAN_POINT ( 'NONE',  ( 0.5172050357898659856, -0.02375406862796466609, -0.1674212600912659554 ) ) ;
#7335 = EDGE_CURVE ( 'NONE', #2139, #11263, #3981, .T. ) ;
#7336 = EDGE_CURVE ( 'NONE', #7554, #10204, #3865, .T. ) ;
#7337 = VERTEX_POINT ( 'NONE', #10268 ) ;
#7338 = CARTESIAN_POINT ( 'NONE',  ( 0.1918973829254588259, -0.02046055635963479891, -0.1681681594472049790 ) ) ;
#7339 = ORIENTED_EDGE ( 'NONE', *, *, #5027, .F. ) ;
#7340 = SURFACE_SIDE_STYLE ('',( #3632 ) ) ;
#7341 = DIRECTION ( 'NONE',  ( -8.234490263801784106E-12, 1.353889066150678860E-26, 1.000000000000000000 ) ) ;
#7342 = ORIENTED_EDGE ( 'NONE', *, *, #8443, .T. ) ;
#7343 = CARTESIAN_POINT ( 'NONE',  ( 0.2313841284562279110, 0.03769412923981661778, -0.3244362367348594400 ) ) ;
#7344 = COLOUR_RGB ( '',0.7607843137254901578, 0.7607843137254901578, 0.0000000000000000000 ) ;
#7345 = DIRECTION ( 'NONE',  ( 0.4273849608879177753, -7.028421992352470748E-16, -0.9040697402340335254 ) ) ;
#7346 = COLOUR_RGB ( '',0.7607843137254901578, 0.7607843137254901578, 0.0000000000000000000 ) ;
#7347 = AXIS2_PLACEMENT_3D ( 'NONE', #8476, #3078, #4724 ) ;
#7348 = VERTEX_POINT ( 'NONE', #2079 ) ;
#7349 = ADVANCED_FACE ( 'NONE', ( #5768 ), #9478, .F. ) ;
#7350 = ORIENTED_EDGE ( 'NONE', *, *, #4284, .T. ) ;
#7351 = VERTEX_POINT ( 'NONE', #5592 ) ;
#7352 = DIRECTION ( 'NONE',  ( -0.09052430460425825443, 0.8612812260087766569, -0.5000000000007340795 ) ) ;
#7353 = LINE ( 'NONE', #6426, #5119 ) ;
#7354 = FILL_AREA_STYLE_COLOUR ( '', #8209 ) ;
#7355 =( GEOMETRIC_REPRESENTATION_CONTEXT ( 3 ) GLOBAL_UNCERTAINTY_ASSIGNED_CONTEXT ( ( #5629 ) ) GLOBAL_UNIT_ASSIGNED_CONTEXT ( ( #7562, #2958, #3024 ) ) REPRESENTATION_CONTEXT ( 'NONE', 'WORKASPACE' ) );
#7356 = FACE_OUTER_BOUND ( 'NONE', #9346, .T. ) ;
#7357 = DIRECTION ( 'NONE',  ( -8.234490263801784106E-12, 1.353889066150678573E-26, 1.000000000000000000 ) ) ;
#7358 = SURFACE_STYLE_FILL_AREA ( #3704 ) ;
#7359 =( CONVERSION_BASED_UNIT ( 'INCH', #8266 ) LENGTH_UNIT ( ) NAMED_UNIT ( #5511 ) );
#7360 = CARTESIAN_POINT ( 'NONE',  ( 0.5047076986982562685, -0.01818255847635045705, -0.07135826796538452532 ) ) ;
#7361 = LINE ( 'NONE', #11052, #3727 ) ;
#7363 = EDGE_CURVE ( 'NONE', #5549, #2957, #2018, .T. ) ;
#7362 = VECTOR ( 'NONE', #1698, 39.37007874015748143 ) ;
#7364 = AXIS2_PLACEMENT_3D ( 'NONE', #11363, #10412, #10465 ) ;
#7365 = ORIENTED_EDGE ( 'NONE', *, *, #5010, .F. ) ;
#7366 = CARTESIAN_POINT ( 'NONE',  ( 0.5166199610547631549, -0.02326537358669374111, -0.04773622072119201171 ) ) ;
#7367 = DIRECTION ( 'NONE',  ( -1.644517855226008195E-15, -1.000000000000000000, -0.0000000000000000000 ) ) ;
#7368 = EDGE_LOOP ( 'NONE', ( #6667, #3252, #7100, #3134 ) ) ;
#7369 = CARTESIAN_POINT ( 'NONE',  ( 0.3140612938105271645, 0.1020939480628584722, -0.2329724411934975259 ) ) ;
#7370 = DIRECTION ( 'NONE',  ( 0.9945218953682686269, -0.1045284632676983516, 1.739022243102431967E-15 ) ) ;
#7371 = DIMENSIONAL_EXPONENTS ( 1.000000000000000000, 0.0000000000000000000, 0.0000000000000000000, 0.0000000000000000000, 0.0000000000000000000, 0.0000000000000000000, 0.0000000000000000000 ) ;
#7372 = PRESENTATION_LAYER_ASSIGNMENT (  '', '', ( #2325 ) ) ;
#7373 = DIRECTION ( 'NONE',  ( -1.644517855226008195E-15, -1.000000000000000000, -2.890435660536364269E-30 ) ) ;
#7374 = ORIENTED_EDGE ( 'NONE', *, *, #3156, .F. ) ;
#7375 = CIRCLE ( 'NONE', #1580, 0.007874015748031504627 ) ;
#7376 = EDGE_CURVE ( 'NONE', #5905, #11003, #7255, .T. ) ;
#7377 = CARTESIAN_POINT ( 'NONE',  ( 0.2372226159726802952, 0.03516481420455546542, -0.1800196852883007848 ) ) ;
#7378 = AXIS2_PLACEMENT_3D ( 'NONE', #9992, #10044, #7240 ) ;
#7379 = STYLED_ITEM ( 'NONE', ( #2983 ), #1916 ) ;
#7380 = EDGE_LOOP ( 'NONE', ( #6889, #2383, #2245, #3651 ) ) ;
#7381 = DIRECTION ( 'NONE',  ( 0.0000000000000000000, 0.0000000000000000000, 1.000000000000000000 ) ) ;
#7382 = DIRECTION ( 'NONE',  ( -2.085096165010846546E-13, 3.400221813223966042E-28, 1.000000000000000000 ) ) ;
#7383 = CARTESIAN_POINT ( 'NONE',  ( 0.3928014512908299394, 0.1060309559368544097, -0.1823818900125919185 ) ) ;
#7384 = ORIENTED_EDGE ( 'NONE', *, *, #4272, .T. ) ;
#7385 = FACE_OUTER_BOUND ( 'NONE', #6531, .T. ) ;
#7386 = LINE ( 'NONE', #10118, #3269 ) ;
#7387 = CARTESIAN_POINT ( 'NONE',  ( 0.2031529521231688895, -0.008688119764420850627, -0.08789370103680482771 ) ) ;
#7388 = ORIENTED_EDGE ( 'NONE', *, *, #10286, .F. ) ;
#7389 = FACE_OUTER_BOUND ( 'NONE', #5692, .T. ) ;
#7390 = MECHANICAL_DESIGN_GEOMETRIC_PRESENTATION_REPRESENTATION (  '', ( #3507 ), #7967 ) ;
#7391 = CIRCLE ( 'NONE', #2151, 0.007874015748031499423 ) ;
#7392 = EDGE_CURVE ( 'NONE', #8605, #1802, #11312, .T. ) ;
#7393 = ADVANCED_FACE ( 'NONE', ( #6784 ), #1116, .T. ) ;
#7394 = CARTESIAN_POINT ( 'NONE',  ( 0.5483132623143620599, -0.03570132752772851858, -0.1674212600910097992 ) ) ;
#7395 = EDGE_LOOP ( 'NONE', ( #6765, #1127, #8, #11516 ) ) ;
#7396 = SURFACE_STYLE_USAGE ( .BOTH. , #1717 ) ;
#7397 = VERTEX_POINT ( 'NONE', #4843 ) ;
#7398 = ORIENTED_EDGE ( 'NONE', *, *, #7317, .T. ) ;
#7399 = CARTESIAN_POINT ( 'NONE',  ( 0.3928014512908295508, 0.1020939480628583751, -0.08218503961889118969 ) ) ;
#7400 = DIRECTION ( 'NONE',  ( -1.000000000000000000, 1.644517855226007801E-15, -8.234490263801784106E-12 ) ) ;
#7401 = EDGE_LOOP ( 'NONE', ( #8784, #9860, #6642, #3025 ) ) ;
#7402 = FILL_AREA_STYLE ('',( #4422 ) ) ;
#7403 = LENGTH_MEASURE_WITH_UNIT ( LENGTH_MEASURE( 0.02539999999999999897 ), #6540 );
#7404 = EDGE_CURVE ( 'NONE', #9693, #11205, #1006, .T. ) ;
#7405 = ORIENTED_EDGE ( 'NONE', *, *, #3819, .F. ) ;
#7406 = VERTEX_POINT ( 'NONE', #11221 ) ;
#7407 = ORIENTED_EDGE ( 'NONE', *, *, #4707, .T. ) ;
#7408 = CARTESIAN_POINT ( 'NONE',  ( 0.3928014512908295508, 0.1060309559368544235, -0.03277559079979661116 ) ) ;
#7409 = LINE ( 'NONE', #10328, #9988 ) ;
#7410 = SURFACE_STYLE_FILL_AREA ( #4680 ) ;
#7411 =( CONVERSION_BASED_UNIT ( 'INCH', #9058 ) LENGTH_UNIT ( ) NAMED_UNIT ( #4611 ) );
#7412 = CARTESIAN_POINT ( 'NONE',  ( 0.2514430687598456782, 0.03516481420455543766, -0.1837617719025922414 ) ) ;
#7413 = EDGE_CURVE ( 'NONE', #567, #11671, #2861, .T. ) ;
#7414 = VECTOR ( 'NONE', #3441, 39.37007874015748143 ) ;
#7415 = EDGE_CURVE ( 'NONE', #2831, #8080, #2127, .T. ) ;
#7416 = CARTESIAN_POINT ( 'NONE',  ( 0.4998417493303337622, 0.02811385722240937468, -0.02726377977644824785 ) ) ;
#7417 = PLANE ( 'NONE',  #7999 ) ;
#7418 = EDGE_LOOP ( 'NONE', ( #2177, #319, #9669, #3155 ) ) ;
#7419 = PLANE ( 'NONE',  #9772 ) ;
#7420 = CIRCLE ( 'NONE', #9555, 0.007874015748031489015 ) ;
#7421 = EDGE_CURVE ( 'NONE', #6600, #1826, #7468, .T. ) ;
#7422 = DIMENSIONAL_EXPONENTS ( 1.000000000000000000, 0.0000000000000000000, 0.0000000000000000000, 0.0000000000000000000, 0.0000000000000000000, 0.0000000000000000000, 0.0000000000000000000 ) ;
#7423 = LINE ( 'NONE', #5602, #9222 ) ;
#7424 = VERTEX_POINT ( 'NONE', #9423 ) ;
#7425 = DIRECTION ( 'NONE',  ( 1.748601263784621748E-15, 0.0000000000000000000, -1.000000000000000000 ) ) ;
#7426 = CARTESIAN_POINT ( 'NONE',  ( 0.5037097929778026062, -0.008688119764421345023, -0.02726377977641642608 ) ) ;
#7427 = EDGE_CURVE ( 'NONE', #10251, #5442, #5652, .T. ) ;
#7428 = EDGE_LOOP ( 'NONE', ( #3923, #8889, #5381, #7342, #5521, #8952 ) ) ;
#7429 = MECHANICAL_DESIGN_GEOMETRIC_PRESENTATION_REPRESENTATION (  '', ( #9180 ), #8982 ) ;
#7430 = VECTOR ( 'NONE', #858, 39.37007874015748143 ) ;
#7431 = FILL_AREA_STYLE ('',( #10352 ) ) ;
#7432 = MECHANICAL_DESIGN_GEOMETRIC_PRESENTATION_REPRESENTATION (  '', ( #8989 ), #3545 ) ;
#7433 = VERTEX_POINT ( 'NONE', #10491 ) ;
#7434 = DIRECTION ( 'NONE',  ( -9.825161517791774651E-12, 1.000000000000000000, 2.131628207298828060E-13 ) ) ;
#7435 = AXIS2_PLACEMENT_3D ( 'NONE', #2108, #3961, #7683 ) ;
#7436 = STYLED_ITEM ( 'NONE', ( #7259 ), #10660 ) ;
#7437 = DIRECTION ( 'NONE',  ( 8.234490263801784106E-12, -1.353889066150678573E-26, -1.000000000000000000 ) ) ;
#7438 = CYLINDRICAL_SURFACE ( 'NONE', #2131, 0.007874015748031490750 ) ;
#7439 = CARTESIAN_POINT ( 'NONE',  ( 0.3140612938105262764, 0.1020939480628624274, -0.08218503961889105092 ) ) ;
#7440 = PRODUCT_RELATED_PRODUCT_CATEGORY ( 'part', '', ( #7250 ) ) ;
#7441 = PRESENTATION_STYLE_ASSIGNMENT (( #11008 ) ) ;
#7442 = AXIS2_PLACEMENT_3D ( 'NONE', #3643, #1849, #7352 ) ;
#7443 =( CONVERSION_BASED_UNIT ( 'INCH', #2596 ) LENGTH_UNIT ( ) NAMED_UNIT ( #10242 ) );
#7444 = AXIS2_PLACEMENT_3D ( 'NONE', #9713, #1164, #7873 ) ;
#7445 = EDGE_LOOP ( 'NONE', ( #8295, #3009, #5411, #5569 ) ) ;
#7446 = VECTOR ( 'NONE', #3216, 39.37007874015748854 ) ;
#7447 = DIMENSIONAL_EXPONENTS ( 1.000000000000000000, 0.0000000000000000000, 0.0000000000000000000, 0.0000000000000000000, 0.0000000000000000000, 0.0000000000000000000, 0.0000000000000000000 ) ;
#7448 = VECTOR ( 'NONE', #3116, 39.37007874015748143 ) ;
#7449 = CARTESIAN_POINT ( 'NONE',  ( 0.2506952668926413219, 0.04500733388959479025, -0.2837617719025922192 ) ) ;
#7450 = CIRCLE ( 'NONE', #315, 0.005905511811023609822 ) ;
#7451 = DIRECTION ( 'NONE',  ( -0.9945218953682685159, 0.1045284632676983655, -1.739022243102431967E-15 ) ) ;
#7452 = MECHANICAL_DESIGN_GEOMETRIC_PRESENTATION_REPRESENTATION (  '', ( #7837 ), #8221 ) ;
#7453 = ORIENTED_EDGE ( 'NONE', *, *, #7479, .T. ) ;
#7454 = LINE ( 'NONE', #6532, #11672 ) ;
#7455 = VECTOR ( 'NONE', #154, 39.37007874015748143 ) ;
#7456 = ORIENTED_EDGE ( 'NONE', *, *, #6184, .T. ) ;
#7457 =( CONVERSION_BASED_UNIT ( 'INCH', #1663 ) LENGTH_UNIT ( ) NAMED_UNIT ( #2879 ) );
#7458 = ORIENTED_EDGE ( 'NONE', *, *, #2417, .T. ) ;
#7459 = ADVANCED_FACE ( 'NONE', ( #209 ), #3039, .F. ) ;
#7460 = DIRECTION ( 'NONE',  ( -1.748601263784622143E-15, 0.0000000000000000000, 1.000000000000000000 ) ) ;
#7461 = ORIENTED_EDGE ( 'NONE', *, *, #3229, .F. ) ;
#7462 = CARTESIAN_POINT ( 'NONE',  ( 0.5061831144100219504, -0.02488414520016214715, -0.06742126009135666898 ) ) ;
#7463 = VECTOR ( 'NONE', #5907, 39.37007874015748143 ) ;
#7464 = PLANE ( 'NONE',  #5860 ) ;
#7465 = EDGE_LOOP ( 'NONE', ( #5672, #5146, #10184, #4587 ) ) ;
#7466 = ORIENTED_EDGE ( 'NONE', *, *, #7112, .T. ) ;
#7467 = VERTEX_POINT ( 'NONE', #9655 ) ;
#7468 = LINE ( 'NONE', #11338, #2218 ) ;
#7469 = CARTESIAN_POINT ( 'NONE',  ( 9.967239113627036095E-16, 0.1021333181416031050, -0.2000000000000000111 ) ) ;
#7470 = ADVANCED_FACE ( 'NONE', ( #8785 ), #11576, .F. ) ;
#7471 = EDGE_LOOP ( 'NONE', ( #452, #7212, #11929, #3908 ) ) ;
#7472 = DIRECTION ( 'NONE',  ( -1.644517855226007801E-15, -1.000000000000000000, -2.890435660536363919E-30 ) ) ;
#7473 = LINE ( 'NONE', #9483, #7891 ) ;
#7474 = EDGE_CURVE ( 'NONE', #8754, #10430, #5212, .T. ) ;
#7475 = SURFACE_STYLE_USAGE ( .BOTH. , #1799 ) ;
#7476 = CARTESIAN_POINT ( 'NONE',  ( 0.5152090898307182254, -0.02393547695607490741, -0.1752952758393139521 ) ) ;
#7477 = ORIENTED_EDGE ( 'NONE', *, *, #2598, .T. ) ;
#7478 = PRESENTATION_STYLE_ASSIGNMENT (( #3770 ) ) ;
#7479 = EDGE_CURVE ( 'NONE', #5576, #8191, #583, .T. ) ;
#7480 = DIRECTION ( 'NONE',  ( 0.5735764363501911767, -0.8191520442895903198, 1.002956481479023946E-15 ) ) ;
#7481 = DIRECTION ( 'NONE',  ( 1.000000000000000000, -1.644517855226007801E-15, 1.748601263784622143E-15 ) ) ;
#7482 = CARTESIAN_POINT ( 'NONE',  ( 0.4536010832257899583, 0.04500733388959449188, -0.03701423085452092837 ) ) ;
#7483 = CARTESIAN_POINT ( 'NONE',  ( 0.5483132623143620599, -0.03570132752772851858, -0.1674212600910097992 ) ) ;
#7484 = ORIENTED_EDGE ( 'NONE', *, *, #9926, .F. ) ;
#7485 = CARTESIAN_POINT ( 'NONE',  ( 0.2148518768365317577, 0.02729079845652399722, -0.2669308663911354462 ) ) ;
#7486 = DIRECTION ( 'NONE',  ( 0.6691306063588773334, -0.7431448254773770357, 1.927470528863118161E-15 ) ) ;
#7487 = ADVANCED_FACE ( 'NONE', ( #8914 ), #4288, .F. ) ;
#7488 = ORIENTED_EDGE ( 'NONE', *, *, #248, .T. ) ;
#7489 = CARTESIAN_POINT ( 'NONE',  ( 0.2514430687583490975, 0.03516481420455545848, -0.07785626009152914195 ) ) ;
#7490 =( NAMED_UNIT ( * ) SI_UNIT ( $, .STERADIAN. ) SOLID_ANGLE_UNIT ( ) );
#7491 =( NAMED_UNIT ( * ) SI_UNIT ( $, .STERADIAN. ) SOLID_ANGLE_UNIT ( ) );
#7492 = DIRECTION ( 'NONE',  ( -0.5730959463349092342, -0.8184658334306105232, -0.04092329167150157015 ) ) ;
#7493 =( CONVERSION_BASED_UNIT ( 'INCH', #10236 ) LENGTH_UNIT ( ) NAMED_UNIT ( #11214 ) );
#7494 = ORIENTED_EDGE ( 'NONE', *, *, #1703, .F. ) ;
#7495 = CARTESIAN_POINT ( 'NONE',  ( 0.4615064727378371812, 0.03516481420455510459, -0.03391963584467835857 ) ) ;
#7496 = VECTOR ( 'NONE', #3592, 39.37007874015748143 ) ;
#7497 = ADVANCED_FACE ( 'NONE', ( #401 ), #8666, .F. ) ;
#7498 = CARTESIAN_POINT ( 'NONE',  ( 0.1843617094242563093, -0.01798479209465706288, -0.2674212600919229632 ) ) ;
#7499 = ADVANCED_FACE ( 'NONE', ( #10555 ), #5017, .F. ) ;
#7500 = EDGE_LOOP ( 'NONE', ( #11692, #8994, #3740, #6774 ) ) ;
#7501 = ORIENTED_EDGE ( 'NONE', *, *, #4444, .F. ) ;
#7502 = DIRECTION ( 'NONE',  ( 1.644517855226008195E-15, 1.000000000000000000, 2.890435660536364269E-30 ) ) ;
#7503 = VERTEX_POINT ( 'NONE', #9267 ) ;
#7504 = B_SPLINE_CURVE_WITH_KNOTS ( 'NONE', 3,
 ( #7618, #9508, #6814, #4938 ),
 .UNSPECIFIED., .F., .F.,
 ( 4, 4 ),
 ( 8.479875047663239238E-17, 0.0001438393068347744289 ),
 .UNSPECIFIED. ) ;
#7505 = CIRCLE ( 'NONE', #2280, 0.007874015748031482076 ) ;
#7506 = LINE ( 'NONE', #4779, #6798 ) ;
#7507 = ORIENTED_EDGE ( 'NONE', *, *, #11745, .T. ) ;
#7508 = DIRECTION ( 'NONE',  ( -0.9945218953682685159, 0.1045284632676983655, -1.739022243102431967E-15 ) ) ;
#7509 = PLANE ( 'NONE',  #2413 ) ;
#7510 = EDGE_CURVE ( 'NONE', #4026, #2370, #8457, .T. ) ;
#7511 = LENGTH_MEASURE_WITH_UNIT ( LENGTH_MEASURE( 0.02539999999999999897 ), #3032 );
#7512 = VECTOR ( 'NONE', #79, 39.37007874015748143 ) ;
#7513 = VERTEX_POINT ( 'NONE', #177 ) ;
#7514 = DIMENSIONAL_EXPONENTS ( 1.000000000000000000, 0.0000000000000000000, 0.0000000000000000000, 0.0000000000000000000, 0.0000000000000000000, 0.0000000000000000000, 0.0000000000000000000 ) ;
#7515 = ORIENTED_EDGE ( 'NONE', *, *, #11037, .T. ) ;
#7516 = DIRECTION ( 'NONE',  ( 0.4273849608619142426, -7.028421991924840098E-16, -0.9040697402463262478 ) ) ;
#7517 = ORIENTED_EDGE ( 'NONE', *, *, #5079, .T. ) ;
#7518 = DIRECTION ( 'NONE',  ( 0.0000000000000000000, 1.000000000000000000, 0.0000000000000000000 ) ) ;
#7519 = CARTESIAN_POINT ( 'NONE',  ( 0.1585494827869408929, -0.03570132752772788715, -0.1477362207218442802 ) ) ;
#7520 = CARTESIAN_POINT ( 'NONE',  ( 0.2019811918225117853, -0.01983667431788542143, -0.1458134337086158250 ) ) ;
#7521 = LINE ( 'NONE', #3646, #8925 ) ;
#7522 = CARTESIAN_POINT ( 'NONE',  ( 0.3496518449916177773, 0.1021333181416024943, -0.2360039372566866411 ) ) ;
#7523 = ADVANCED_FACE ( 'NONE', ( #6572 ), #9382, .T. ) ;
#7524 = DIRECTION ( 'NONE',  ( 1.000000000000000000, -1.644517855226007801E-15, 1.748601263784621748E-15 ) ) ;
#7525 = FACE_OUTER_BOUND ( 'NONE', #5012, .T. ) ;
#7526 = FILL_AREA_STYLE_COLOUR ( '', #5696 ) ;
#7527 =( GEOMETRIC_REPRESENTATION_CONTEXT ( 3 ) GLOBAL_UNCERTAINTY_ASSIGNED_CONTEXT ( ( #7331 ) ) GLOBAL_UNIT_ASSIGNED_CONTEXT ( ( #9705, #3258, #6030 ) ) REPRESENTATION_CONTEXT ( 'NONE', 'WORKASPACE' ) );
#7528 = EDGE_CURVE ( 'NONE', #4366, #2892, #1818, .T. ) ;
#7529 =( LENGTH_UNIT ( ) NAMED_UNIT ( * ) SI_UNIT ( $, .METRE. ) );
#7530 = ADVANCED_FACE ( 'NONE', ( #9326 ), #4700, .T. ) ;
#7531 = ORIENTED_EDGE ( 'NONE', *, *, #2935, .F. ) ;
#7532 = CIRCLE ( 'NONE', #604, 0.005905511811027564124 ) ;
#7533 = FILL_AREA_STYLE_COLOUR ( '', #11691 ) ;
#7534 = STYLED_ITEM ( 'NONE', ( #5753 ), #8591 ) ;
#7535 = CARTESIAN_POINT ( 'NONE',  ( 0.5146701546109776482, -0.01880785086054942781, -0.2458134337079937171 ) ) ;
#7536 =( NAMED_UNIT ( * ) SI_UNIT ( $, .STERADIAN. ) SOLID_ANGLE_UNIT ( ) );
#7537 = CARTESIAN_POINT ( 'NONE',  ( 0.3140612938105272200, 0.1020939480628584722, -0.2821850396188913535 ) ) ;
#7538 = COLOUR_RGB ( '',0.7607843137254901578, 0.7607843137254901578, 0.0000000000000000000 ) ;
#7539 = EDGE_LOOP ( 'NONE', ( #3038, #3830, #7333, #7703 ) ) ;
#7540 = PLANE ( 'NONE',  #10158 ) ;
#7541 = EDGE_CURVE ( 'NONE', #7643, #3410, #913, .T. ) ;
#7542 = DIRECTION ( 'NONE',  ( 1.000000000000000000, -1.734723475977064460E-15, -1.734723475977064460E-15 ) ) ;
#7543 = ORIENTED_EDGE ( 'NONE', *, *, #7770, .F. ) ;
#7544 = CARTESIAN_POINT ( 'NONE',  ( 0.4920108682644404596, 0.02729079845652356354, -0.02726377977651272058 ) ) ;
#7545 = VECTOR ( 'NONE', #11454, 39.37007874015748143 ) ;
#7546 = COLOUR_RGB ( '',0.7607843137254901578, 0.7607843137254901578, 0.0000000000000000000 ) ;
#7547 = DIRECTION ( 'NONE',  ( -1.644517855226007801E-15, -1.000000000000000000, -2.890435660536363919E-30 ) ) ;
#7548 = FACE_OUTER_BOUND ( 'NONE', #9333, .T. ) ;
#7549 = CARTESIAN_POINT ( 'NONE',  ( 0.2372226159726408268, 0.04500733388959483189, -0.1272637797769622658 ) ) ;
#7550 = CARTESIAN_POINT ( 'NONE',  ( 0.2148518768365311749, 0.04500733388959488740, -0.08789370103680475832 ) ) ;
#7551 =( NAMED_UNIT ( * ) PLANE_ANGLE_UNIT ( ) SI_UNIT ( $, .RADIAN. ) );
#7552 = LINE ( 'NONE', #3015, #5163 ) ;
#7553 = FILL_AREA_STYLE_COLOUR ( '', #476 ) ;
#7554 = VERTEX_POINT ( 'NONE', #1878 ) ;
#7555 = EDGE_CURVE ( 'NONE', #9422, #6242, #5561, .T. ) ;
#7556 = UNCERTAINTY_MEASURE_WITH_UNIT (LENGTH_MEASURE( 1.000000000000000082E-05 ), #4766, 'distance_accuracy_value', 'NONE');
#7557 =( GEOMETRIC_REPRESENTATION_CONTEXT ( 3 ) GLOBAL_UNCERTAINTY_ASSIGNED_CONTEXT ( ( #4769 ) ) GLOBAL_UNIT_ASSIGNED_CONTEXT ( ( #3148, #6850, #8726 ) ) REPRESENTATION_CONTEXT ( 'NONE', 'WORKASPACE' ) );
#7558 = CARTESIAN_POINT ( 'NONE',  ( 0.3496518449916178328, 0.1434325307400276805, -0.2360039372566866411 ) ) ;
#7559 = ORIENTED_EDGE ( 'NONE', *, *, #1846, .F. ) ;
#7560 =( NAMED_UNIT ( * ) SI_UNIT ( $, .STERADIAN. ) SOLID_ANGLE_UNIT ( ) );
#7561 = ORIENTED_EDGE ( 'NONE', *, *, #5541, .F. ) ;
#7562 =( CONVERSION_BASED_UNIT ( 'INCH', #11256 ) LENGTH_UNIT ( ) NAMED_UNIT ( #7207 ) );
#7563 = ORIENTED_EDGE ( 'NONE', *, *, #9867, .F. ) ;
#7564 = VECTOR ( 'NONE', #2180, 39.37007874015748143 ) ;
#7565 = LINE ( 'NONE', #2849, #7512 ) ;
#7566 = DIRECTION ( 'NONE',  ( 1.000000000000000000, -1.644517855226008195E-15, -1.387778780775897814E-15 ) ) ;
#7567 = AXIS2_PLACEMENT_3D ( 'NONE', #9564, #8633, #3838 ) ;
#7568 = LENGTH_MEASURE_WITH_UNIT ( LENGTH_MEASURE( 0.02539999999999999897 ), #4778 );
#7569 = VERTEX_POINT ( 'NONE', #7605 ) ;
#7570 = CARTESIAN_POINT ( 'NONE',  ( 0.2372226159726412154, 0.03516481420467355845, -0.2272637797769622714 ) ) ;
#7571 = LINE ( 'NONE', #1162, #11236 ) ;
#7572 = EDGE_CURVE ( 'NONE', #4071, #9648, #8396, .T. ) ;
#7573 = CARTESIAN_POINT ( 'NONE',  ( 0.2924077505034279323, 0.1060309559368545901, -0.03277559079979674994 ) ) ;
#7574 = CARTESIAN_POINT ( 'NONE',  ( 0.4754786166453179863, 0.04500733388959444331, -0.1272637797769618495 ) ) ;
#7575 = AXIS2_PLACEMENT_3D ( 'NONE', #11755, #3450, #10846 ) ;
#7576 = ORIENTED_EDGE ( 'NONE', *, *, #2527, .F. ) ;
#7577 = ORIENTED_EDGE ( 'NONE', *, *, #11320, .T. ) ;
#7578 = CARTESIAN_POINT ( 'NONE',  ( 0.4625214697567746613, 0.04500733388959445719, -0.1317725596127886367 ) ) ;
#7579 = ORIENTED_EDGE ( 'NONE', *, *, #872, .T. ) ;
#7580 = DIRECTION ( 'NONE',  ( -0.1045284632676950626, 0.9945218953682689600, -8.607386130680116915E-13 ) ) ;
#7581 = ORIENTED_EDGE ( 'NONE', *, *, #5643, .T. ) ;
#7582 =( CONVERSION_BASED_UNIT ( 'INCH', #11167 ) LENGTH_UNIT ( ) NAMED_UNIT ( #6453 ) );
#7583 = DIRECTION ( 'NONE',  ( -1.644517855226007801E-15, -1.000000000000000000, 6.888556729901404633E-28 ) ) ;
#7584 = DIRECTION ( 'NONE',  ( -0.1045284632676950626, 0.9945218953682689600, -8.607386130680116915E-13 ) ) ;
#7585 = EDGE_CURVE ( 'NONE', #2488, #6533, #7788, .T. ) ;
#7586 = CARTESIAN_POINT ( 'NONE',  ( 0.4696401291264987732, 0.03516481420455509765, -0.08789370103656818367 ) ) ;
#7587 = CIRCLE ( 'NONE', #10678, 0.005905511811027564992 ) ;
#7588 = EDGE_CURVE ( 'NONE', #10364, #7260, #7672, .T. ) ;
#7589 = FILL_AREA_STYLE ('',( #8265 ) ) ;
#7590 = UNCERTAINTY_MEASURE_WITH_UNIT (LENGTH_MEASURE( 1.000000000000000082E-05 ), #5940, 'distance_accuracy_value', 'NONE');
#7591 = LINE ( 'NONE', #6554, #8012 ) ;
#7592 = EDGE_LOOP ( 'NONE', ( #1886, #1414, #8415, #9213 ) ) ;
#7593 = CARTESIAN_POINT ( 'NONE',  ( 0.3140612938105227792, 0.1060309559368545484, -0.1319881892249936406 ) ) ;
#7594 = LINE ( 'NONE', #11283, #3250 ) ;
#7595 =( NAMED_UNIT ( * ) SI_UNIT ( $, .STERADIAN. ) SOLID_ANGLE_UNIT ( ) );
#7596 = EDGE_CURVE ( 'NONE', #10081, #5988, #3118, .T. ) ;
#7597 = DIMENSIONAL_EXPONENTS ( 1.000000000000000000, 0.0000000000000000000, 0.0000000000000000000, 0.0000000000000000000, 0.0000000000000000000, 0.0000000000000000000, 0.0000000000000000000 ) ;
#7598 = DIRECTION ( 'NONE',  ( -0.9040697403481670058, 1.445602896646373154E-15, -0.4273849606464854012 ) ) ;
#7599 = ORIENTED_EDGE ( 'NONE', *, *, #11109, .T. ) ;
#7600 = AXIS2_PLACEMENT_3D ( 'NONE', #9948, #7271, #9219 ) ;
#7601 = CARTESIAN_POINT ( 'NONE',  ( 0.1843617094242563093, -0.01798479209465706288, -0.2674212600919229632 ) ) ;
#7602 = ORIENTED_EDGE ( 'NONE', *, *, #8443, .F. ) ;
#7603 = DIRECTION ( 'NONE',  ( -0.4273849608095032226, 7.028421991062930673E-16, 0.9040697402711027619 ) ) ;
#7604 = STYLED_ITEM ( 'NONE', ( #2658 ), #3763 ) ;
#7605 = CARTESIAN_POINT ( 'NONE',  ( 0.2924077505034279323, 0.1060309559368545901, -0.03277559079979674994 ) ) ;
#7606 =( NAMED_UNIT ( * ) PLANE_ANGLE_UNIT ( ) SI_UNIT ( $, .RADIAN. ) );
#7607 = FACE_OUTER_BOUND ( 'NONE', #8179, .T. ) ;
#7608 = EDGE_CURVE ( 'NONE', #11885, #11036, #9968, .T. ) ;
#7609 = MECHANICAL_DESIGN_GEOMETRIC_PRESENTATION_REPRESENTATION (  '', ( #7645 ), #2010 ) ;
#7610 = SURFACE_STYLE_FILL_AREA ( #1093 ) ;
#7611 = AXIS2_PLACEMENT_3D ( 'NONE', #220, #9487, #4908 ) ;
#7612 = SURFACE_STYLE_USAGE ( .BOTH. , #5840 ) ;
#7613 = CARTESIAN_POINT ( 'NONE',  ( 0.1585494827869413648, -0.02585880784268852761, -0.2674212600919230187 ) ) ;
#7614 =( NAMED_UNIT ( * ) PLANE_ANGLE_UNIT ( ) SI_UNIT ( $, .RADIAN. ) );
#7615 = ORIENTED_EDGE ( 'NONE', *, *, #9513, .T. ) ;
#7616 = ADVANCED_FACE ( 'NONE', ( #1143 ), #6631, .T. ) ;
#7617 = AXIS2_PLACEMENT_3D ( 'NONE', #9686, #9621, #7547 ) ;
#7618 = CARTESIAN_POINT ( 'NONE',  ( 0.2006796306912810302, -0.02488414520016167877, -0.2477362207218441748 ) ) ;
#7619 = VECTOR ( 'NONE', #1885, 39.37007874015748143 ) ;
#7620 = AXIS2_PLACEMENT_3D ( 'NONE', #2754, #1863, #2178 ) ;
#7621 = DIRECTION ( 'NONE',  ( 1.000000000000000000, -1.644517855226007801E-15, 1.748601263784621748E-15 ) ) ;
#7622 = COLOUR_RGB ( '',1.000000000000000000, 1.000000000000000000, 1.000000000000000000 ) ;
#7623 = ORIENTED_EDGE ( 'NONE', *, *, #4775, .F. ) ;
#7624 = CARTESIAN_POINT ( 'NONE',  ( 0.4554196763415385152, 0.03516481420455510459, -0.1837617719029067676 ) ) ;
#7625 = AXIS2_PLACEMENT_3D ( 'NONE', #4492, #5593, #1008 ) ;
#7626 = VERTEX_POINT ( 'NONE', #3953 ) ;
#7627 = EDGE_LOOP ( 'NONE', ( #772, #9115, #4178, #11673 ) ) ;
#7628 = COLOUR_RGB ( '',0.7607843137254901578, 0.7607843137254901578, 0.0000000000000000000 ) ;
#7629 = ADVANCED_FACE ( 'NONE', ( #5898 ), #365, .T. ) ;
#7630 = FILL_AREA_STYLE ('',( #10376 ) ) ;
#7631 = FILL_AREA_STYLE ('',( #9464 ) ) ;
#7632 = DIRECTION ( 'NONE',  ( 0.0000000000000000000, 0.0000000000000000000, 1.000000000000000000 ) ) ;
#7633 = VECTOR ( 'NONE', #9140, 39.37007874015748143 ) ;
#7634 = VERTEX_POINT ( 'NONE', #11476 ) ;
#7635 =( NAMED_UNIT ( * ) SI_UNIT ( $, .STERADIAN. ) SOLID_ANGLE_UNIT ( ) );
#7636 = CARTESIAN_POINT ( 'NONE',  ( 0.5171906553894755065, -0.02376973408140405433, -0.04773620808020646866 ) ) ;
#7637 = FILL_AREA_STYLE_COLOUR ( '', #4124 ) ;
#7638 = VECTOR ( 'NONE', #1970, 39.37007874015748143 ) ;
#7639 = STYLED_ITEM ( 'NONE', ( #10141 ), #7257 ) ;
#7640 = PRESENTATION_LAYER_ASSIGNMENT (  '', '', ( #887 ) ) ;
#7641 = CARTESIAN_POINT ( 'NONE',  ( 0.5483132623141995232, -0.03570132752772850471, -0.04773622072093100521 ) ) ;
#7642 = AXIS2_PLACEMENT_3D ( 'NONE', #10381, #9470, #8536 ) ;
#7643 = VERTEX_POINT ( 'NONE', #3058 ) ;
#7644 = EDGE_CURVE ( 'NONE', #3569, #11575, #6807, .T. ) ;
#7645 = STYLED_ITEM ( 'NONE', ( #783 ), #11049 ) ;
#7646 = ORIENTED_EDGE ( 'NONE', *, *, #10285, .F. ) ;
#7647 = DIRECTION ( 'NONE',  ( -1.000000000000000000, 1.644517855226007801E-15, 3.935361670218154972E-13 ) ) ;
#7648 = ORIENTED_EDGE ( 'NONE', *, *, #6951, .F. ) ;
#7649 = DIRECTION ( 'NONE',  ( -0.05226423163383502740, -0.4972609476841255427, 0.8660254037844445918 ) ) ;
#7650 = VERTEX_POINT ( 'NONE', #5955 ) ;
#7651 = FACE_OUTER_BOUND ( 'NONE', #5423, .T. ) ;
#7652 = DIRECTION ( 'NONE',  ( 0.09052430460837394832, 0.8612812260087769900, 0.4999999999999884537 ) ) ;
#7653 =( GEOMETRIC_REPRESENTATION_CONTEXT ( 3 ) GLOBAL_UNCERTAINTY_ASSIGNED_CONTEXT ( ( #11427 ) ) GLOBAL_UNIT_ASSIGNED_CONTEXT ( ( #9117, #8194, #2683 ) ) REPRESENTATION_CONTEXT ( 'NONE', 'WORKASPACE' ) );
#7654 = VECTOR ( 'NONE', #11129, 39.37007874015748143 ) ;
#7655 = CARTESIAN_POINT ( 'NONE',  ( 0.4754786166455537422, 0.03516481420522438173, -0.02726377977696183702 ) ) ;
#7656 = CARTESIAN_POINT ( 'NONE',  ( 0.2372226159726799066, 0.04500733388959485270, -0.08001968528830076532 ) ) ;
#7657 = AXIS2_PLACEMENT_3D ( 'NONE', #6505, #1692, #9193 ) ;
#7658 = ORIENTED_EDGE ( 'NONE', *, *, #2161, .T. ) ;
#7659 = MECHANICAL_DESIGN_GEOMETRIC_PRESENTATION_REPRESENTATION (  '', ( #333 ), #9609 ) ;
#7660 = DIMENSIONAL_EXPONENTS ( 1.000000000000000000, 0.0000000000000000000, 0.0000000000000000000, 0.0000000000000000000, 0.0000000000000000000, 0.0000000000000000000, 0.0000000000000000000 ) ;
#7661 = LINE ( 'NONE', #11232, #4975 ) ;
#7662 = CYLINDRICAL_SURFACE ( 'NONE', #2914, 0.007874015748031499423 ) ;
#7663 = CARTESIAN_POINT ( 'NONE',  ( 0.2453562723637038867, 0.04500733388959481801, -0.1812378449682614523 ) ) ;
#7664 = DIRECTION ( 'NONE',  ( -1.644517855226008195E-15, -1.000000000000000000, -2.890435660536364269E-30 ) ) ;
#7665 =( BOUNDED_CURVE ( )  B_SPLINE_CURVE ( 3, ( #10633, #2327, #9994, #2455 ),
 .UNSPECIFIED., .F., .T. ) 
 B_SPLINE_CURVE_WITH_KNOTS ( ( 4, 4 ),
 ( 2.314863421232947971, 3.058929863299745922 ),
 .UNSPECIFIED. ) 
 CURVE ( )  GEOMETRIC_REPRESENTATION_ITEM ( )  RATIONAL_B_SPLINE_CURVE ( ( 1.000000000000000000, 0.9543934499307230590, 0.9543934499307230590, 1.000000000000000000 ) ) 
 REPRESENTATION_ITEM ( '' )  );
#7666 = DIRECTION ( 'NONE',  ( -1.555145074134650487E-15, -0.9987523388778386524, -0.04993761694401192830 ) ) ;
#7667 = CARTESIAN_POINT ( 'NONE',  ( 0.1921118837471637586, -0.01957572422721993305, -0.2686751326008042229 ) ) ;
#7668 = EDGE_CURVE ( 'NONE', #8136, #10701, #7237, .T. ) ;
#7669 = DIRECTION ( 'NONE',  ( 0.0000000000000000000, 0.0000000000000000000, 1.000000000000000000 ) ) ;
#7670 = ORIENTED_EDGE ( 'NONE', *, *, #9959, .T. ) ;
#7671 = DIRECTION ( 'NONE',  ( 0.6691306063588791098, 0.7431448254773753703, 5.509915440571338380E-12 ) ) ;
#7672 = LINE ( 'NONE', #4930, #2970 ) ;
#7673 = CARTESIAN_POINT ( 'NONE',  ( 0.4754786166447402262, 0.04500733388959444331, -0.1272637797766489332 ) ) ;
#7674 = LINE ( 'NONE', #2156, #3841 ) ;
#7675 = FILL_AREA_STYLE ('',( #7553 ) ) ;
#7676 = ORIENTED_EDGE ( 'NONE', *, *, #8189, .F. ) ;
#7677 = SURFACE_STYLE_USAGE ( .BOTH. , #3959 ) ;
#7678 = UNCERTAINTY_MEASURE_WITH_UNIT (LENGTH_MEASURE( 1.000000000000000082E-05 ), #5164, 'distance_accuracy_value', 'NONE');
#7679 = ADVANCED_FACE ( 'NONE', ( #3012 ), #3178, .T. ) ;
#7680 =( CONVERSION_BASED_UNIT ( 'INCH', #4824 ) LENGTH_UNIT ( ) NAMED_UNIT ( #1403 ) );
#7681 = CIRCLE ( 'NONE', #3983, 0.01771653543307087283 ) ;
#7682 = ORIENTED_EDGE ( 'NONE', *, *, #2073, .T. ) ;
#7683 = DIRECTION ( 'NONE',  ( 1.000000000000000000, -1.582776894139425349E-15, 0.0000000000000000000 ) ) ;
#7684 = ORIENTED_EDGE ( 'NONE', *, *, #7112, .F. ) ;
#7685 = CARTESIAN_POINT ( 'NONE',  ( 0.4754786166452389939, 0.04500733388959445719, -0.08789370103649142563 ) ) ;
#7686 = VERTEX_POINT ( 'NONE', #10410 ) ;
#7687 = PRESENTATION_LAYER_ASSIGNMENT (  '', '', ( #1904 ) ) ;
#7688 = LENGTH_MEASURE_WITH_UNIT ( LENGTH_MEASURE( 0.02539999999999999897 ), #2905 );
#7689 = DIRECTION ( 'NONE',  ( 1.000000000000000000, -1.644517855226007801E-15, 9.344843119434783951E-12 ) ) ;
#7690 = EDGE_LOOP ( 'NONE', ( #957, #1723, #5195, #7863, #8104, #7517, #8983, #4416, #3627, #8822 ) ) ;
#7691 = CARTESIAN_POINT ( 'NONE',  ( 0.5061831144098573043, -0.02488414520015543724, -0.1477362207212779832 ) ) ;
#7692 = SURFACE_SIDE_STYLE ('',( #6831 ) ) ;
#7693 =( GEOMETRIC_REPRESENTATION_CONTEXT ( 3 ) GLOBAL_UNCERTAINTY_ASSIGNED_CONTEXT ( ( #9025 ) ) GLOBAL_UNIT_ASSIGNED_CONTEXT ( ( #11522, #7769, #6910 ) ) REPRESENTATION_CONTEXT ( 'NONE', 'WORKASPACE' ) );
#7694 = DIRECTION ( 'NONE',  ( 0.9945218953682687379, -0.1045284632676985181, 2.168404344971013601E-15 ) ) ;
#7695 = EDGE_CURVE ( 'NONE', #11540, #11003, #11298, .T. ) ;
#7696 = FILL_AREA_STYLE_COLOUR ( '', #7622 ) ;
#7697 = ADVANCED_FACE ( 'NONE', ( #1374 ), #2154, .T. ) ;
#7698 = PRESENTATION_LAYER_ASSIGNMENT (  '', '', ( #8282 ) ) ;
#7699 = ORIENTED_EDGE ( 'NONE', *, *, #2937, .F. ) ;
#7700 = CARTESIAN_POINT ( 'NONE',  ( 0.5171578838488014584, -0.02376851717063327429, -0.04773615289825253877 ) ) ;
#7701 = ORIENTED_EDGE ( 'NONE', *, *, #8048, .T. ) ;
#7702 = CARTESIAN_POINT ( 'NONE',  ( 0.1921925904901474469, -0.01880785086054883801, -0.06934404710513727976 ) ) ;
#7703 = ORIENTED_EDGE ( 'NONE', *, *, #1316, .F. ) ;
#7704 =( LENGTH_UNIT ( ) NAMED_UNIT ( * ) SI_UNIT ( $, .METRE. ) );
#7705 = DIRECTION ( 'NONE',  ( -8.234490263801784106E-12, 1.353889066150678573E-26, 1.000000000000000000 ) ) ;
#7706 =( NAMED_UNIT ( * ) PLANE_ANGLE_UNIT ( ) SI_UNIT ( $, .RADIAN. ) );
#7707 =( NAMED_UNIT ( * ) PLANE_ANGLE_UNIT ( ) SI_UNIT ( $, .RADIAN. ) );
#7708 = CARTESIAN_POINT ( 'NONE',  ( 0.2372226159726802952, 0.03516481420455546542, -0.1800196852883007848 ) ) ;
#7709 = LINE ( 'NONE', #11396, #8782 ) ;
#7710 = STYLED_ITEM ( 'NONE', ( #9907 ), #427 ) ;
#7711 = DIMENSIONAL_EXPONENTS ( 1.000000000000000000, 0.0000000000000000000, 0.0000000000000000000, 0.0000000000000000000, 0.0000000000000000000, 0.0000000000000000000, 0.0000000000000000000 ) ;
#7712 = UNCERTAINTY_MEASURE_WITH_UNIT (LENGTH_MEASURE( 1.000000000000000082E-05 ), #3787, 'distance_accuracy_value', 'NONE');
#7713 = EDGE_CURVE ( 'NONE', #2775, #7433, #3358, .T. ) ;
#7714 = DIRECTION ( 'NONE',  ( 1.644517855226008195E-15, 1.000000000000000000, -6.888556729901376831E-28 ) ) ;
#7715 = VERTEX_POINT ( 'NONE', #3423 ) ;
#7716 = EDGE_LOOP ( 'NONE', ( #1434, #5211, #1344, #9627 ) ) ;
#7717 = CARTESIAN_POINT ( 'NONE',  ( 0.2019811918225133951, -0.01983667431789038968, -0.1693440471051540219 ) ) ;
#7718 = CARTESIAN_POINT ( 'NONE',  ( 0.2372226159726014416, 0.03516481420455546542, -0.1351377955249936924 ) ) ;
#7719 = CARTESIAN_POINT ( 'NONE',  ( 0.4561674782085068935, 0.03516481420455509765, -0.1373012207222373826 ) ) ;
#7720 = AXIS2_PLACEMENT_3D ( 'NONE', #10117, #1824, #5622 ) ;
#7721 = SURFACE_STYLE_FILL_AREA ( #10455 ) ;
#7722 = PLANE ( 'NONE',  #6911 ) ;
#7723 = EDGE_CURVE ( 'NONE', #4618, #2438, #2382, .T. ) ;
#7724 = CARTESIAN_POINT ( 'NONE',  ( 0.1921925904901482796, -0.01880785086054887617, -0.2693440471051373186 ) ) ;
#7725 = VECTOR ( 'NONE', #7004, 39.37007874015748143 ) ;
#7726 = CARTESIAN_POINT ( 'NONE',  ( 0.4536010832257904579, 0.03516481420455510459, -0.1781432499594027830 ) ) ;
#7727 = VECTOR ( 'NONE', #7085, 39.37007874015748143 ) ;
#7728 = MECHANICAL_DESIGN_GEOMETRIC_PRESENTATION_REPRESENTATION (  '', ( #8318 ), #8886 ) ;
#7729 = ORIENTED_EDGE ( 'NONE', *, *, #1482, .F. ) ;
#7730 = CARTESIAN_POINT ( 'NONE',  ( 0.5171395730376950883, -0.02375154730001930933, -0.1477362207211877498 ) ) ;
#7731 = CARTESIAN_POINT ( 'NONE',  ( 0.2924077505034283764, 0.1060309559368545762, -0.1823818900125920572 ) ) ;
#7732 = CARTESIAN_POINT ( 'NONE',  ( 0.2021550464030787142, -0.01818255847634997827, -0.1437992128478284004 ) ) ;
#7733 = DIRECTION ( 'NONE',  ( 1.748601263784622143E-15, 0.0000000000000000000, -1.000000000000000000 ) ) ;
#7734 = DIRECTION ( 'NONE',  ( -1.748601263784621946E-15, 0.0000000000000000000, 1.000000000000000000 ) ) ;
#7735 = CARTESIAN_POINT ( 'NONE',  ( 0.4254818849634279809, 0.1217789874329370386, -0.08316929158739508332 ) ) ;
#7736 = VECTOR ( 'NONE', #7789, 39.37007874015748143 ) ;
#7737 = CARTESIAN_POINT ( 'NONE',  ( 0.5225010356770474207, -0.03570132752772850471, -0.2674212600912223570 ) ) ;
#7738 = ADVANCED_FACE ( 'NONE', ( #4255 ), #736, .F. ) ;
#7739 = EDGE_LOOP ( 'NONE', ( #10618, #2475, #880, #6980 ) ) ;
#7740 = CARTESIAN_POINT ( 'NONE',  ( 0.3140612938105271645, 0.1060309559368545207, -0.2327755907997968166 ) ) ;
#7741 = LINE ( 'NONE', #8759, #4332 ) ;
#7742 = CIRCLE ( 'NONE', #5616, 0.007874015748027556397 ) ;
#7743 = VECTOR ( 'NONE', #10162, 39.37007874015748143 ) ;
#7744 = ORIENTED_EDGE ( 'NONE', *, *, #11724, .T. ) ;
#7745 =( LENGTH_UNIT ( ) NAMED_UNIT ( * ) SI_UNIT ( $, .METRE. ) );
#7746 = ORIENTED_EDGE ( 'NONE', *, *, #10143, .F. ) ;
#7747 = ORIENTED_EDGE ( 'NONE', *, *, #11858, .T. ) ;
#7748 = SURFACE_STYLE_FILL_AREA ( #384 ) ;
#7749 = SURFACE_STYLE_USAGE ( .BOTH. , #10709 ) ;
#7750 = DIRECTION ( 'NONE',  ( 1.748601263784621748E-15, 0.0000000000000000000, -1.000000000000000000 ) ) ;
#7751 = EDGE_CURVE ( 'NONE', #9507, #3115, #7063, .T. ) ;
#7752 = ORIENTED_EDGE ( 'NONE', *, *, #5288, .T. ) ;
#7753 = PRESENTATION_STYLE_ASSIGNMENT (( #2909 ) ) ;
#7754 = PRESENTATION_STYLE_ASSIGNMENT (( #3972 ) ) ;
#7755 =( GEOMETRIC_REPRESENTATION_CONTEXT ( 3 ) GLOBAL_UNCERTAINTY_ASSIGNED_CONTEXT ( ( #5965 ) ) GLOBAL_UNIT_ASSIGNED_CONTEXT ( ( #9469, #260, #1901 ) ) REPRESENTATION_CONTEXT ( 'NONE', 'WORKASPACE' ) );
#7756 = CARTESIAN_POINT ( 'NONE',  ( 0.4561674782086251323, 0.04500733388959446413, -0.1313957089112138266 ) ) ;
#7757 = STYLED_ITEM ( 'NONE', ( #5772 ), #1928 ) ;
#7758 = LINE ( 'NONE', #3390, #3549 ) ;
#7759 = ORIENTED_EDGE ( 'NONE', *, *, #233, .T. ) ;
#7760 = CARTESIAN_POINT ( 'NONE',  ( 0.2506952668928380534, 0.03516481420455542378, -0.2313957089104267950 ) ) ;
#7761 = VECTOR ( 'NONE', #11390, 39.37007874015748143 ) ;
#7762 = ORIENTED_EDGE ( 'NONE', *, *, #9867, .T. ) ;
#7763 = AXIS2_PLACEMENT_3D ( 'NONE', #11664, #553, #3182 ) ;
#7764 = CARTESIAN_POINT ( 'NONE',  ( 0.1933643507908065773, -0.007659296307097984528, -0.02726377977696231580 ) ) ;
#7765 = EDGE_LOOP ( 'NONE', ( #11147, #7461, #9637, #11447 ) ) ;
#7766 = DIRECTION ( 'NONE',  ( 1.644517855226008195E-15, 1.000000000000000000, 2.890435660536364269E-30 ) ) ;
#7767 = LENGTH_MEASURE_WITH_UNIT ( LENGTH_MEASURE( 0.02539999999999999897 ), #10666 );
#7768 = CARTESIAN_POINT ( 'NONE',  ( 0.5154616257491045905, -0.02157683654261763340, -0.2474125626562529989 ) ) ;
#7769 =( NAMED_UNIT ( * ) PLANE_ANGLE_UNIT ( ) SI_UNIT ( $, .RADIAN. ) );
#7770 = EDGE_CURVE ( 'NONE', #6190, #1348, #4384, .T. ) ;
#7771 = CARTESIAN_POINT ( 'NONE',  ( 0.4554196763414990468, 0.03516481420455510459, -0.1373012207222373826 ) ) ;
#7772 = DIRECTION ( 'NONE',  ( 1.644517855226008195E-15, 1.000000000000000000, 2.890435660536364269E-30 ) ) ;
#7773 = ORIENTED_EDGE ( 'NONE', *, *, #7528, .F. ) ;
#7774 = ORIENTED_EDGE ( 'NONE', *, *, #10792, .F. ) ;
#7775 = LINE ( 'NONE', #2371, #8799 ) ;
#7776 = COLOUR_RGB ( '',0.7607843137254901578, 0.7607843137254901578, 0.0000000000000000000 ) ;
#7777 = LINE ( 'NONE', #5942, #8284 ) ;
#7778 = CARTESIAN_POINT ( 'NONE',  ( 0.4536010832257899583, 0.03516481420455512541, -0.03701423085452092837 ) ) ;
#7779 = DIRECTION ( 'NONE',  ( 0.9945218953682690710, 0.1045284632676950765, 8.189380864547705479E-12 ) ) ;
#7780 = DIRECTION ( 'NONE',  ( 1.644517855226008195E-15, 1.000000000000000000, 0.0000000000000000000 ) ) ;
#7781 = B_SPLINE_CURVE_WITH_KNOTS ( 'NONE', 3,
 ( #1721, #8981, #708, #5405 ),
 .UNSPECIFIED., .F., .F.,
 ( 4, 4 ),
 ( 8.528006513241782468E-17, 0.0001438393068347760010 ),
 .UNSPECIFIED. ) ;
#7782 = ADVANCED_FACE ( 'NONE', ( #7121 ), #2575, .F. ) ;
#7783 = EDGE_CURVE ( 'NONE', #1612, #3257, #10688, .T. ) ;
#7784 = DIRECTION ( 'NONE',  ( -1.734723475977064460E-15, -1.000000000000000000, 2.407412430474777679E-30 ) ) ;
#7785 = EDGE_LOOP ( 'NONE', ( #499, #11876, #10267, #1013 ) ) ;
#7786 = LENGTH_MEASURE_WITH_UNIT ( LENGTH_MEASURE( 0.02539999999999999897 ), #2211 );
#7787 = EDGE_CURVE ( 'NONE', #9598, #9236, #7665, .T. ) ;
#7788 = LINE ( 'NONE', #7731, #1063 ) ;
#7789 = DIRECTION ( 'NONE',  ( -0.9945218953682685159, 0.1045284632676983655, -1.739022243102431967E-15 ) ) ;
#7790 = CARTESIAN_POINT ( 'NONE',  ( 0.4736274509820498357, 0.1217789874329369693, -0.3272637797765948764 ) ) ;
#7791 = DIRECTION ( 'NONE',  ( -0.9040697403481670058, 1.445602896646373154E-15, -0.4273849606464854012 ) ) ;
#7792 = CARTESIAN_POINT ( 'NONE',  ( 0.4144549945979169592, 0.1060309559368543542, -0.2823818900125918407 ) ) ;
#7793 = LENGTH_MEASURE_WITH_UNIT ( LENGTH_MEASURE( 0.02539999999999999897 ), #4495 );
#7794 = ORIENTED_EDGE ( 'NONE', *, *, #11126, .F. ) ;
#7795 = SURFACE_SIDE_STYLE ('',( #2397 ) ) ;
#7796 = UNCERTAINTY_MEASURE_WITH_UNIT (LENGTH_MEASURE( 1.000000000000000082E-05 ), #1181, 'distance_accuracy_value', 'NONE');
#7797 = SURFACE_STYLE_USAGE ( .BOTH. , #1273 ) ;
#7798 = ORIENTED_EDGE ( 'NONE', *, *, #10976, .F. ) ;
#7799 = SURFACE_STYLE_FILL_AREA ( #2282 ) ;
#7800 = VECTOR ( 'NONE', #10802, 39.37007874015748143 ) ;
#7801 = VERTEX_POINT ( 'NONE', #1505 ) ;
#7802 = VERTEX_POINT ( 'NONE', #2517 ) ;
#7803 = SURFACE_STYLE_USAGE ( .BOTH. , #6954 ) ;
#7804 =( CONVERSION_BASED_UNIT ( 'INCH', #4343 ) LENGTH_UNIT ( ) NAMED_UNIT ( #7514 ) );
#7805 = VERTEX_POINT ( 'NONE', #1569 ) ;
#7806 = SURFACE_SIDE_STYLE ('',( #8967 ) ) ;
#7807 = VECTOR ( 'NONE', #1763, 39.37007874015748143 ) ;
#7808 = CARTESIAN_POINT ( 'NONE',  ( 0.5135310619964214007, -0.02413076081869613976, -0.04773622072121743581 ) ) ;
#7809 = DIMENSIONAL_EXPONENTS ( 1.000000000000000000, 0.0000000000000000000, 0.0000000000000000000, 0.0000000000000000000, 0.0000000000000000000, 0.0000000000000000000, 0.0000000000000000000 ) ;
#7810 = PLANE ( 'NONE',  #7256 ) ;
#7811 = PRESENTATION_LAYER_ASSIGNMENT (  '', '', ( #5499 ) ) ;
#7812 = CARTESIAN_POINT ( 'NONE',  ( 0.1585494827869409762, -0.02585880784268851026, -0.1674212600919230409 ) ) ;
#7813 = AXIS2_PLACEMENT_3D ( 'NONE', #11544, #6145, #1694 ) ;
#7814 = EDGE_LOOP ( 'NONE', ( #5468, #4786, #6769 ) ) ;
#7815 = DIRECTION ( 'NONE',  ( -2.080127042981477371E-11, 1.000000000000000000, -6.394884622287363119E-13 ) ) ;
#7816 =( GEOMETRIC_REPRESENTATION_CONTEXT ( 3 ) GLOBAL_UNCERTAINTY_ASSIGNED_CONTEXT ( ( #7918 ) ) GLOBAL_UNIT_ASSIGNED_CONTEXT ( ( #5167, #8868, #2449 ) ) REPRESENTATION_CONTEXT ( 'NONE', 'WORKASPACE' ) );
#7817 = ADVANCED_FACE ( 'NONE', ( #5244 ), #9071, .T. ) ;
#7818 = ORIENTED_EDGE ( 'NONE', *, *, #2447, .T. ) ;
#7819 = CARTESIAN_POINT ( 'NONE',  ( 0.3928014512908295508, 0.1021333181416024527, -0.07915354355589927782 ) ) ;
#7820 = ORIENTED_EDGE ( 'NONE', *, *, #11024, .T. ) ;
#7821 = SURFACE_STYLE_USAGE ( .BOTH. , #4093 ) ;
#7822 = VECTOR ( 'NONE', #8400, 39.37007874015748143 ) ;
#7823 = VECTOR ( 'NONE', #1997, 39.37007874015748143 ) ;
#7824 = DIRECTION ( 'NONE',  ( -1.748601263784622143E-15, 0.0000000000000000000, 1.000000000000000000 ) ) ;
#7825 = FILL_AREA_STYLE_COLOUR ( '', #6660 ) ;
#7826 = CARTESIAN_POINT ( 'NONE',  ( 0.5161749314448852433, -0.02272122477122811776, -0.2476827049318610918 ) ) ;
#7827 = ORIENTED_EDGE ( 'NONE', *, *, #165, .T. ) ;
#7828 = DIRECTION ( 'NONE',  ( 1.644517855226008195E-15, 1.000000000000000000, 2.890435660536364269E-30 ) ) ;
#7829 = AXIS2_PLACEMENT_3D ( 'NONE', #2196, #414, #3996 ) ;
#7830 = DIRECTION ( 'NONE',  ( -1.644517855226008195E-15, -1.000000000000000000, -2.890435660536364269E-30 ) ) ;
#7831 = CARTESIAN_POINT ( 'NONE',  ( 0.4625214697567746613, 0.03516481420455509072, -0.1317725596123949239 ) ) ;
#7832 = VECTOR ( 'NONE', #654, 39.37007874015748854 ) ;
#7833 = PRESENTATION_LAYER_ASSIGNMENT (  '', '', ( #5316 ) ) ;
#7834 = CARTESIAN_POINT ( 'NONE',  ( 0.1897231389294810333, -0.02375153757764750587, -0.1674212770789574034 ) ) ;
#7835 = VERTEX_POINT ( 'NONE', #1625 ) ;
#7836 = EDGE_CURVE ( 'NONE', #10195, #593, #6082, .T. ) ;
#7837 = STYLED_ITEM ( 'NONE', ( #1898 ), #8434 ) ;
#7838 = VECTOR ( 'NONE', #11517, 39.37007874015748143 ) ;
#7839 = ORIENTED_EDGE ( 'NONE', *, *, #6430, .F. ) ;
#7840 = LENGTH_MEASURE_WITH_UNIT ( LENGTH_MEASURE( 0.02539999999999999897 ), #4052 );
#7841 = AXIS2_PLACEMENT_3D ( 'NONE', #4262, #11667, #1380 ) ;
#7842 =( LENGTH_UNIT ( ) NAMED_UNIT ( * ) SI_UNIT ( $, .METRE. ) );
#7843 = DIRECTION ( 'NONE',  ( -5.224987109642144261E-11, 0.0000000000000000000, -1.000000000000000000 ) ) ;
#7844 = DIRECTION ( 'NONE',  ( 1.748601263784621946E-15, 0.0000000000000000000, -1.000000000000000000 ) ) ;
#7845 = LENGTH_MEASURE_WITH_UNIT ( LENGTH_MEASURE( 0.02539999999999999897 ), #9331 );
#7846 = CIRCLE ( 'NONE', #5126, 0.01771653543307088671 ) ;
#7847 =( LENGTH_UNIT ( ) NAMED_UNIT ( * ) SI_UNIT ( $, .METRE. ) );
#7848 = ORIENTED_EDGE ( 'NONE', *, *, #7916, .F. ) ;
#7849 = ADVANCED_FACE ( 'NONE', ( #8945 ), #2386, .T. ) ;
#7850 = VERTEX_POINT ( 'NONE', #112 ) ;
#7851 = CARTESIAN_POINT ( 'NONE',  ( 0.2372226159726807115, 0.03516481420455544460, -0.2800196852883007903 ) ) ;
#7852 = DIRECTION ( 'NONE',  ( -0.8191520442890951603, 0.5735764363508986108, -1.432370299875668212E-15 ) ) ;
#7853 = LINE ( 'NONE', #11477, #986 ) ;
#7854 = CARTESIAN_POINT ( 'NONE',  ( 2.295739793477049438E-16, 0.1434325307400282634, 2.531258147844195007E-18 ) ) ;
#7855 = CARTESIAN_POINT ( 'NONE',  ( 0.1585494827869413370, -0.03570132752772790796, -0.2674212600919230187 ) ) ;
#7856 = SURFACE_STYLE_FILL_AREA ( #5118 ) ;
#7857 = ORIENTED_EDGE ( 'NONE', *, *, #303, .F. ) ;
#7858 = CARTESIAN_POINT ( 'NONE',  ( 0.2532616618757511096, 0.03516481420455543766, -0.1781432499591669438 ) ) ;
#7859 = CARTESIAN_POINT ( 'NONE',  ( 0.4615064727378380693, 0.03516481420455506990, -0.2339196358446783697 ) ) ;
#7860 = CARTESIAN_POINT ( 'NONE',  ( 0.3928014512908295508, 0.1021333181416024527, -0.08218503961889120357 ) ) ;
#7861 = ORIENTED_EDGE ( 'NONE', *, *, #6198, .T. ) ;
#7862 =( NAMED_UNIT ( * ) PLANE_ANGLE_UNIT ( ) SI_UNIT ( $, .RADIAN. ) );
#7863 = ORIENTED_EDGE ( 'NONE', *, *, #8786, .T. ) ;
#7864 = CARTESIAN_POINT ( 'NONE',  ( 0.1921383447885290363, -0.01932396423582069880, -0.2462630335223211231 ) ) ;
#7865 = DIRECTION ( 'NONE',  ( -0.9945218953682689600, -0.1045284632676950626, -8.189380864547703863E-12 ) ) ;
#7866 = ORIENTED_EDGE ( 'NONE', *, *, #2175, .F. ) ;
#7867 =( NAMED_UNIT ( * ) PLANE_ANGLE_UNIT ( ) SI_UNIT ( $, .RADIAN. ) );
#7868 = ORIENTED_EDGE ( 'NONE', *, *, #4113, .F. ) ;
#7869 = CARTESIAN_POINT ( 'NONE',  ( 0.2813808601379169105, 0.1217789874329411881, -0.2319881892249937294 ) ) ;
#7870 = DIRECTION ( 'NONE',  ( -1.000000000000000000, 1.644517855226008392E-15, -1.582776894139444676E-15 ) ) ;
#7871 = CARTESIAN_POINT ( 'NONE',  ( 0.2313841284562319356, 0.04008607404707519029, -0.05757874040688350931 ) ) ;
#7872 = EDGE_CURVE ( 'NONE', #6310, #5988, #4445, .T. ) ;
#7873 = DIRECTION ( 'NONE',  ( 0.0000000000000000000, 0.0000000000000000000, 1.000000000000000000 ) ) ;
#7874 = PRESENTATION_LAYER_ASSIGNMENT (  '', '', ( #8269 ) ) ;
#7875 = LINE ( 'NONE', #7812, #5298 ) ;
#7876 = EDGE_LOOP ( 'NONE', ( #8975, #6956, #4297, #3886 ) ) ;
#7877 = DIRECTION ( 'NONE',  ( -1.000000000000000000, 1.644517855226007801E-15, 1.748601263784621354E-15 ) ) ;
#7878 = EDGE_LOOP ( 'NONE', ( #6399, #9280, #2702, #3696, #3685, #411, #265, #8056 ) ) ;
#7879 = FACE_OUTER_BOUND ( 'NONE', #2007, .T. ) ;
#7880 = EDGE_LOOP ( 'NONE', ( #9323, #9642, #11502, #11123 ) ) ;
#7881 = DIRECTION ( 'NONE',  ( 0.0000000000000000000, 0.0000000000000000000, 1.000000000000000000 ) ) ;
#7882 = CARTESIAN_POINT ( 'NONE',  ( 0.1896577093114374113, -0.02375406862796415261, -0.2674212600919229632 ) ) ;
#7883 = DIRECTION ( 'NONE',  ( 0.0000000000000000000, 1.000000000000000000, 0.0000000000000000000 ) ) ;
#7884 = DIRECTION ( 'NONE',  ( -1.644517855226007801E-15, -1.000000000000000000, -2.890435660536363568E-30 ) ) ;
#7885 = ORIENTED_EDGE ( 'NONE', *, *, #836, .T. ) ;
#7886 = CARTESIAN_POINT ( 'NONE',  ( 0.2313841284562323242, 0.04500733388959484577, -0.1272637797769622658 ) ) ;
#7887 = PRESENTATION_STYLE_ASSIGNMENT (( #6914 ) ) ;
#7888 = CARTESIAN_POINT ( 'NONE',  ( 0.4700169603338608115, 0.03516481425069641759, -0.3272637797758073952 ) ) ;
#7889 = EDGE_CURVE ( 'NONE', #621, #10390, #6561, .T. ) ;
#7890 =( GEOMETRIC_REPRESENTATION_CONTEXT ( 3 ) GLOBAL_UNCERTAINTY_ASSIGNED_CONTEXT ( ( #11581 ) ) GLOBAL_UNIT_ASSIGNED_CONTEXT ( ( #6249, #9982, #9808 ) ) REPRESENTATION_CONTEXT ( 'NONE', 'WORKASPACE' ) );
#7891 = VECTOR ( 'NONE', #5773, 39.37007874015748854 ) ;
#7892 = EDGE_LOOP ( 'NONE', ( #1893, #9600, #11402, #912, #6446, #5534, #4820, #4967 ) ) ;
#7893 = DIMENSIONAL_EXPONENTS ( 1.000000000000000000, 0.0000000000000000000, 0.0000000000000000000, 0.0000000000000000000, 0.0000000000000000000, 0.0000000000000000000, 0.0000000000000000000 ) ;
#7894 = EDGE_LOOP ( 'NONE', ( #11699, #4368, #4108, #9660, #10408, #1538, #9473, #10785 ) ) ;
#7895 = DIRECTION ( 'NONE',  ( -1.748601263784621748E-15, 0.0000000000000000000, 1.000000000000000000 ) ) ;
#7896 =( CONVERSION_BASED_UNIT ( 'INCH', #467 ) LENGTH_UNIT ( ) NAMED_UNIT ( #5088 ) );
#7897 = FACE_OUTER_BOUND ( 'NONE', #10324, .T. ) ;
#7898 = LINE ( 'NONE', #10680, #4647 ) ;
#7899 = DIRECTION ( 'NONE',  ( 1.000000000000000000, -1.626303258728252509E-15, 8.235599702199870678E-12 ) ) ;
#7900 = EDGE_CURVE ( 'NONE', #4787, #3641, #4636, .T. ) ;
#7901 = ORIENTED_EDGE ( 'NONE', *, *, #11019, .T. ) ;
#7902 = CARTESIAN_POINT ( 'NONE',  ( 1.771695132572813897E-16, 0.1021333181416031466, 2.410722045319873436E-21 ) ) ;
#7903 = CIRCLE ( 'NONE', #10427, 0.007874015748031489015 ) ;
#7904 = ORIENTED_EDGE ( 'NONE', *, *, #8006, .F. ) ;
#7905 = CARTESIAN_POINT ( 'NONE',  ( 0.4554196763416171745, 0.04500733388959447800, -0.1313957089112138266 ) ) ;
#7906 = CARTESIAN_POINT ( 'NONE',  ( 0.4754786166452190099, 0.04240671319253163513, 0.01210629896319561152 ) ) ;
#7907 = CARTESIAN_POINT ( 'NONE',  ( 0.3142156862761680269, 0.1217789874329372468, 0.002302377395085121285 ) ) ;
#7908 = LINE ( 'NONE', #2328, #3847 ) ;
#7909 = CARTESIAN_POINT ( 'NONE',  ( 0.1585494827869405043, -0.03570132752772788021, -0.04773622072184426079 ) ) ;
#7910 = DIRECTION ( 'NONE',  ( 4.196190604145846758E-13, -6.871954312449809553E-28, -1.000000000000000000 ) ) ;
#7911 = DIRECTION ( 'NONE',  ( -1.748601263784622143E-15, 0.0000000000000000000, 1.000000000000000000 ) ) ;
#7912 = EDGE_CURVE ( 'NONE', #3571, #5377, #11851, .T. ) ;
#7913 = ORIENTED_EDGE ( 'NONE', *, *, #2526, .F. ) ;
#7914 = CARTESIAN_POINT ( 'NONE',  ( 0.4254818849634288136, 0.1217789874329370109, -0.2831692915873951222 ) ) ;
#7915 = AXIS2_PLACEMENT_3D ( 'NONE', #7084, #9890, #6104 ) ;
#7916 = EDGE_CURVE ( 'NONE', #5939, #9832, #10283, .T. ) ;
#7917 = AXIS2_PLACEMENT_3D ( 'NONE', #5333, #1586, #8293 ) ;
#7918 = UNCERTAINTY_MEASURE_WITH_UNIT (LENGTH_MEASURE( 1.000000000000000082E-05 ), #5167, 'distance_accuracy_value', 'NONE');
#7919 = DIRECTION ( 'NONE',  ( 0.05226423164096315188, -0.4972609476841257092, -0.8660254037840142693 ) ) ;
#7920 = VERTEX_POINT ( 'NONE', #2876 ) ;
#7921 = CARTESIAN_POINT ( 'NONE',  ( 0.2415117421193332392, 0.001406162577626337683, -0.3095942470915551414 ) ) ;
#7922 = ORIENTED_EDGE ( 'NONE', *, *, #9141, .T. ) ;
#7923 = VECTOR ( 'NONE', #11375, 39.37007874015748143 ) ;
#7924 = CARTESIAN_POINT ( 'NONE',  ( 0.3928014512908295508, 0.1021333181416024527, -0.03600393725668726147 ) ) ;
#7925 =( NAMED_UNIT ( * ) PLANE_ANGLE_UNIT ( ) SI_UNIT ( $, .RADIAN. ) );
#7926 = ORIENTED_EDGE ( 'NONE', *, *, #6268, .F. ) ;
#7927 = CARTESIAN_POINT ( 'NONE',  ( 0.1838181954782068528, -0.05876606348099564642, -0.2752952758420426638 ) ) ;
#7928 = CARTESIAN_POINT ( 'NONE',  ( 0.2506952668933096762, 0.03516481420455545848, -0.03730122072145040241 ) ) ;
#7929 =( NAMED_UNIT ( * ) SI_UNIT ( $, .STERADIAN. ) SOLID_ANGLE_UNIT ( ) );
#7930 = EDGE_CURVE ( 'NONE', #7643, #8891, #7243, .T. ) ;
#7931 = VERTEX_POINT ( 'NONE', #2642 ) ;
#7932 =( NAMED_UNIT ( * ) SI_UNIT ( $, .STERADIAN. ) SOLID_ANGLE_UNIT ( ) );
#7933 =( CONVERSION_BASED_UNIT ( 'INCH', #1711 ) LENGTH_UNIT ( ) NAMED_UNIT ( #8735 ) );
#7934 = LENGTH_MEASURE_WITH_UNIT ( LENGTH_MEASURE( 0.02539999999999999897 ), #4158 );
#7935 = DIRECTION ( 'NONE',  ( -8.234490263801784106E-12, 1.353889066150678860E-26, 1.000000000000000000 ) ) ;
#7936 =( GEOMETRIC_REPRESENTATION_CONTEXT ( 3 ) GLOBAL_UNCERTAINTY_ASSIGNED_CONTEXT ( ( #692 ) ) GLOBAL_UNIT_ASSIGNED_CONTEXT ( ( #6746, #8867, #543 ) ) REPRESENTATION_CONTEXT ( 'NONE', 'WORKASPACE' ) );
#7937 = VECTOR ( 'NONE', #5563, 39.37007874015748143 ) ;
#7938 = CARTESIAN_POINT ( 'NONE',  ( 0.1843617094242554766, -0.01798479209465702819, -0.04773622072184419141 ) ) ;
#7939 = EDGE_CURVE ( 'NONE', #6381, #10963, #8335, .T. ) ;
#7940 = VERTEX_POINT ( 'NONE', #6508 ) ;
#7941 = ORIENTED_EDGE ( 'NONE', *, *, #2612, .T. ) ;
#7942 =( CONVERSION_BASED_UNIT ( 'INCH', #6115 ) LENGTH_UNIT ( ) NAMED_UNIT ( #9393 ) );
#7943 = ORIENTED_EDGE ( 'NONE', *, *, #10226, .T. ) ;
#7944 = LENGTH_MEASURE_WITH_UNIT ( LENGTH_MEASURE( 0.02539999999999999897 ), #8723 );
#7945 = VECTOR ( 'NONE', #11829, 39.37007874015748143 ) ;
#7946 = DIRECTION ( 'NONE',  ( -1.748601263784621748E-15, 0.0000000000000000000, 1.000000000000000000 ) ) ;
#7947 = DIRECTION ( 'NONE',  ( 1.748601263784621748E-15, 1.482966057179117483E-32, -1.000000000000000000 ) ) ;
#7948 = CIRCLE ( 'NONE', #8511, 0.01771653543307087283 ) ;
#7949 = ORIENTED_EDGE ( 'NONE', *, *, #1208, .F. ) ;
#7950 = CARTESIAN_POINT ( 'NONE',  ( 0.2372226159726807115, 0.04500733388959481801, -0.2800196852883007903 ) ) ;
#7951 = CARTESIAN_POINT ( 'NONE',  ( 0.4254818849634279809, 0.1217789874329370386, -0.08316929158739508332 ) ) ;
#7952 = UNCERTAINTY_MEASURE_WITH_UNIT (LENGTH_MEASURE( 1.000000000000000082E-05 ), #7211, 'distance_accuracy_value', 'NONE');
#7953 = CARTESIAN_POINT ( 'NONE',  ( 0.5047076986982566016, -0.01818255847635047093, -0.1713582679653845309 ) ) ;
#7954 = VECTOR ( 'NONE', #4294, 39.37007874015748143 ) ;
#7955 = ORIENTED_EDGE ( 'NONE', *, *, #5816, .F. ) ;
#7956 = EDGE_LOOP ( 'NONE', ( #10223, #4523, #3209, #2950 ) ) ;
#7957 = PRESENTATION_STYLE_ASSIGNMENT (( #2445 ) ) ;
#7958 = CARTESIAN_POINT ( 'NONE',  ( 0.1896577093114365509, -0.02375406862796411792, -0.04773622072184419141 ) ) ;
#7959 = FILL_AREA_STYLE_COLOUR ( '', #5617 ) ;
#7960 = DIRECTION ( 'NONE',  ( 1.000000000000000000, -1.644517855226008195E-15, -1.582776894139422588E-15 ) ) ;
#7961 = CARTESIAN_POINT ( 'NONE',  ( 0.5463410757003660523, -0.06121462703867337068, -0.1752952758399538014 ) ) ;
#7962 = VECTOR ( 'NONE', #689, 39.37007874015748143 ) ;
#7963 = AXIS2_PLACEMENT_3D ( 'NONE', #130, #3786, #11247 ) ;
#7964 = SURFACE_STYLE_USAGE ( .BOTH. , #10811 ) ;
#7965 = VERTEX_POINT ( 'NONE', #9132 ) ;
#7966 = CARTESIAN_POINT ( 'NONE',  ( 0.2924077505034283764, 0.1060309559368545762, -0.1823818900125920572 ) ) ;
#7967 =( GEOMETRIC_REPRESENTATION_CONTEXT ( 3 ) GLOBAL_UNCERTAINTY_ASSIGNED_CONTEXT ( ( #908 ) ) GLOBAL_UNIT_ASSIGNED_CONTEXT ( ( #5658, #7706, #8129 ) ) REPRESENTATION_CONTEXT ( 'NONE', 'WORKASPACE' ) );
#7968 = VERTEX_POINT ( 'NONE', #10220 ) ;
#7969 = CARTESIAN_POINT ( 'NONE',  ( 0.5151853795052337981, -0.02096163172394871835, -0.1471900312112683351 ) ) ;
#7970 = DIRECTION ( 'NONE',  ( 1.000000000000000000, -1.734723475977064460E-15, 0.0000000000000000000 ) ) ;
#7971 = EDGE_CURVE ( 'NONE', #10701, #189, #1741, .T. ) ;
#7972 = FILL_AREA_STYLE_COLOUR ( '', #10912 ) ;
#7973 = DIRECTION ( 'NONE',  ( -8.234490263801784106E-12, 1.353889066150678860E-26, 1.000000000000000000 ) ) ;
#7974 = DIRECTION ( 'NONE',  ( 8.234490263801784106E-12, -1.353889066150678860E-26, -1.000000000000000000 ) ) ;
#7975 =( CONVERSION_BASED_UNIT ( 'INCH', #2458 ) LENGTH_UNIT ( ) NAMED_UNIT ( #186 ) );
#7976 = DIMENSIONAL_EXPONENTS ( 1.000000000000000000, 0.0000000000000000000, 0.0000000000000000000, 0.0000000000000000000, 0.0000000000000000000, 0.0000000000000000000, 0.0000000000000000000 ) ;
#7977 =( LENGTH_UNIT ( ) NAMED_UNIT ( * ) SI_UNIT ( $, .METRE. ) );
#7978 = DIRECTION ( 'NONE',  ( 0.05226423164096304086, -0.4972609476841247100, -0.8660254037840147134 ) ) ;
#7979 = ORIENTED_EDGE ( 'NONE', *, *, #8933, .T. ) ;
#7980 = DIRECTION ( 'NONE',  ( -1.748601263784621748E-15, -1.482966057179117483E-32, 1.000000000000000000 ) ) ;
#7981 = CARTESIAN_POINT ( 'NONE',  ( 0.1972323944382712024, 0.02914268067976814522, -0.02726377977696231580 ) ) ;
#7982 = VERTEX_POINT ( 'NONE', #838 ) ;
#7983 = DIRECTION ( 'NONE',  ( -1.748601263784621748E-15, -1.482966057179117483E-32, 1.000000000000000000 ) ) ;
#7984 = EDGE_CURVE ( 'NONE', #2641, #4639, #1923, .T. ) ;
#7985 = ORIENTED_EDGE ( 'NONE', *, *, #9171, .T. ) ;
#7986 = CARTESIAN_POINT ( 'NONE',  ( 0.1916282702576118102, -0.02108063623287760244, -0.2472385231635906011 ) ) ;
#7987 = DIRECTION ( 'NONE',  ( 1.644517855226008195E-15, 1.000000000000000000, 2.890435660536364269E-30 ) ) ;
#7988 = VERTEX_POINT ( 'NONE', #1868 ) ;
#7989 = ADVANCED_FACE ( 'NONE', ( #4507 ), #2758, .T. ) ;
#7990 = PRESENTATION_LAYER_ASSIGNMENT (  '', '', ( #6433 ) ) ;
#7991 = CARTESIAN_POINT ( 'NONE',  ( 0.2453562723634680476, 0.03516481420455543072, -0.2812378449687732429 ) ) ;
#7992 = CYLINDRICAL_SURFACE ( 'NONE', #8499, 0.01771653543307086937 ) ;
#7993 = CARTESIAN_POINT ( 'NONE',  ( 0.3928014512908295508, 0.1021333181416024527, -0.08218503961889120357 ) ) ;
#7994 = ORIENTED_EDGE ( 'NONE', *, *, #1196, .F. ) ;
#7995 = LINE ( 'NONE', #11681, #1823 ) ;
#7996 = LINE ( 'NONE', #11145, #4665 ) ;
#7997 = PRESENTATION_STYLE_ASSIGNMENT (( #574 ) ) ;
#7998 = CARTESIAN_POINT ( 'NONE',  ( 0.2372226159751999464, 0.03516481420455546542, -0.1878937010362536630 ) ) ;
#7999 = AXIS2_PLACEMENT_3D ( 'NONE', #1734, #2635, #5545 ) ;
#8000 = VERTEX_POINT ( 'NONE', #3601 ) ;
#8001 = ADVANCED_FACE ( 'NONE', ( #2697 ), #10100, .F. ) ;
#8002 = EDGE_LOOP ( 'NONE', ( #7235, #2993, #4913, #68 ) ) ;
#8003 = PLANE ( 'NONE',  #5455 ) ;
#8004 = VERTEX_POINT ( 'NONE', #8681 ) ;
#8005 = CARTESIAN_POINT ( 'NONE',  ( 0.2685386460637515516, 0.04008607404707512090, -0.02726377977696217703 ) ) ;
#8006 = EDGE_CURVE ( 'NONE', #6312, #6106, #1131, .T. ) ;
#8007 = FACE_OUTER_BOUND ( 'NONE', #6622, .T. ) ;
#8008 = DIRECTION ( 'NONE',  ( -1.000000000000000000, 1.644517855226008392E-15, -1.582776894139444676E-15 ) ) ;
#8009 = VECTOR ( 'NONE', #860, 39.37007874015748143 ) ;
#8010 = ORIENTED_EDGE ( 'NONE', *, *, #10405, .F. ) ;
#8011 = LINE ( 'NONE', #1672, #7954 ) ;
#8012 = VECTOR ( 'NONE', #1974, 39.37007874015748143 ) ;
#8013 = CARTESIAN_POINT ( 'NONE',  ( 0.3140612938105271645, 0.1021333181416025637, -0.2329724411934975259 ) ) ;
#8014 = VECTOR ( 'NONE', #9447, 39.37007874015748143 ) ;
#8015 = DIRECTION ( 'NONE',  ( -0.6691306063588781106, 0.7431448254773763695, 0.0000000000000000000 ) ) ;
#8016 = AXIS2_PLACEMENT_3D ( 'NONE', #5661, #2027, #4565 ) ;
#8017 = EDGE_CURVE ( 'NONE', #1467, #7320, #4903, .T. ) ;
#8018 = EDGE_LOOP ( 'NONE', ( #3577, #11473, #1812, #6421, #2903, #4465 ) ) ;
#8019 = VECTOR ( 'NONE', #2097, 39.37007874015748143 ) ;
#8020 = ORIENTED_EDGE ( 'NONE', *, *, #2872, .T. ) ;
#8021 = DIRECTION ( 'NONE',  ( 1.000000000000000000, -1.644517855226008195E-15, -1.582776894139422588E-15 ) ) ;
#8022 = FILL_AREA_STYLE ('',( #4370 ) ) ;
#8023 = AXIS2_PLACEMENT_3D ( 'NONE', #884, #4430, #4561 ) ;
#8024 = FACE_OUTER_BOUND ( 'NONE', #5402, .T. ) ;
#8025 = DIRECTION ( 'NONE',  ( 4.215779961798154935E-13, -6.961681480880728311E-28, 1.000000000000000000 ) ) ;
#8026 = CARTESIAN_POINT ( 'NONE',  ( 0.4754786166452397711, 0.03516481420455505602, -0.2878937010364914229 ) ) ;
#8027 = AXIS2_PLACEMENT_3D ( 'NONE', #7449, #2724, #6410 ) ;
#8028 =( GEOMETRIC_REPRESENTATION_CONTEXT ( 3 ) GLOBAL_UNCERTAINTY_ASSIGNED_CONTEXT ( ( #1514 ) ) GLOBAL_UNIT_ASSIGNED_CONTEXT ( ( #6915, #2187, #5874 ) ) REPRESENTATION_CONTEXT ( 'NONE', 'WORKASPACE' ) );
#8029 = CARTESIAN_POINT ( 'NONE',  ( 0.5163375968542002203, -0.03467250407036623350, -0.02726377977631247798 ) ) ;
#8030 = PRESENTATION_LAYER_ASSIGNMENT (  '', '', ( #7436 ) ) ;
#8031 = SURFACE_STYLE_FILL_AREA ( #10572 ) ;
#8032 = EDGE_CURVE ( 'NONE', #11231, #11860, #6689, .T. ) ;
#8033 = PRESENTATION_LAYER_ASSIGNMENT (  '', '', ( #10167 ) ) ;
#8034 = ORIENTED_EDGE ( 'NONE', *, *, #10040, .F. ) ;
#8035 =( GEOMETRIC_REPRESENTATION_CONTEXT ( 3 ) GLOBAL_UNCERTAINTY_ASSIGNED_CONTEXT ( ( #9630 ) ) GLOBAL_UNIT_ASSIGNED_CONTEXT ( ( #11871, #3621, #12 ) ) REPRESENTATION_CONTEXT ( 'NONE', 'WORKASPACE' ) );
#8036 = STYLED_ITEM ( 'NONE', ( #3857 ), #4459 ) ;
#8037 = DIMENSIONAL_EXPONENTS ( 1.000000000000000000, 0.0000000000000000000, 0.0000000000000000000, 0.0000000000000000000, 0.0000000000000000000, 0.0000000000000000000, 0.0000000000000000000 ) ;
#8038 = ORIENTED_EDGE ( 'NONE', *, *, #5953, .T. ) ;
#8039 = CARTESIAN_POINT ( 'NONE',  ( 0.3928014512908304390, 0.1021333181416024249, -0.2329724411934976092 ) ) ;
#8040 = SURFACE_STYLE_FILL_AREA ( #788 ) ;
#8041 = DIRECTION ( 'NONE',  ( -1.644517855226007801E-15, -1.000000000000000000, -2.890435660536363919E-30 ) ) ;
#8042 =( GEOMETRIC_REPRESENTATION_CONTEXT ( 3 ) GLOBAL_UNCERTAINTY_ASSIGNED_CONTEXT ( ( #4392 ) ) GLOBAL_UNIT_ASSIGNED_CONTEXT ( ( #9165, #3574, #3454 ) ) REPRESENTATION_CONTEXT ( 'NONE', 'WORKASPACE' ) );
#8043 = CARTESIAN_POINT ( 'NONE',  ( 0.2313841284562633827, 0.04500733388959482495, -0.2878937010362536131 ) ) ;
#8044 = LINE ( 'NONE', #6088, #6172 ) ;
#8045 = ORIENTED_EDGE ( 'NONE', *, *, #3542, .F. ) ;
#8046 = COLOUR_RGB ( '',1.000000000000000000, 1.000000000000000000, 1.000000000000000000 ) ;
#8047 = DIRECTION ( 'NONE',  ( -0.6691306063588805531, -0.7431448254773741491, -5.509674506755219810E-12 ) ) ;
#8048 = EDGE_CURVE ( 'NONE', #2645, #4071, #6619, .T. ) ;
#8049 = UNCERTAINTY_MEASURE_WITH_UNIT (LENGTH_MEASURE( 1.000000000000000082E-05 ), #10865, 'distance_accuracy_value', 'NONE');
#8050 = VECTOR ( 'NONE', #11055, 39.37007874015748143 ) ;
#8051 = VERTEX_POINT ( 'NONE', #4054 ) ;
#8052 = LENGTH_MEASURE_WITH_UNIT ( LENGTH_MEASURE( 0.02539999999999999897 ), #1705 );
#8053 = STYLED_ITEM ( 'NONE', ( #915 ), #5648 ) ;
#8054 = CARTESIAN_POINT ( 'NONE',  ( 0.5158907604264448832, -0.02226315452805446848, -0.2675838586428816446 ) ) ;
#8055 =( LENGTH_UNIT ( ) NAMED_UNIT ( * ) SI_UNIT ( $, .METRE. ) );
#8056 = ORIENTED_EDGE ( 'NONE', *, *, #442, .F. ) ;
#8057 = CARTESIAN_POINT ( 'NONE',  ( 0.2019811918225121461, -0.01983667431788544225, -0.2458134337086158305 ) ) ;
#8058 = DIRECTION ( 'NONE',  ( 1.000000000000000000, -1.644517855226007801E-15, 1.748601263784622143E-15 ) ) ;
#8059 = CARTESIAN_POINT ( 'NONE',  ( 0.1933643507908070769, -0.007659296307098001876, -0.1878937010368048610 ) ) ;
#8060 = ORIENTED_EDGE ( 'NONE', *, *, #7376, .F. ) ;
#8061 =( NAMED_UNIT ( * ) SI_UNIT ( $, .STERADIAN. ) SOLID_ANGLE_UNIT ( ) );
#8062 = ADVANCED_FACE ( 'NONE', ( #9493 ), #2038, .T. ) ;
#8063 = DIMENSIONAL_EXPONENTS ( 1.000000000000000000, 0.0000000000000000000, 0.0000000000000000000, 0.0000000000000000000, 0.0000000000000000000, 0.0000000000000000000, 0.0000000000000000000 ) ;
#8064 =( NAMED_UNIT ( * ) PLANE_ANGLE_UNIT ( ) SI_UNIT ( $, .RADIAN. ) );
#8065 = ORIENTED_EDGE ( 'NONE', *, *, #2935, .T. ) ;
#8066 = ORIENTED_EDGE ( 'NONE', *, *, #11566, .T. ) ;
#8067 = DIRECTION ( 'NONE',  ( 1.644517855226007801E-15, 1.000000000000000000, 2.890435660536363919E-30 ) ) ;
#8068 = EDGE_LOOP ( 'NONE', ( #1025, #8481, #6570, #2851, #761, #8356 ) ) ;
#8069 = FILL_AREA_STYLE_COLOUR ( '', #6355 ) ;
#8070 = CARTESIAN_POINT ( 'NONE',  ( 0.5134983943101656401, -0.007659296307098548313, -0.2272637797763358558 ) ) ;
#8071 = LINE ( 'NONE', #11949, #2228 ) ;
#8072 = VERTEX_POINT ( 'NONE', #9551 ) ;
#8073 = LINE ( 'NONE', #8984, #9854 ) ;
#8074 = DIRECTION ( 'NONE',  ( 1.387778780775897814E-15, 0.0000000000000000000, 1.000000000000000000 ) ) ;
#8075 = ADVANCED_FACE ( 'NONE', ( #8445 ), #1075, .F. ) ;
#8076 = EDGE_CURVE ( 'NONE', #7039, #8080, #5873, .T. ) ;
#8077 = UNCERTAINTY_MEASURE_WITH_UNIT (LENGTH_MEASURE( 1.000000000000000082E-05 ), #6805, 'distance_accuracy_value', 'NONE');
#8078 = CARTESIAN_POINT ( 'NONE',  ( 0.2443412753443728047, 0.03516481420455546542, -0.08338492120117488304 ) ) ;
#8079 = ORIENTED_EDGE ( 'NONE', *, *, #825, .F. ) ;
#8080 = VERTEX_POINT ( 'NONE', #10622 ) ;
#8081 = CARTESIAN_POINT ( 'NONE',  ( 0.2313841284562323797, 0.03516481420455547235, -0.1878937010368047777 ) ) ;
#8082 = PLANE ( 'NONE',  #2604 ) ;
#8083 = CARTESIAN_POINT ( 'NONE',  ( 0.2532616618757510540, 0.03516481420455543766, -0.1370142308537339038 ) ) ;
#8084 = DIRECTION ( 'NONE',  ( -1.000000000000000000, 1.644517855226007801E-15, -8.234490263801784106E-12 ) ) ;
#8085 = COLOUR_RGB ( '',0.7607843137254901578, 0.7607843137254901578, 0.0000000000000000000 ) ;
#8086 = CARTESIAN_POINT ( 'NONE',  ( 0.5065489955218340778, -0.03570132752772843532, -0.02726377977639299691 ) ) ;
#8087 = EDGE_CURVE ( 'NONE', #1942, #10354, #4303, .T. ) ;
#8088 = LINE ( 'NONE', #1687, #1092 ) ;
#8089 = VECTOR ( 'NONE', #8084, 39.37007874015748143 ) ;
#8090 = ORIENTED_EDGE ( 'NONE', *, *, #2994, .F. ) ;
#8091 = CARTESIAN_POINT ( 'NONE',  ( 0.2313841284547877852, 0.03516481421120130901, 0.004564360868313389885 ) ) ;
#8092 = DIRECTION ( 'NONE',  ( -1.555145074134650487E-15, -0.9987523388778386524, -0.04993761694401192830 ) ) ;
#8093 = CARTESIAN_POINT ( 'NONE',  ( 0.4561674782056334143, 0.03516481420455507684, -0.2778562600920800318 ) ) ;
#8094 = CLOSED_SHELL ( 'NONE', ( #11474, #9285, #4057, #9041, #8355, #477, #6117, #9223, #2202, #3763, #951, #6350, #5329, #1282, #11618, #4459, #1968, #2668, #4566, #7499 ) ) ;
#8095 = DIRECTION ( 'NONE',  ( -8.234490263801784106E-12, 1.353889066150678860E-26, 1.000000000000000000 ) ) ;
#8096 = CARTESIAN_POINT ( 'NONE',  ( 0.3928014512908298839, 0.1021333181416024805, -0.1360039372566872740 ) ) ;
#8097 = EDGE_CURVE ( 'NONE', #4910, #10215, #596, .T. ) ;
#8098 = CARTESIAN_POINT ( 'NONE',  ( 0.5037097929783023176, -0.008688119764421362370, -0.1878937010362589644 ) ) ;
#8099 = FILL_AREA_STYLE_COLOUR ( '', #3072 ) ;
#8100 = EDGE_LOOP ( 'NONE', ( #4833, #7701, #9535, #5763 ) ) ;
#8101 = CARTESIAN_POINT ( 'NONE',  ( 0.2313841284563806500, 0.03516481420463422880, -0.08789370103625360198 ) ) ;
#8102 = CIRCLE ( 'NONE', #2877, 0.007874015748031495954 ) ;
#8103 = LENGTH_MEASURE_WITH_UNIT ( LENGTH_MEASURE( 0.02539999999999999897 ), #10769 );
#8104 = ORIENTED_EDGE ( 'NONE', *, *, #643, .F. ) ;
#8105 = DIRECTION ( 'NONE',  ( -0.9945218953682690710, -0.1045284632676950765, -8.189380864547705479E-12 ) ) ;
#8106 = LINE ( 'NONE', #8347, #10829 ) ;
#8107 = SURFACE_STYLE_FILL_AREA ( #6284 ) ;
#8108 = EDGE_CURVE ( 'NONE', #6003, #387, #10863, .T. ) ;
#8109 = ORIENTED_EDGE ( 'NONE', *, *, #1189, .T. ) ;
#8110 = LINE ( 'NONE', #975, #8720 ) ;
#8111 = PLANE ( 'NONE',  #3066 ) ;
#8112 = CARTESIAN_POINT ( 'NONE',  ( 0.4536010832257907355, 0.03516481420455509072, -0.2036417325328673811 ) ) ;
#8113 = DIRECTION ( 'NONE',  ( 1.951563910474197493E-15, -6.123233995737086511E-17, 1.000000000000000000 ) ) ;
#8114 = ORIENTED_EDGE ( 'NONE', *, *, #7200, .F. ) ;
#8115 = CARTESIAN_POINT ( 'NONE',  ( 0.3928014512908302724, 0.1020939480628583335, -0.2329724411934973316 ) ) ;
#8116 = ADVANCED_FACE ( 'NONE', ( #5036 ), #11719, .F. ) ;
#8117 = DIRECTION ( 'NONE',  ( -0.05226423163383491638, -0.4972609476841245435, 0.8660254037844449249 ) ) ;
#8118 = FILL_AREA_STYLE ('',( #5453 ) ) ;
#8119 = AXIS2_PLACEMENT_3D ( 'NONE', #2902, #7502, #253 ) ;
#8120 = VERTEX_POINT ( 'NONE', #9672 ) ;
#8121 = AXIS2_PLACEMENT_3D ( 'NONE', #8237, #4342, #6402 ) ;
#8122 = ORIENTED_EDGE ( 'NONE', *, *, #47, .T. ) ;
#8123 = CARTESIAN_POINT ( 'NONE',  ( 0.1843617094242555321, -0.01798479209465702819, -0.06742126009192295211 ) ) ;
#8124 = ORIENTED_EDGE ( 'NONE', *, *, #7555, .F. ) ;
#8125 = AXIS2_PLACEMENT_3D ( 'NONE', #2852, #4483, #938 ) ;
#8126 = EDGE_CURVE ( 'NONE', #7406, #193, #11640, .T. ) ;
#8127 = LINE ( 'NONE', #7285, #3758 ) ;
#8128 = DIRECTION ( 'NONE',  ( 1.000000000000000000, -1.644517855226007801E-15, 1.748601263784622143E-15 ) ) ;
#8129 =( NAMED_UNIT ( * ) SI_UNIT ( $, .STERADIAN. ) SOLID_ANGLE_UNIT ( ) );
#8130 = ORIENTED_EDGE ( 'NONE', *, *, #705, .T. ) ;
#8131 =( NAMED_UNIT ( * ) SI_UNIT ( $, .STERADIAN. ) SOLID_ANGLE_UNIT ( ) );
#8132 = DIRECTION ( 'NONE',  ( -0.9040697402684464423, 1.626303258728254482E-15, -0.4273849608151225055 ) ) ;
#8133 = CARTESIAN_POINT ( 'NONE',  ( 0.1933643507908065773, -0.007659296307097984528, -0.02726377977696231580 ) ) ;
#8134 = STYLED_ITEM ( 'NONE', ( #3536 ), #1499 ) ;
#8135 = DIRECTION ( 'NONE',  ( 8.234490263801784106E-12, -1.353889066150678573E-26, -1.000000000000000000 ) ) ;
#8136 = VERTEX_POINT ( 'NONE', #8997 ) ;
#8137 = DIMENSIONAL_EXPONENTS ( 1.000000000000000000, 0.0000000000000000000, 0.0000000000000000000, 0.0000000000000000000, 0.0000000000000000000, 0.0000000000000000000, 0.0000000000000000000 ) ;
#8138 = MECHANICAL_DESIGN_GEOMETRIC_PRESENTATION_REPRESENTATION (  '', ( #9113 ), #4238 ) ;
#8139 = PRESENTATION_LAYER_ASSIGNMENT (  '', '', ( #620 ) ) ;
#8140 = ORIENTED_EDGE ( 'NONE', *, *, #4969, .F. ) ;
#8141 = EDGE_CURVE ( 'NONE', #1942, #457, #4182, .T. ) ;
#8142 = FACE_OUTER_BOUND ( 'NONE', #2581, .T. ) ;
#8143 = PRESENTATION_STYLE_ASSIGNMENT (( #11773 ) ) ;
#8144 = SURFACE_STYLE_USAGE ( .BOTH. , #3290 ) ;
#8145 =( CONVERSION_BASED_UNIT ( 'INCH', #7793 ) LENGTH_UNIT ( ) NAMED_UNIT ( #6664 ) );
#8146 = VECTOR ( 'NONE', #6168, 39.37007874015748143 ) ;
#8147 = LINE ( 'NONE', #2634, #11890 ) ;
#8148 = DIRECTION ( 'NONE',  ( -9.092110181669310719E-13, -9.570555026740999025E-12, -1.000000000000000000 ) ) ;
#8149 = ORIENTED_EDGE ( 'NONE', *, *, #10323, .F. ) ;
#8150 = PLANE ( 'NONE',  #9798 ) ;
#8151 = CARTESIAN_POINT ( 'NONE',  ( 0.1897231720634453001, -0.02375154730001874034, -0.06742126009192291047 ) ) ;
#8152 = EDGE_CURVE ( 'NONE', #6032, #4862, #724, .T. ) ;
#8153 = VECTOR ( 'NONE', #5650, 39.37007874015748143 ) ;
#8154 = ORIENTED_EDGE ( 'NONE', *, *, #3846, .T. ) ;
#8155 = VECTOR ( 'NONE', #5443, 39.37007874015748143 ) ;
#8156 = DIRECTION ( 'NONE',  ( 1.000000000000000000, -1.644517855226007801E-15, 1.748601263784621748E-15 ) ) ;
#8157 = FILL_AREA_STYLE ('',( #6263 ) ) ;
#8158 = CARTESIAN_POINT ( 'NONE',  ( 0.2443412753443731933, 0.03516481420455544460, -0.1833849212011748886 ) ) ;
#8159 = ORIENTED_EDGE ( 'NONE', *, *, #11786, .T. ) ;
#8160 = ADVANCED_FACE ( 'NONE', ( #7897 ), #8082, .T. ) ;
#8161 = STYLED_ITEM ( 'NONE', ( #1776 ), #3385 ) ;
#8162 = UNCERTAINTY_MEASURE_WITH_UNIT (LENGTH_MEASURE( 1.000000000000000082E-05 ), #4154, 'distance_accuracy_value', 'NONE');
#8163 = ADVANCED_FACE ( 'NONE', ( #1685 ), #5472, .T. ) ;
#8164 = EDGE_LOOP ( 'NONE', ( #1292, #11975, #645, #11217, #8180, #6079, #3176, #4033, #7913, #6096, #3343, #1101, #1269, #1681 ) ) ;
#8165 = CARTESIAN_POINT ( 'NONE',  ( 0.4144549945979160710, 0.1060309559368543958, -0.03198818922499343381 ) ) ;
#8166 = PLANE ( 'NONE',  #9021 ) ;
#8167 = ORIENTED_EDGE ( 'NONE', *, *, #9479, .F. ) ;
#8168 = DIRECTION ( 'NONE',  ( 1.748601263784621748E-15, 0.0000000000000000000, -1.000000000000000000 ) ) ;
#8169 = CARTESIAN_POINT ( 'NONE',  ( 0.2532616618757506100, 0.03516481420455545848, -0.03701423085373388433 ) ) ;
#8170 = LENGTH_MEASURE_WITH_UNIT ( LENGTH_MEASURE( 0.02539999999999999897 ), #9640 );
#8171 = ORIENTED_EDGE ( 'NONE', *, *, #2356, .F. ) ;
#8172 = CARTESIAN_POINT ( 'NONE',  ( 0.4754786166451615559, 0.1217789874329369693, -0.8272637797762137923 ) ) ;
#8173 =( NAMED_UNIT ( * ) PLANE_ANGLE_UNIT ( ) SI_UNIT ( $, .RADIAN. ) );
#8174 = FILL_AREA_STYLE ('',( #11196 ) ) ;
#8175 = UNCERTAINTY_MEASURE_WITH_UNIT (LENGTH_MEASURE( 1.000000000000000082E-05 ), #5332, 'distance_accuracy_value', 'NONE');
#8176 = DIRECTION ( 'NONE',  ( 1.582776894139421601E-15, -3.956942235348554004E-16, 1.000000000000000000 ) ) ;
#8177 = VERTEX_POINT ( 'NONE', #5359 ) ;
#8178 = LINE ( 'NONE', #4601, #4109 ) ;
#8179 = EDGE_LOOP ( 'NONE', ( #7577, #6920, #10199, #4878 ) ) ;
#8180 = ORIENTED_EDGE ( 'NONE', *, *, #6155, .F. ) ;
#8181 = SURFACE_STYLE_USAGE ( .BOTH. , #3510 ) ;
#8182 = CARTESIAN_POINT ( 'NONE',  ( 0.5483132623141999673, -0.02585880784268914170, -0.1477362207209310108 ) ) ;
#8183 = FACE_OUTER_BOUND ( 'NONE', #4949, .T. ) ;
#8184 = ORIENTED_EDGE ( 'NONE', *, *, #2855, .T. ) ;
#8185 =( LENGTH_UNIT ( ) NAMED_UNIT ( * ) SI_UNIT ( $, .METRE. ) );
#8186 = CARTESIAN_POINT ( 'NONE',  ( 0.2924077505034287094, 0.1060309559368545623, -0.2327755907997968166 ) ) ;
#8187 = DIRECTION ( 'NONE',  ( -0.9945218953682685159, 0.1045284632676983655, -1.739022243102431967E-15 ) ) ;
#8188 = AXIS2_PLACEMENT_3D ( 'NONE', #2384, #3475, #2270 ) ;
#8189 = EDGE_CURVE ( 'NONE', #9425, #8927, #11044, .T. ) ;
#8190 = CARTESIAN_POINT ( 'NONE',  ( 0.4254818849634283695, 0.1217789874329370248, -0.1319881892249934463 ) ) ;
#8191 = VERTEX_POINT ( 'NONE', #5538 ) ;
#8192 = EDGE_LOOP ( 'NONE', ( #672, #4715, #1905, #7072 ) ) ;
#8193 = FILL_AREA_STYLE_COLOUR ( '', #2605 ) ;
#8194 =( NAMED_UNIT ( * ) PLANE_ANGLE_UNIT ( ) SI_UNIT ( $, .RADIAN. ) );
#8195 = AXIS2_PLACEMENT_3D ( 'NONE', #8821, #546, #7669 ) ;
#8196 = STYLED_ITEM ( 'NONE', ( #8440 ), #9827 ) ;
#8197 =( NAMED_UNIT ( * ) PLANE_ANGLE_UNIT ( ) SI_UNIT ( $, .RADIAN. ) );
#8198 = CARTESIAN_POINT ( 'NONE',  ( 0.2024471205824050213, 0.03516481420455550011, -0.2272637797769623269 ) ) ;
#8199 =( NAMED_UNIT ( * ) PLANE_ANGLE_UNIT ( ) SI_UNIT ( $, .RADIAN. ) );
#8200 = VECTOR ( 'NONE', #10464, 39.37007874015748143 ) ;
#8201 = CARTESIAN_POINT ( 'NONE',  ( 0.5230445496231617142, -0.05876606348099622928, -0.2398622049738121376 ) ) ;
#8202 = STYLED_ITEM ( 'NONE', ( #9063 ), #3989 ) ;
#8203 = CARTESIAN_POINT ( 'NONE',  ( 0.2685386460637524952, 0.04008607404707508620, -0.2878937010368047278 ) ) ;
#8204 = ADVANCED_FACE ( 'NONE', ( #8142 ), #6315, .T. ) ;
#8205 = CIRCLE ( 'NONE', #91, 0.007874015748031501158 ) ;
#8206 = PRESENTATION_STYLE_ASSIGNMENT (( #6379 ) ) ;
#8207 = ORIENTED_EDGE ( 'NONE', *, *, #9351, .T. ) ;
#8208 = DIRECTION ( 'NONE',  ( -1.644517855226007801E-15, -1.000000000000000000, -2.890435660536363919E-30 ) ) ;
#8209 = COLOUR_RGB ( '',0.7607843137254901578, 0.7607843137254901578, 0.0000000000000000000 ) ;
#8210 = DIRECTION ( 'NONE',  ( 0.09052430460837823656, 0.8612812260087761018, -0.4999999999999892308 ) ) ;
#8211 = AXIS2_PLACEMENT_3D ( 'NONE', #10507, #8506, #3006 ) ;
#8212 = LINE ( 'NONE', #5426, #431 ) ;
#8213 = VECTOR ( 'NONE', #8187, 39.37007874015748143 ) ;
#8214 = ORIENTED_EDGE ( 'NONE', *, *, #1561, .F. ) ;
#8215 = DIRECTION ( 'NONE',  ( 0.0000000000000000000, 0.0000000000000000000, 1.000000000000000000 ) ) ;
#8216 = DIRECTION ( 'NONE',  ( 1.748601263784621946E-15, 0.0000000000000000000, -1.000000000000000000 ) ) ;
#8217 = DIMENSIONAL_EXPONENTS ( 1.000000000000000000, 0.0000000000000000000, 0.0000000000000000000, 0.0000000000000000000, 0.0000000000000000000, 0.0000000000000000000, 0.0000000000000000000 ) ;
#8218 = MECHANICAL_DESIGN_GEOMETRIC_PRESENTATION_REPRESENTATION (  '', ( #877 ), #4532 ) ;
#8219 = LINE ( 'NONE', #9200, #1368 ) ;
#8220 = ORIENTED_EDGE ( 'NONE', *, *, #9204, .F. ) ;
#8221 =( GEOMETRIC_REPRESENTATION_CONTEXT ( 3 ) GLOBAL_UNCERTAINTY_ASSIGNED_CONTEXT ( ( #716 ) ) GLOBAL_UNIT_ASSIGNED_CONTEXT ( ( #9961, #23, #3511 ) ) REPRESENTATION_CONTEXT ( 'NONE', 'WORKASPACE' ) );
#8222 = VECTOR ( 'NONE', #6243, 39.37007874015748143 ) ;
#8223 = AXIS2_PLACEMENT_3D ( 'NONE', #8905, #2543, #8117 ) ;
#8224 = ADVANCED_FACE ( 'NONE', ( #3760 ), #10034, .F. ) ;
#8225 = ADVANCED_FACE ( 'NONE', ( #11838 ), #2630, .F. ) ;
#8226 = SURFACE_STYLE_FILL_AREA ( #6278 ) ;
#8227 = COLOUR_RGB ( '',0.7607843137254901578, 0.7607843137254901578, 0.0000000000000000000 ) ;
#8228 = ORIENTED_EDGE ( 'NONE', *, *, #3063, .T. ) ;
#8229 = SURFACE_STYLE_FILL_AREA ( #1454 ) ;
#8230 = PRESENTATION_LAYER_ASSIGNMENT (  '', '', ( #8427 ) ) ;
#8231 = MECHANICAL_DESIGN_GEOMETRIC_PRESENTATION_REPRESENTATION (  '', ( #1859 ), #6837 ) ;
#8232 =( NAMED_UNIT ( * ) SI_UNIT ( $, .STERADIAN. ) SOLID_ANGLE_UNIT ( ) );
#8233 = ORIENTED_EDGE ( 'NONE', *, *, #8482, .T. ) ;
#8234 = MECHANICAL_DESIGN_GEOMETRIC_PRESENTATION_REPRESENTATION (  '', ( #129 ), #1083 ) ;
#8235 =( NAMED_UNIT ( * ) PLANE_ANGLE_UNIT ( ) SI_UNIT ( $, .RADIAN. ) );
#8236 = FILL_AREA_STYLE ('',( #9147 ) ) ;
#8237 = CARTESIAN_POINT ( 'NONE',  ( 0.4696401291287826130, 0.03516481420455507684, -0.1351377955249933038 ) ) ;
#8238 = LINE ( 'NONE', #7201, #4518 ) ;
#8239 = ORIENTED_EDGE ( 'NONE', *, *, #9869, .T. ) ;
#8240 = EDGE_CURVE ( 'NONE', #2570, #6098, #774, .T. ) ;
#8241 =( NAMED_UNIT ( * ) SI_UNIT ( $, .STERADIAN. ) SOLID_ANGLE_UNIT ( ) );
#8242 = CARTESIAN_POINT ( 'NONE',  ( 0.3928014512908295508, 0.1020939480628622886, -0.08218503961889120357 ) ) ;
#8243 = LINE ( 'NONE', #11018, #11901 ) ;
#8244 = AXIS2_PLACEMENT_3D ( 'NONE', #2457, #4317, #8041 ) ;
#8245 = SURFACE_STYLE_FILL_AREA ( #8118 ) ;
#8246 = VERTEX_POINT ( 'NONE', #6373 ) ;
#8247 = CARTESIAN_POINT ( 'NONE',  ( 0.2703607577135457296, -0.06735471599197999371, -0.2882872069301379292 ) ) ;
#8248 = EDGE_LOOP ( 'NONE', ( #2654, #6781, #10191, #5855 ) ) ;
#8249 = ORIENTED_EDGE ( 'NONE', *, *, #9362, .F. ) ;
#8250 = FACE_OUTER_BOUND ( 'NONE', #6186, .T. ) ;
#8251 = CARTESIAN_POINT ( 'NONE',  ( 0.5483132623141999673, -0.03570132752772851858, -0.1477362207209310108 ) ) ;
#8252 = CARTESIAN_POINT ( 'NONE',  ( 0.4696401291264996058, 0.03516481420455506990, -0.2878937010365681948 ) ) ;
#8253 = EDGE_CURVE ( 'NONE', #1206, #6600, #3590, .T. ) ;
#8254 = ORIENTED_EDGE ( 'NONE', *, *, #5918, .F. ) ;
#8255 = DIRECTION ( 'NONE',  ( 1.000000000000000000, -1.644517855226007801E-15, 1.748601263784622143E-15 ) ) ;
#8256 = EDGE_CURVE ( 'NONE', #3798, #8620, #36, .T. ) ;
#8257 =( CONVERSION_BASED_UNIT ( 'INCH', #9347 ) LENGTH_UNIT ( ) NAMED_UNIT ( #6511 ) );
#8258 = DIRECTION ( 'NONE',  ( -1.000000000000000000, 1.644517855226007801E-15, -8.234490263801784106E-12 ) ) ;
#8259 = EDGE_LOOP ( 'NONE', ( #6272, #1523, #6648, #4413 ) ) ;
#8260 = VERTEX_POINT ( 'NONE', #826 ) ;
#8261 = ORIENTED_EDGE ( 'NONE', *, *, #4823, .F. ) ;
#8262 = LINE ( 'NONE', #2682, #2204 ) ;
#8263 = DIRECTION ( 'NONE',  ( 1.644517855226008195E-15, 1.000000000000000000, 2.890435660536364269E-30 ) ) ;
#8264 = ADVANCED_FACE ( 'NONE', ( #7295 ), #6497, .F. ) ;
#8265 = FILL_AREA_STYLE_COLOUR ( '', #11696 ) ;
#8266 = LENGTH_MEASURE_WITH_UNIT ( LENGTH_MEASURE( 0.02539999999999999897 ), #5964 );
#8267 = CARTESIAN_POINT ( 'NONE',  ( 0.5144963000303959255, -0.01715373501898830380, -0.1437992128471937414 ) ) ;
#8268 = CARTESIAN_POINT ( 'NONE',  ( 0.4736274509820498357, 0.1217789874329369693, 0.01210629896398299730 ) ) ;
#8269 = STYLED_ITEM ( 'NONE', ( #737 ), #5941 ) ;
#8270 = EDGE_LOOP ( 'NONE', ( #428, #6964, #10861, #8636 ) ) ;
#8271 = CARTESIAN_POINT ( 'NONE',  ( 0.5158188054464744043, -0.02214987590510622897, -0.04754783332185890526 ) ) ;
#8272 = LINE ( 'NONE', #11912, #11327 ) ;
#8273 = ORIENTED_EDGE ( 'NONE', *, *, #9394, .F. ) ;
#8274 = DIRECTION ( 'NONE',  ( 0.09052430460837825044, 0.8612812260087766569, -0.4999999999999882316 ) ) ;
#8275 = DIRECTION ( 'NONE',  ( 1.000000000000000000, -1.644517855226007801E-15, 1.748601263784622143E-15 ) ) ;
#8276 = ADVANCED_FACE ( 'NONE', ( #8377 ), #2864, .F. ) ;
#8277 = DIRECTION ( 'NONE',  ( 0.4273849607944149032, -7.028421990814850682E-16, 0.9040697402782356118 ) ) ;
#8278 = ORIENTED_EDGE ( 'NONE', *, *, #6430, .T. ) ;
#8279 = STYLED_ITEM ( 'NONE', ( #8379 ), #6369 ) ;
#8280 = LINE ( 'NONE', #8101, #9403 ) ;
#8281 = UNCERTAINTY_MEASURE_WITH_UNIT (LENGTH_MEASURE( 1.000000000000000082E-05 ), #5386, 'distance_accuracy_value', 'NONE');
#8282 = STYLED_ITEM ( 'NONE', ( #7230 ), #9011 ) ;
#8283 = CARTESIAN_POINT ( 'NONE',  ( 0.2443412753444523522, 0.04500733388959479719, -0.2833849212010567387 ) ) ;
#8284 = VECTOR ( 'NONE', #5227, 39.37007874015748143 ) ;
#8285 = ORIENTED_EDGE ( 'NONE', *, *, #3051, .F. ) ;
#8286 = CARTESIAN_POINT ( 'NONE',  ( 0.5050328009654277972, -0.02127569993139013377, -0.2680904743844783056 ) ) ;
#8287 = SURFACE_STYLE_USAGE ( .BOTH. , #127 ) ;
#8288 = CARTESIAN_POINT ( 'NONE',  ( 0.3140612938105266649, 0.1021333181416025776, -0.1821850396188910703 ) ) ;
#8289 =( LENGTH_UNIT ( ) NAMED_UNIT ( * ) SI_UNIT ( $, .METRE. ) );
#8290 = EDGE_CURVE ( 'NONE', #7139, #9196, #8435, .T. ) ;
#8291 = VERTEX_POINT ( 'NONE', #3869 ) ;
#8292 = DIRECTION ( 'NONE',  ( -6.938893903907228378E-14, -0.2873478855663174070, 0.9578262852211597567 ) ) ;
#8293 = DIRECTION ( 'NONE',  ( -2.633310236532794139E-11, 0.0000000000000000000, -1.000000000000000000 ) ) ;
#8294 = FILL_AREA_STYLE ('',( #11808 ) ) ;
#8295 = ORIENTED_EDGE ( 'NONE', *, *, #6335, .T. ) ;
#8296 = EDGE_CURVE ( 'NONE', #250, #3208, #5882, .T. ) ;
#8297 = FILL_AREA_STYLE ('',( #1766 ) ) ;
#8298 = LINE ( 'NONE', #10121, #3305 ) ;
#8299 = SURFACE_SIDE_STYLE ('',( #1768 ) ) ;
#8300 = PRESENTATION_LAYER_ASSIGNMENT (  '', '', ( #7131 ) ) ;
#8301 = FILL_AREA_STYLE ('',( #11146 ) ) ;
#8302 = CARTESIAN_POINT ( 'NONE',  ( 0.1916536552706491758, -0.02393547695607435924, -0.03986220497381267464 ) ) ;
#8303 = ORIENTED_EDGE ( 'NONE', *, *, #7751, .T. ) ;
#8304 = FACE_OUTER_BOUND ( 'NONE', #4240, .T. ) ;
#8305 = VERTEX_POINT ( 'NONE', #11269 ) ;
#8306 =( GEOMETRIC_REPRESENTATION_CONTEXT ( 3 ) GLOBAL_UNCERTAINTY_ASSIGNED_CONTEXT ( ( #8175 ) ) GLOBAL_UNIT_ASSIGNED_CONTEXT ( ( #5332, #10955, #9032 ) ) REPRESENTATION_CONTEXT ( 'NONE', 'WORKASPACE' ) );
#8307 = FILL_AREA_STYLE ('',( #9100 ) ) ;
#8308 = EDGE_LOOP ( 'NONE', ( #8525, #2742, #133, #3934, #2168, #2248, #8534, #10265, #10387, #2193, #5574, #9453, #3103, #7252 ) ) ;
#8309 = EDGE_CURVE ( 'NONE', #572, #7039, #3816, .T. ) ;
#8310 =( CONVERSION_BASED_UNIT ( 'INCH', #6713 ) LENGTH_UNIT ( ) NAMED_UNIT ( #10839 ) );
#8311 = CARTESIAN_POINT ( 'NONE',  ( 0.5134983943106644633, -0.007659296307098530966, -0.1878937010361783622 ) ) ;
#8312 = FILL_AREA_STYLE_COLOUR ( '', #524 ) ;
#8313 = FACE_OUTER_BOUND ( 'NONE', #1847, .T. ) ;
#8314 = ORIENTED_EDGE ( 'NONE', *, *, #5055, .F. ) ;
#8315 = FILL_AREA_STYLE ('',( #10257 ) ) ;
#8316 = PRESENTATION_STYLE_ASSIGNMENT (( #10134 ) ) ;
#8317 = PRESENTATION_STYLE_ASSIGNMENT (( #9235 ) ) ;
#8318 = STYLED_ITEM ( 'NONE', ( #531 ), #9248 ) ;
#8319 = EDGE_LOOP ( 'NONE', ( #8783, #8538, #862, #9516, #1324, #7684, #10617, #8273, #11647, #7646, #4231, #2291, #8140, #11780 ) ) ;
#8320 = ADVANCED_FACE ( 'NONE', ( #10330 ), #1230, .T. ) ;
#8321 = ORIENTED_EDGE ( 'NONE', *, *, #7783, .F. ) ;
#8322 = ORIENTED_EDGE ( 'NONE', *, *, #8152, .T. ) ;
#8323 = PLANE ( 'NONE',  #6867 ) ;
#8324 = DIRECTION ( 'NONE',  ( 1.387778780775897814E-15, 0.0000000000000000000, 1.000000000000000000 ) ) ;
#8325 = MECHANICAL_DESIGN_GEOMETRIC_PRESENTATION_REPRESENTATION (  '', ( #10459 ), #614 ) ;
#8326 = FILL_AREA_STYLE ('',( #6676 ) ) ;
#8327 = SURFACE_SIDE_STYLE ('',( #6733 ) ) ;
#8328 = FILL_AREA_STYLE ('',( #4796 ) ) ;
#8329 = DIMENSIONAL_EXPONENTS ( 1.000000000000000000, 0.0000000000000000000, 0.0000000000000000000, 0.0000000000000000000, 0.0000000000000000000, 0.0000000000000000000, 0.0000000000000000000 ) ;
#8330 = DIRECTION ( 'NONE',  ( -1.664296299258047645E-15, 0.04993761694385234762, 0.9987523388778467570 ) ) ;
#8331 = VERTEX_POINT ( 'NONE', #5655 ) ;
#8332 = FILL_AREA_STYLE ('',( #11116 ) ) ;
#8333 = CARTESIAN_POINT ( 'NONE',  ( 0.3140612938105266649, 0.1021333181416025776, -0.1821850396188910703 ) ) ;
#8334 = ORIENTED_EDGE ( 'NONE', *, *, #11334, .T. ) ;
#8335 = LINE ( 'NONE', #787, #6450 ) ;
#8336 = DIRECTION ( 'NONE',  ( 0.0000000000000000000, 0.0000000000000000000, 1.000000000000000000 ) ) ;
#8337 = CARTESIAN_POINT ( 'NONE',  ( 0.2006796306912831396, -0.02488414520015490641, -0.06742126009192291047 ) ) ;
#8338 = EDGE_LOOP ( 'NONE', ( #5702, #8579, #5519, #6062 ) ) ;
#8339 = PRESENTATION_LAYER_ASSIGNMENT (  '', '', ( #9510 ) ) ;
#8340 = SURFACE_STYLE_FILL_AREA ( #10106 ) ;
#8341 = EDGE_CURVE ( 'NONE', #6973, #8441, #11394, .T. ) ;
#8342 = DIRECTION ( 'NONE',  ( -8.105384419199200945E-12, -1.000000000000000000, -1.460875864723001212E-11 ) ) ;
#8343 = CIRCLE ( 'NONE', #7378, 0.01771653543307086590 ) ;
#8344 = COLOUR_RGB ( '',0.7607843137254901578, 0.7607843137254901578, 0.0000000000000000000 ) ;
#8345 = EDGE_LOOP ( 'NONE', ( #1805, #2744, #474, #6305 ) ) ;
#8346 = CARTESIAN_POINT ( 'NONE',  ( 0.5037097929783023176, -0.008688119764421362370, -0.1878937010362589644 ) ) ;
#8347 = CARTESIAN_POINT ( 'NONE',  ( 0.4254818849634288136, 0.1217789874329370109, -0.2831692915873951222 ) ) ;
#8348 = FACE_OUTER_BOUND ( 'NONE', #7224, .T. ) ;
#8349 = DIRECTION ( 'NONE',  ( 0.4273849608040032333, -7.028421990972483826E-16, -0.9040697402737026822 ) ) ;
#8350 =( NAMED_UNIT ( * ) SI_UNIT ( $, .STERADIAN. ) SOLID_ANGLE_UNIT ( ) );
#8351 = ORIENTED_EDGE ( 'NONE', *, *, #8520, .T. ) ;
#8352 = DIRECTION ( 'NONE',  ( 0.05226423162670060241, -0.4972609476841257092, 0.8660254037848750253 ) ) ;
#8353 = MECHANICAL_DESIGN_GEOMETRIC_PRESENTATION_REPRESENTATION (  '', ( #8161 ), #8732 ) ;
#8354 = PLANE ( 'NONE',  #6487 ) ;
#8355 = ADVANCED_FACE ( 'NONE', ( #11224 ), #2982, .F. ) ;
#8356 = ORIENTED_EDGE ( 'NONE', *, *, #4645, .T. ) ;
#8357 = FILL_AREA_STYLE_COLOUR ( '', #10347 ) ;
#8358 = ORIENTED_EDGE ( 'NONE', *, *, #2973, .F. ) ;
#8359 = CYLINDRICAL_SURFACE ( 'NONE', #9728, 0.007874015748031495954 ) ;
#8360 = EDGE_LOOP ( 'NONE', ( #9654, #3420, #7839, #1792 ) ) ;
#8361 = CARTESIAN_POINT ( 'NONE',  ( 0.4754786166454750829, 0.03516481420467319763, -0.08789370103648942723 ) ) ;
#8362 = SURFACE_STYLE_FILL_AREA ( #7631 ) ;
#8363 = DIRECTION ( 'NONE',  ( 8.234490263801784106E-12, -1.353889066150678573E-26, -1.000000000000000000 ) ) ;
#8364 = FACE_OUTER_BOUND ( 'NONE', #7291, .T. ) ;
#8365 = ORIENTED_EDGE ( 'NONE', *, *, #6617, .T. ) ;
#8366 = CARTESIAN_POINT ( 'NONE',  ( 0.2313841284562265788, 0.03516481424090340396, -0.3218021244321837004 ) ) ;
#8367 = CARTESIAN_POINT ( 'NONE',  ( 0.5144963000306231882, -0.01715373501898831768, -0.2713582679653039342 ) ) ;
#8368 = ADVANCED_FACE ( 'NONE', ( #584 ), #5276, .F. ) ;
#8369 = SURFACE_SIDE_STYLE ('',( #2074 ) ) ;
#8370 = ORIENTED_EDGE ( 'NONE', *, *, #10351, .F. ) ;
#8371 = DIMENSIONAL_EXPONENTS ( 1.000000000000000000, 0.0000000000000000000, 0.0000000000000000000, 0.0000000000000000000, 0.0000000000000000000, 0.0000000000000000000, 0.0000000000000000000 ) ;
#8372 = EDGE_CURVE ( 'NONE', #4163, #5438, #5077, .T. ) ;
#8373 = ORIENTED_EDGE ( 'NONE', *, *, #8424, .T. ) ;
#8374 = ORIENTED_EDGE ( 'NONE', *, *, #470, .T. ) ;
#8375 = CARTESIAN_POINT ( 'NONE',  ( 0.1972323944382717575, 0.02914268067976812787, -0.1878937010368048610 ) ) ;
#8376 = PRESENTATION_STYLE_ASSIGNMENT (( #4679 ) ) ;
#8377 = FACE_OUTER_BOUND ( 'NONE', #10790, .T. ) ;
#8378 = SURFACE_STYLE_FILL_AREA ( #8326 ) ;
#8379 = PRESENTATION_STYLE_ASSIGNMENT (( #1179 ) ) ;
#8380 =( LENGTH_UNIT ( ) NAMED_UNIT ( * ) SI_UNIT ( $, .METRE. ) );
#8381 = MECHANICAL_DESIGN_GEOMETRIC_PRESENTATION_REPRESENTATION (  '', ( #5843 ), #1239 ) ;
#8382 = EDGE_CURVE ( 'NONE', #7569, #9105, #4230, .T. ) ;
#8383 = VECTOR ( 'NONE', #9893, 39.37007874015748143 ) ;
#8384 = VERTEX_POINT ( 'NONE', #10729 ) ;
#8385 = CARTESIAN_POINT ( 'NONE',  ( 0.4696401291285066115, 0.04500733388959446413, -0.08001968528857600349 ) ) ;
#8386 = CIRCLE ( 'NONE', #6448, 0.007874015748031501158 ) ;
#8387 = SPHERICAL_SURFACE ( 'NONE', #1285, 0.007874015748031495954 ) ;
#8388 = DIRECTION ( 'NONE',  ( 0.9040697404025195283, -1.626303258728255665E-15, 0.4273849605315106492 ) ) ;
#8389 = DIRECTION ( 'NONE',  ( -1.000000000000000000, 1.644517855226007801E-15, -1.778650910260784742E-12 ) ) ;
#8390 = AXIS2_PLACEMENT_3D ( 'NONE', #3730, #3617, #5387 ) ;
#8391 =( LENGTH_UNIT ( ) NAMED_UNIT ( * ) SI_UNIT ( $, .METRE. ) );
#8392 = ORIENTED_EDGE ( 'NONE', *, *, #7192, .F. ) ;
#8393 = EDGE_CURVE ( 'NONE', #1206, #10441, #9724, .T. ) ;
#8394 = COLOUR_RGB ( '',0.7607843137254901578, 0.7607843137254901578, 0.0000000000000000000 ) ;
#8395 = VECTOR ( 'NONE', #516, 39.37007874015748143 ) ;
#8396 = CIRCLE ( 'NONE', #3161, 0.005905511811027564992 ) ;
#8397 = DIRECTION ( 'NONE',  ( 1.748601263784621946E-15, 0.0000000000000000000, -1.000000000000000000 ) ) ;
#8398 = VECTOR ( 'NONE', #1048, 39.37007874015748143 ) ;
#8399 = ORIENTED_EDGE ( 'NONE', *, *, #7231, .F. ) ;
#8400 = DIRECTION ( 'NONE',  ( -1.000000000000000000, 1.644517855226007801E-15, -8.234490263801784106E-12 ) ) ;
#8401 = AXIS2_PLACEMENT_3D ( 'NONE', #4266, #4992, #6943 ) ;
#8402 = FILL_AREA_STYLE_COLOUR ( '', #10370 ) ;
#8403 = PRESENTATION_STYLE_ASSIGNMENT (( #1027 ) ) ;
#8404 = CYLINDRICAL_SURFACE ( 'NONE', #7963, 0.005905511811023620231 ) ;
#8405 = CARTESIAN_POINT ( 'NONE',  ( 0.2148518768365315912, 0.03516481420455550011, -0.1878937010368047777 ) ) ;
#8406 = STYLED_ITEM ( 'NONE', ( #7957 ), #7120 ) ;
#8407 = LINE ( 'NONE', #3788, #4316 ) ;
#8408 = EDGE_CURVE ( 'NONE', #4809, #5807, #4291, .T. ) ;
#8409 = ORIENTED_EDGE ( 'NONE', *, *, #7284, .T. ) ;
#8410 = VECTOR ( 'NONE', #1546, 39.37007874015748143 ) ;
#8411 = LINE ( 'NONE', #5452, #1267 ) ;
#8412 = VECTOR ( 'NONE', #1691, 39.37007874015748143 ) ;
#8413 = LINE ( 'NONE', #6640, #7823 ) ;
#8414 = MANIFOLD_SOLID_BREP ( '<SMT terminal>-<Imported1>', #3821 ) ;
#8415 = ORIENTED_EDGE ( 'NONE', *, *, #1665, .T. ) ;
#8416 = VECTOR ( 'NONE', #9703, 39.37007874015748143 ) ;
#8417 = ADVANCED_FACE ( 'NONE', ( #8007 ), #5020, .T. ) ;
#8418 = VECTOR ( 'NONE', #4886, 39.37007874015748143 ) ;
#8419 = VERTEX_POINT ( 'NONE', #5149 ) ;
#8420 = PRESENTATION_STYLE_ASSIGNMENT (( #4714 ) ) ;
#8421 = VERTEX_POINT ( 'NONE', #7097 ) ;
#8422 =( CONVERSION_BASED_UNIT ( 'INCH', #7688 ) LENGTH_UNIT ( ) NAMED_UNIT ( #7711 ) );
#8423 = DIRECTION ( 'NONE',  ( -1.000000000000000000, 1.734723475977064460E-15, 1.951563910474197493E-15 ) ) ;
#8424 = EDGE_CURVE ( 'NONE', #11053, #9274, #4721, .T. ) ;
#8425 = ORIENTED_EDGE ( 'NONE', *, *, #5914, .F. ) ;
#8426 = LINE ( 'NONE', #7570, #2115 ) ;
#8427 = STYLED_ITEM ( 'NONE', ( #11702 ), #6565 ) ;
#8428 = LINE ( 'NONE', #148, #2392 ) ;
#8429 = ORIENTED_EDGE ( 'NONE', *, *, #1703, .T. ) ;
#8430 = ORIENTED_EDGE ( 'NONE', *, *, #7413, .F. ) ;
#8431 = ORIENTED_EDGE ( 'NONE', *, *, #9430, .T. ) ;
#8432 = CARTESIAN_POINT ( 'NONE',  ( 0.5037097929778030503, -0.008688119764421362370, -0.1272637797764164524 ) ) ;
#8433 = SURFACE_STYLE_FILL_AREA ( #1910 ) ;
#8434 = MANIFOLD_SOLID_BREP ( 'LPattern1[5]', #2871 ) ;
#8435 = LINE ( 'NONE', #2130, #10731 ) ;
#8436 =( CONVERSION_BASED_UNIT ( 'INCH', #5656 ) LENGTH_UNIT ( ) NAMED_UNIT ( #7809 ) );
#8437 = LINE ( 'NONE', #9302, #4195 ) ;
#8438 = EDGE_CURVE ( 'NONE', #6003, #3965, #6303, .T. ) ;
#8439 = DIRECTION ( 'NONE',  ( 1.748601263784622143E-15, 0.0000000000000000000, -1.000000000000000000 ) ) ;
#8440 = PRESENTATION_STYLE_ASSIGNMENT (( #11229 ) ) ;
#8441 = VERTEX_POINT ( 'NONE', #10794 ) ;
#8442 = DIRECTION ( 'NONE',  ( 1.644517855226007801E-15, 1.000000000000000000, 2.875605999964572744E-30 ) ) ;
#8443 = EDGE_CURVE ( 'NONE', #61, #10845, #2734, .T. ) ;
#8444 = CARTESIAN_POINT ( 'NONE',  ( 0.5483132623141999673, -0.03570132752772851858, -0.1477362207209310108 ) ) ;
#8445 = FACE_OUTER_BOUND ( 'NONE', #4603, .T. ) ;
#8446 = LINE ( 'NONE', #167, #2138 ) ;
#8447 = LINE ( 'NONE', #6510, #2854 ) ;
#8448 = DIMENSIONAL_EXPONENTS ( 1.000000000000000000, 0.0000000000000000000, 0.0000000000000000000, 0.0000000000000000000, 0.0000000000000000000, 0.0000000000000000000, 0.0000000000000000000 ) ;
#8449 = EDGE_CURVE ( 'NONE', #2139, #2210, #11825, .T. ) ;
#8450 = CARTESIAN_POINT ( 'NONE',  ( 0.4554196763377200141, 0.04500733388959445719, -0.2778562600918830783 ) ) ;
#8451 = ORIENTED_EDGE ( 'NONE', *, *, #630, .T. ) ;
#8452 = CARTESIAN_POINT ( 'NONE',  ( 0.3140612938105263319, 0.1060309559368545623, -0.03198818922499363504 ) ) ;
#8453 = LINE ( 'NONE', #6452, #11874 ) ;
#8454 = VERTEX_POINT ( 'NONE', #11758 ) ;
#8455 = DIRECTION ( 'NONE',  ( 1.748601263784622143E-15, 0.0000000000000000000, -1.000000000000000000 ) ) ;
#8456 = EDGE_CURVE ( 'NONE', #1759, #6179, #9164, .T. ) ;
#8457 = LINE ( 'NONE', #5618, #9209 ) ;
#8458 = VECTOR ( 'NONE', #8932, 39.37007874015748143 ) ;
#8459 = CARTESIAN_POINT ( 'NONE',  ( 0.1838181954782064642, -0.05876606348099563254, -0.1752952758420426582 ) ) ;
#8460 = CARTESIAN_POINT ( 'NONE',  ( 0.2070209957706381776, 0.02811385722240983265, -0.1272637797769623214 ) ) ;
#8461 =( NAMED_UNIT ( * ) SI_UNIT ( $, .STERADIAN. ) SOLID_ANGLE_UNIT ( ) );
#8462 = CARTESIAN_POINT ( 'NONE',  ( 0.5047076986980301161, -0.01818255847635048827, -0.2437992128472743214 ) ) ;
#8463 = LINE ( 'NONE', #6466, #557 ) ;
#8464 = ORIENTED_EDGE ( 'NONE', *, *, #6745, .F. ) ;
#8465 = AXIS2_PLACEMENT_3D ( 'NONE', #7961, #2317, #7113 ) ;
#8466 = STYLED_ITEM ( 'NONE', ( #11639 ), #6514 ) ;
#8467 = PRESENTATION_STYLE_ASSIGNMENT (( #1946 ) ) ;
#8468 = ORIENTED_EDGE ( 'NONE', *, *, #1035, .T. ) ;
#8469 = EDGE_CURVE ( 'NONE', #6301, #3115, #5404, .T. ) ;
#8470 = ORIENTED_EDGE ( 'NONE', *, *, #9462, .F. ) ;
#8471 = ORIENTED_EDGE ( 'NONE', *, *, #3883, .F. ) ;
#8472 = LINE ( 'NONE', #6714, #5324 ) ;
#8473 = AXIS2_PLACEMENT_3D ( 'NONE', #7718, #3938, #8388 ) ;
#8474 = CARTESIAN_POINT ( 'NONE',  ( 0.2148518768365310638, 0.02729079845652401456, -0.02726377977696224642 ) ) ;
#8475 = ORIENTED_EDGE ( 'NONE', *, *, #3261, .T. ) ;
#8476 = CARTESIAN_POINT ( 'NONE',  ( 0.5225010356770475317, -0.01798479209465762493, -0.2674212600912223570 ) ) ;
#8477 = PRESENTATION_STYLE_ASSIGNMENT (( #5704 ) ) ;
#8478 =( NAMED_UNIT ( * ) SI_UNIT ( $, .STERADIAN. ) SOLID_ANGLE_UNIT ( ) );
#8479 = DIRECTION ( 'NONE',  ( 1.644517855226007801E-15, 1.000000000000000000, 2.875605999964572744E-30 ) ) ;
#8480 = VECTOR ( 'NONE', #4718, 39.37007874015748143 ) ;
#8481 = ORIENTED_EDGE ( 'NONE', *, *, #1440, .T. ) ;
#8482 = EDGE_CURVE ( 'NONE', #4100, #1219, #5523, .T. ) ;
#8483 = EDGE_LOOP ( 'NONE', ( #1636, #8862, #8705, #6702 ) ) ;
#8484 = CARTESIAN_POINT ( 'NONE',  ( 0.2313841284562323797, 0.04500733388959484577, -0.1878937010368047777 ) ) ;
#8485 = EDGE_LOOP ( 'NONE', ( #10485, #9871, #1791, #7857, #2406, #8678, #9970 ) ) ;
#8486 = CARTESIAN_POINT ( 'NONE',  ( 0.1933643507908075210, -0.007659296307098018355, -0.2878937010368048388 ) ) ;
#8487 = DIRECTION ( 'NONE',  ( 0.05226423162670049832, -0.4972609476841248211, 0.8660254037848753583 ) ) ;
#8488 =( NAMED_UNIT ( * ) PLANE_ANGLE_UNIT ( ) SI_UNIT ( $, .RADIAN. ) );
#8489 = CARTESIAN_POINT ( 'NONE',  ( 0.5225010356768854392, -0.01798479209465762493, -0.2477362207211436240 ) ) ;
#8490 = MECHANICAL_DESIGN_GEOMETRIC_PRESENTATION_REPRESENTATION (  '', ( #11983 ), #10454 ) ;
#8491 = VECTOR ( 'NONE', #4023, 39.37007874015748143 ) ;
#8492 =( CONVERSION_BASED_UNIT ( 'INCH', #1125 ) LENGTH_UNIT ( ) NAMED_UNIT ( #9529 ) );
#8493 = VERTEX_POINT ( 'NONE', #3453 ) ;
#8494 = EDGE_CURVE ( 'NONE', #10072, #9027, #7158, .T. ) ;
#8495 = CIRCLE ( 'NONE', #6947, 0.01771653543307087283 ) ;
#8496 = DIMENSIONAL_EXPONENTS ( 1.000000000000000000, 0.0000000000000000000, 0.0000000000000000000, 0.0000000000000000000, 0.0000000000000000000, 0.0000000000000000000, 0.0000000000000000000 ) ;
#8497 =( CONVERSION_BASED_UNIT ( 'INCH', #4914 ) LENGTH_UNIT ( ) NAMED_UNIT ( #6422 ) );
#8498 = EDGE_CURVE ( 'NONE', #6384, #8737, #4358, .T. ) ;
#8499 = AXIS2_PLACEMENT_3D ( 'NONE', #7141, #1825, #1762 ) ;
#8500 = CARTESIAN_POINT ( 'NONE',  ( 0.5134983943106649074, -0.007659296307098548313, -0.2878937010361783400 ) ) ;
#8501 = CARTESIAN_POINT ( 'NONE',  ( 0.4696401291285066115, 0.03516481420455509765, -0.08001968528857600349 ) ) ;
#8502 = CARTESIAN_POINT ( 'NONE',  ( 0.2372226159726412154, 0.04500733388959481801, -0.2272637797769622714 ) ) ;
#8503 = EDGE_LOOP ( 'NONE', ( #25, #753, #9904, #269 ) ) ;
#8504 =( BOUNDED_CURVE ( )  B_SPLINE_CURVE ( 3, ( #9792, #7888, #767, #4364 ),
 .UNSPECIFIED., .F., .F. ) 
 B_SPLINE_CURVE_WITH_KNOTS ( ( 4, 4 ),
 ( 3.224255440381115445, 3.968322528260086024 ),
 .UNSPECIFIED. ) 
 CURVE ( )  GEOMETRIC_REPRESENTATION_ITEM ( )  RATIONAL_B_SPLINE_CURVE ( ( 1.000000000000000000, 0.9543933716775627740, 0.9543933716775627740, 1.000000000000000000 ) ) 
 REPRESENTATION_ITEM ( '' )  );
#8505 = AXIS2_PLACEMENT_3D ( 'NONE', #9449, #4819, #1146 ) ;
#8506 = DIRECTION ( 'NONE',  ( 1.644517855226008195E-15, 1.000000000000000000, 2.890435660536364269E-30 ) ) ;
#8507 =( GEOMETRIC_REPRESENTATION_CONTEXT ( 3 ) GLOBAL_UNCERTAINTY_ASSIGNED_CONTEXT ( ( #1034 ) ) GLOBAL_UNIT_ASSIGNED_CONTEXT ( ( #5383, #4586, #3550 ) ) REPRESENTATION_CONTEXT ( 'NONE', 'WORKASPACE' ) );
#8508 = EDGE_CURVE ( 'NONE', #10845, #7513, #2614, .T. ) ;
#8509 = VERTEX_POINT ( 'NONE', #11948 ) ;
#8510 = DIRECTION ( 'NONE',  ( -1.644517855226007801E-15, -1.000000000000000000, -2.875605999964572744E-30 ) ) ;
#8511 = AXIS2_PLACEMENT_3D ( 'NONE', #3346, #4973, #1427 ) ;
#8512 = CARTESIAN_POINT ( 'NONE',  ( 0.2514430687598460112, 0.03516481420455542378, -0.2837617719025922192 ) ) ;
#8513 = CARTESIAN_POINT ( 'NONE',  ( 0.4615064727376408382, 0.04500733388959445719, -0.1812378449690091042 ) ) ;
#8514 = CARTESIAN_POINT ( 'NONE',  ( 0.1933643507908075210, -0.007659296307098018355, -0.2878937010368048388 ) ) ;
#8515 = CARTESIAN_POINT ( 'NONE',  ( 0.1843617094242562815, -0.01798479209465706288, -0.2477362207218442025 ) ) ;
#8516 = ORIENTED_EDGE ( 'NONE', *, *, #7912, .T. ) ;
#8517 = DIRECTION ( 'NONE',  ( 1.000000000000000000, -1.582776894139425349E-15, 0.0000000000000000000 ) ) ;
#8518 = DIMENSIONAL_EXPONENTS ( 1.000000000000000000, 0.0000000000000000000, 0.0000000000000000000, 0.0000000000000000000, 0.0000000000000000000, 0.0000000000000000000, 0.0000000000000000000 ) ;
#8520 = EDGE_CURVE ( 'NONE', #9178, #5137, #8127, .T. ) ;
#8519 =( GEOMETRIC_REPRESENTATION_CONTEXT ( 3 ) GLOBAL_UNCERTAINTY_ASSIGNED_CONTEXT ( ( #2226 ) ) GLOBAL_UNIT_ASSIGNED_CONTEXT ( ( #6181, #7102, #4363 ) ) REPRESENTATION_CONTEXT ( 'NONE', 'WORKASPACE' ) );
#8521 = UNCERTAINTY_MEASURE_WITH_UNIT (LENGTH_MEASURE( 1.000000000000000082E-05 ), #918, 'distance_accuracy_value', 'NONE');
#8522 = CARTESIAN_POINT ( 'NONE',  ( 0.1843617094242556986, -0.01798479209465704554, -0.04822661442263162512 ) ) ;
#8523 = ORIENTED_EDGE ( 'NONE', *, *, #5620, .F. ) ;
#8524 = B_SPLINE_CURVE_WITH_KNOTS ( 'NONE', 3,
 ( #3435, #2535, #6217, #4900, #5331, #7826, #271, #7768, #3925, #3093, #6788, #1296, #4098 ),
 .UNSPECIFIED., .F., .F.,
 ( 4, 3, 3, 3, 4 ),
 ( -1.878211220322204464E-06, 0.0000000000000000000, 5.232092011448408257E-05, 0.0001048841986582706680, 0.0001536880156048147186 ),
 .UNSPECIFIED. ) ;
#8525 = ORIENTED_EDGE ( 'NONE', *, *, #11721, .F. ) ;
#8526 = FILL_AREA_STYLE ('',( #9460 ) ) ;
#8527 = ORIENTED_EDGE ( 'NONE', *, *, #1250, .F. ) ;
#8528 = VECTOR ( 'NONE', #1887, 39.37007874015748854 ) ;
#8529 = SURFACE_STYLE_FILL_AREA ( #3905 ) ;
#8530 = CARTESIAN_POINT ( 'NONE',  ( 0.2443412753444519636, 0.04500733388959481801, -0.1833849212010567609 ) ) ;
#8531 = CIRCLE ( 'NONE', #3307, 0.007874015748031521975 ) ;
#8532 = PLANE ( 'NONE',  #4348 ) ;
#8533 =( LENGTH_UNIT ( ) NAMED_UNIT ( * ) SI_UNIT ( $, .METRE. ) );
#8534 = ORIENTED_EDGE ( 'NONE', *, *, #5098, .F. ) ;
#8535 = LINE ( 'NONE', #3029, #1166 ) ;
#8536 = DIRECTION ( 'NONE',  ( -1.000000000000000000, 1.644517855226007801E-15, -8.234490263801784106E-12 ) ) ;
#8537 = ADVANCED_FACE ( 'NONE', ( #10905 ), #3573, .T. ) ;
#8538 = ORIENTED_EDGE ( 'NONE', *, *, #5029, .F. ) ;
#8539 = EDGE_LOOP ( 'NONE', ( #5767, #10707, #9829, #11085 ) ) ;
#8540 = DIRECTION ( 'NONE',  ( -0.9945218953682685159, 0.1045284632676983655, -1.739022243102431967E-15 ) ) ;
#8541 = VERTEX_POINT ( 'NONE', #10969 ) ;
#8542 = CARTESIAN_POINT ( 'NONE',  ( 0.1896577093114369950, -0.02375406862796414220, -0.1477362207218441970 ) ) ;
#8543 = DIRECTION ( 'NONE',  ( 0.09052430461245383753, -0.8612812260087806537, -0.4999999999992434385 ) ) ;
#8544 = ORIENTED_EDGE ( 'NONE', *, *, #11656, .T. ) ;
#8545 = DIRECTION ( 'NONE',  ( 8.234490263801784106E-12, -1.353889066150678860E-26, -1.000000000000000000 ) ) ;
#8546 = MANIFOLD_SOLID_BREP ( 'LPattern1[7]', #8094 ) ;
#8547 = FILL_AREA_STYLE_COLOUR ( '', #3367 ) ;
#8548 = CARTESIAN_POINT ( 'NONE',  ( 0.4615064727377191645, 0.03516481420455510459, -0.08123784496912722641 ) ) ;
#8549 = EDGE_CURVE ( 'NONE', #7920, #9477, #6476, .T. ) ;
#8550 = CARTESIAN_POINT ( 'NONE',  ( 0.2453562723633100906, 0.03516481420455544460, -0.1339196358434976697 ) ) ;
#8551 = ORIENTED_EDGE ( 'NONE', *, *, #579, .T. ) ;
#8552 = SURFACE_STYLE_FILL_AREA ( #6558 ) ;
#8553 = LINE ( 'NONE', #3105, #6347 ) ;
#8554 = PRESENTATION_STYLE_ASSIGNMENT (( #11352 ) ) ;
#8555 = CARTESIAN_POINT ( 'NONE',  ( 0.4536010832257900693, 0.03516481420455512541, -0.07814324995940274965 ) ) ;
#8556 = CARTESIAN_POINT ( 'NONE',  ( 0.5047076986980296720, -0.01818255847635047093, -0.1437992128472743436 ) ) ;
#8557 = CARTESIAN_POINT ( 'NONE',  ( 0.4920108682649401710, 0.03516481420455504908, -0.1878937010363552484 ) ) ;
#8558 = EDGE_CURVE ( 'NONE', #11459, #10999, #8472, .T. ) ;
#8559 = CARTESIAN_POINT ( 'NONE',  ( 0.1897414014858939402, -0.02373449098435562871, -0.2674212600919229077 ) ) ;
#8560 = COLOUR_RGB ( '',1.000000000000000000, 1.000000000000000000, 1.000000000000000000 ) ;
#8561 = CARTESIAN_POINT ( 'NONE',  ( 0.2532616618757507210, 0.04500733388959482495, -0.07814324995916692440 ) ) ;
#8562 = EDGE_LOOP ( 'NONE', ( #5478, #2607, #1709, #8303, #2429, #5258 ) ) ;
#8563 = CARTESIAN_POINT ( 'NONE',  ( 0.2532616618757506100, 0.03516481420455545848, -0.03701423085373388433 ) ) ;
#8564 = DIRECTION ( 'NONE',  ( -0.5730959463344971194, 0.8184658334308991812, -0.04092329167150090402 ) ) ;
#8565 = DIRECTION ( 'NONE',  ( 1.779922736996477388E-11, -1.000000000000000000, 2.202682480880311385E-13 ) ) ;
#8566 = STYLED_ITEM ( 'NONE', ( #591 ), #9946 ) ;
#8567 = DIRECTION ( 'NONE',  ( -1.664296299258047645E-15, 0.04993761694385234762, 0.9987523388778467570 ) ) ;
#8568 = DIMENSIONAL_EXPONENTS ( 1.000000000000000000, 0.0000000000000000000, 0.0000000000000000000, 0.0000000000000000000, 0.0000000000000000000, 0.0000000000000000000, 0.0000000000000000000 ) ;
#8569 = CARTESIAN_POINT ( 'NONE',  ( 0.2031529521231688895, -0.008688119764420850627, -0.08789370103680482771 ) ) ;
#8570 = EDGE_CURVE ( 'NONE', #8493, #11253, #10346, .T. ) ;
#8571 = ORIENTED_EDGE ( 'NONE', *, *, #5458, .F. ) ;
#8572 = MECHANICAL_DESIGN_GEOMETRIC_PRESENTATION_REPRESENTATION (  '', ( #4312 ), #11484 ) ;
#8573 = EDGE_CURVE ( 'NONE', #8831, #4877, #11322, .T. ) ;
#8574 = LINE ( 'NONE', #10418, #11316 ) ;
#8575 = AXIS2_PLACEMENT_3D ( 'NONE', #2102, #371, #4008 ) ;
#8576 = VECTOR ( 'NONE', #176, 39.37007874015748143 ) ;
#8577 = LINE ( 'NONE', #6583, #8789 ) ;
#8578 =( GEOMETRIC_REPRESENTATION_CONTEXT ( 3 ) GLOBAL_UNCERTAINTY_ASSIGNED_CONTEXT ( ( #4798 ) ) GLOBAL_UNIT_ASSIGNED_CONTEXT ( ( #2622, #6309, #1788 ) ) REPRESENTATION_CONTEXT ( 'NONE', 'WORKASPACE' ) );
#8579 = ORIENTED_EDGE ( 'NONE', *, *, #2498, .F. ) ;
#8580 = ORIENTED_EDGE ( 'NONE', *, *, #9362, .T. ) ;
#8581 = PRESENTATION_LAYER_ASSIGNMENT (  '', '', ( #8617 ) ) ;
#8582 = LINE ( 'NONE', #2111, #8685 ) ;
#8583 = ORIENTED_EDGE ( 'NONE', *, *, #10871, .F. ) ;
#8584 = CIRCLE ( 'NONE', #8211, 0.005905511811023609822 ) ;
#8585 = MECHANICAL_DESIGN_GEOMETRIC_PRESENTATION_REPRESENTATION (  '', ( #1449 ), #9195 ) ;
#8586 = CARTESIAN_POINT ( 'NONE',  ( 0.1901773450124060461, -0.02333479306674138276, -0.1477395946475469346 ) ) ;
#8587 = CARTESIAN_POINT ( 'NONE',  ( 0.2014251648637903347, -0.02312085409984409451, -0.2674212600919203542 ) ) ;
#8588 =( NAMED_UNIT ( * ) PLANE_ANGLE_UNIT ( ) SI_UNIT ( $, .RADIAN. ) );
#8589 = DIRECTION ( 'NONE',  ( -1.000000000000000000, -3.408447766453399072E-14, -1.748601263784622143E-15 ) ) ;
#8590 = PRODUCT_DEFINITION_FORMATION_WITH_SPECIFIED_SOURCE ( 'ANY', '', #7250, .NOT_KNOWN. ) ;
#8591 = ADVANCED_FACE ( 'NONE', ( #1954 ), #6652, .F. ) ;
#8592 = ORIENTED_EDGE ( 'NONE', *, *, #8661, .T. ) ;
#8593 = CARTESIAN_POINT ( 'NONE',  ( 0.2031529521231688895, -0.008688119764420850627, -0.08789370103680482771 ) ) ;
#8594 = FILL_AREA_STYLE_COLOUR ( '', #10287 ) ;
#8595 = AXIS2_PLACEMENT_3D ( 'NONE', #10883, #9939, #9138 ) ;
#8596 = LENGTH_MEASURE_WITH_UNIT ( LENGTH_MEASURE( 0.02539999999999999897 ), #5810 );
#8597 = STYLED_ITEM ( 'NONE', ( #5214 ), #8414 ) ;
#8598 =( GEOMETRIC_REPRESENTATION_CONTEXT ( 3 ) GLOBAL_UNCERTAINTY_ASSIGNED_CONTEXT ( ( #5252 ) ) GLOBAL_UNIT_ASSIGNED_CONTEXT ( ( #2293, #9528, #5922 ) ) REPRESENTATION_CONTEXT ( 'NONE', 'WORKASPACE' ) );
#8599 = CARTESIAN_POINT ( 'NONE',  ( 0.5483132623141996342, -0.02585880784268912436, -0.04773622072093100521 ) ) ;
#8600 = AXIS2_PLACEMENT_3D ( 'NONE', #10318, #10078, #6363 ) ;
#8601 = ORIENTED_EDGE ( 'NONE', *, *, #4859, .T. ) ;
#8602 = CARTESIAN_POINT ( 'NONE',  ( 0.5151853795052333540, -0.02096163172394870100, -0.04719003121126832956 ) ) ;
#8603 = VERTEX_POINT ( 'NONE', #9344 ) ;
#8604 = DIRECTION ( 'NONE',  ( 0.9040697402463263588, -1.486758830204623752E-15, 0.4273849608619142981 ) ) ;
#8605 = VERTEX_POINT ( 'NONE', #9520 ) ;
#8606 = MECHANICAL_DESIGN_GEOMETRIC_PRESENTATION_REPRESENTATION (  '', ( #11518 ), #3005 ) ;
#8607 = ADVANCED_FACE ( 'NONE', ( #1105 ), #255, .F. ) ;
#8608 = CYLINDRICAL_SURFACE ( 'NONE', #9856, 0.005905511811023620231 ) ;
#8609 = DIRECTION ( 'NONE',  ( 0.8191520442895904308, 0.5735764363501912877, 1.432370299876534972E-15 ) ) ;
#8610 =( NAMED_UNIT ( * ) SI_UNIT ( $, .STERADIAN. ) SOLID_ANGLE_UNIT ( ) );
#8611 = FACE_OUTER_BOUND ( 'NONE', #7445, .T. ) ;
#8612 = VECTOR ( 'NONE', #6085, 39.37007874015748143 ) ;
#8613 =( LENGTH_UNIT ( ) NAMED_UNIT ( * ) SI_UNIT ( $, .METRE. ) );
#8614 = FILL_AREA_STYLE ('',( #8730 ) ) ;
#8615 = LENGTH_MEASURE_WITH_UNIT ( LENGTH_MEASURE( 0.02539999999999999897 ), #8798 );
#8616 = FACE_OUTER_BOUND ( 'NONE', #10086, .T. ) ;
#8617 = STYLED_ITEM ( 'NONE', ( #8679 ), #7019 ) ;
#8618 = ORIENTED_EDGE ( 'NONE', *, *, #5344, .F. ) ;
#8619 = CIRCLE ( 'NONE', #5894, 0.005905511811023620231 ) ;
#8620 = VERTEX_POINT ( 'NONE', #5196 ) ;
#8621 = EDGE_CURVE ( 'NONE', #2976, #10371, #6031, .T. ) ;
#8622 = DIRECTION ( 'NONE',  ( 4.196190604145846758E-13, -6.871954312449809553E-28, -1.000000000000000000 ) ) ;
#8623 = DIRECTION ( 'NONE',  ( 4.196190604145846758E-13, -6.871954312449809553E-28, -1.000000000000000000 ) ) ;
#8624 = DIRECTION ( 'NONE',  ( -1.000000000000000000, 1.644517855226007801E-15, -1.748601263784622143E-15 ) ) ;
#8625 = PLANE ( 'NONE',  #6686 ) ;
#8626 = DIRECTION ( 'NONE',  ( -0.9945218953682685159, 0.1045284632676983655, -1.739022243102431967E-15 ) ) ;
#8627 = VERTEX_POINT ( 'NONE', #570 ) ;
#8628 = ADVANCED_FACE ( 'NONE', ( #3132 ), #4947, .F. ) ;
#8629 = EDGE_CURVE ( 'NONE', #2482, #2297, #6896, .T. ) ;
#8630 = CARTESIAN_POINT ( 'NONE',  ( 0.3928014512908299394, 0.1434325307400276528, -0.1360039372566872462 ) ) ;
#8631 = CARTESIAN_POINT ( 'NONE',  ( 0.2506952668928372763, 0.03516481420455545848, -0.03730122072145040241 ) ) ;
#8632 = DIRECTION ( 'NONE',  ( -1.748601263784621748E-15, 0.0000000000000000000, 1.000000000000000000 ) ) ;
#8633 = DIRECTION ( 'NONE',  ( -8.234490263801784106E-12, 1.353889066150678573E-26, 1.000000000000000000 ) ) ;
#8634 = DIRECTION ( 'NONE',  ( 0.9945218953682689600, 0.1045284632676950626, 8.189380864547705479E-12 ) ) ;
#8635 = FACE_OUTER_BOUND ( 'NONE', #3484, .T. ) ;
#8636 = ORIENTED_EDGE ( 'NONE', *, *, #1875, .T. ) ;
#8637 = LINE ( 'NONE', #247, #11524 ) ;
#8638 = DIRECTION ( 'NONE',  ( -1.748601263784622143E-15, 0.0000000000000000000, 1.000000000000000000 ) ) ;
#8639 = UNCERTAINTY_MEASURE_WITH_UNIT (LENGTH_MEASURE( 1.000000000000000082E-05 ), #9388, 'distance_accuracy_value', 'NONE');
#8640 =( GEOMETRIC_REPRESENTATION_CONTEXT ( 3 ) GLOBAL_UNCERTAINTY_ASSIGNED_CONTEXT ( ( #5380 ) ) GLOBAL_UNIT_ASSIGNED_CONTEXT ( ( #5486, #902, #10048 ) ) REPRESENTATION_CONTEXT ( 'NONE', 'WORKASPACE' ) );
#8641 = ORIENTED_EDGE ( 'NONE', *, *, #1381, .T. ) ;
#8642 =( CONVERSION_BASED_UNIT ( 'INCH', #3310 ) LENGTH_UNIT ( ) NAMED_UNIT ( #3244 ) );
#8643 = ADVANCED_FACE ( 'NONE', ( #11437 ), #9706, .F. ) ;
#8644 = EDGE_CURVE ( 'NONE', #5225, #9574, #3200, .T. ) ;
#8645 = ORIENTED_EDGE ( 'NONE', *, *, #2141, .F. ) ;
#8646 =( NAMED_UNIT ( * ) PLANE_ANGLE_UNIT ( ) SI_UNIT ( $, .RADIAN. ) );
#8647 = ORIENTED_EDGE ( 'NONE', *, *, #3156, .T. ) ;
#8648 = ADVANCED_FACE ( 'NONE', ( #10595 ), #5001, .T. ) ;
#8649 = MECHANICAL_DESIGN_GEOMETRIC_PRESENTATION_REPRESENTATION (  '', ( #4190 ), #1312 ) ;
#8650 = CARTESIAN_POINT ( 'NONE',  ( 0.2313841284562230538, 0.03516481420601218905, -0.02726377977696224642 ) ) ;
#8651 = DIRECTION ( 'NONE',  ( -1.748601263784621748E-15, 0.0000000000000000000, 1.000000000000000000 ) ) ;
#8652 = DIRECTION ( 'NONE',  ( 1.000000000000000000, -1.644517855226007801E-15, 1.748601263784622143E-15 ) ) ;
#8653 = ORIENTED_EDGE ( 'NONE', *, *, #10512, .F. ) ;
#8654 = SURFACE_STYLE_FILL_AREA ( #2241 ) ;
#8655 = FACE_OUTER_BOUND ( 'NONE', #2123, .T. ) ;
#8656 = VECTOR ( 'NONE', #726, 39.37007874015748854 ) ;
#8657 = LINE ( 'NONE', #5011, #1443 ) ;
#8658 = PRESENTATION_LAYER_ASSIGNMENT (  '', '', ( #363 ) ) ;
#8659 = VERTEX_POINT ( 'NONE', #10536 ) ;
#8660 = LINE ( 'NONE', #1015, #11479 ) ;
#8661 = EDGE_CURVE ( 'NONE', #6794, #5724, #2237, .T. ) ;
#8662 = ORIENTED_EDGE ( 'NONE', *, *, #6130, .F. ) ;
#8663 = AXIS2_PLACEMENT_3D ( 'NONE', #10444, #6673, #6607 ) ;
#8664 = CARTESIAN_POINT ( 'NONE',  ( 0.2148518768365315912, 0.03516481420455550011, -0.1878937010368047777 ) ) ;
#8665 = ORIENTED_EDGE ( 'NONE', *, *, #1360, .T. ) ;
#8666 = CYLINDRICAL_SURFACE ( 'NONE', #6282, 0.007874015748031482076 ) ;
#8667 = CARTESIAN_POINT ( 'NONE',  ( 0.2532616618757513316, 0.03516481420455543766, -0.3115157482809779443 ) ) ;
#8668 = MANIFOLD_SOLID_BREP ( 'Combine5', #10994 ) ;
#8669 = SURFACE_SIDE_STYLE ('',( #7026 ) ) ;
#8670 = CARTESIAN_POINT ( 'NONE',  ( 0.1976409002969294892, -0.01405121771457833874, -0.2375000002494032647 ) ) ;
#8671 = CARTESIAN_POINT ( 'NONE',  ( 0.1838181954782060479, -0.05876606348099561172, -0.07529527584204262491 ) ) ;
#8672 = ADVANCED_FACE ( 'NONE', ( #4275 ), #7992, .T. ) ;
#8673 = AXIS2_PLACEMENT_3D ( 'NONE', #7927, #3131, #506 ) ;
#8674 = UNCERTAINTY_MEASURE_WITH_UNIT (LENGTH_MEASURE( 1.000000000000000082E-05 ), #893, 'distance_accuracy_value', 'NONE');
#8675 = CARTESIAN_POINT ( 'NONE',  ( 0.2313841284562624390, 0.04500733388959485964, -0.02726377977696224642 ) ) ;
#8676 = ADVANCED_FACE ( 'NONE', ( #8964 ), #4526, .F. ) ;
#8677 = EDGE_LOOP ( 'NONE', ( #10076, #381, #5065, #5269, #10771, #2320, #7300, #7202 ) ) ;
#8678 = ORIENTED_EDGE ( 'NONE', *, *, #1891, .T. ) ;
#8679 = PRESENTATION_STYLE_ASSIGNMENT (( #1073 ) ) ;
#8680 = CARTESIAN_POINT ( 'NONE',  ( 0.4754786166447402262, 0.03516481420455506990, -0.1272637797766489332 ) ) ;
#8681 = CARTESIAN_POINT ( 'NONE',  ( 0.2532616618757511096, 0.04500733388959481107, -0.1781432499591669438 ) ) ;
#8682 = CARTESIAN_POINT ( 'NONE',  ( 0.2014251648637899184, -0.02312085409984407022, -0.1674212600919203486 ) ) ;
#8683 = DIRECTION ( 'NONE',  ( 1.644517855226008195E-15, 1.000000000000000000, 2.890435660536364269E-30 ) ) ;
#8684 = PRODUCT_DEFINITION ( 'UNKNOWN', '', #8590, #6239 ) ;
#8685 = VECTOR ( 'NONE', #3964, 39.37007874015748143 ) ;
#8686 = CARTESIAN_POINT ( 'NONE',  ( 0.4920108682644409037, 0.03516481420455504908, -0.1272637797765127365 ) ) ;
#8687 = MECHANICAL_DESIGN_GEOMETRIC_PRESENTATION_REPRESENTATION (  '', ( #4437 ), #2700 ) ;
#8688 = ORIENTED_EDGE ( 'NONE', *, *, #8126, .F. ) ;
#8689 = CARTESIAN_POINT ( 'NONE',  ( 0.4696401291285070001, 0.04500733388959445025, -0.1800196852885760368 ) ) ;
#8690 = DIRECTION ( 'NONE',  ( 8.234490263801784106E-12, -1.353889066150678860E-26, -1.000000000000000000 ) ) ;
#8691 = LINE ( 'NONE', #739, #6409 ) ;
#8692 = CARTESIAN_POINT ( 'NONE',  ( 0.2746912150703571531, 0.1217789874329373023, -0.08316929158739536088 ) ) ;
#8693 = CIRCLE ( 'NONE', #3471, 0.007874015748031482076 ) ;
#8694 = LENGTH_MEASURE_WITH_UNIT ( LENGTH_MEASURE( 0.02539999999999999897 ), #2508 );
#8695 = ORIENTED_EDGE ( 'NONE', *, *, #2584, .F. ) ;
#8696 = CARTESIAN_POINT ( 'NONE',  ( 0.3140612938105271645, 0.1060309559368545207, -0.2327755907997968166 ) ) ;
#8697 = EDGE_CURVE ( 'NONE', #7035, #2278, #11016, .T. ) ;
#8698 = LINE ( 'NONE', #6817, #4909 ) ;
#8699 = AXIS2_PLACEMENT_3D ( 'NONE', #11791, #7373, #4449 ) ;
#8700 = AXIS2_PLACEMENT_3D ( 'NONE', #6067, #1366, #7843 ) ;
#8701 = EDGE_LOOP ( 'NONE', ( #9139, #6220, #11134, #8114 ) ) ;
#8702 = CARTESIAN_POINT ( 'NONE',  ( 0.3496518449916169446, 0.1434325307400277361, -0.07915354355589923618 ) ) ;
#8703 = ORIENTED_EDGE ( 'NONE', *, *, #3542, .T. ) ;
#8704 = CARTESIAN_POINT ( 'NONE',  ( 0.4615064727374041942, 0.04500733388959447800, -0.03391963584585947628 ) ) ;
#8705 = ORIENTED_EDGE ( 'NONE', *, *, #754, .F. ) ;
#8706 = PLANE ( 'NONE',  #5597 ) ;
#8707 = CARTESIAN_POINT ( 'NONE',  ( -0.1216505027520426024, 0.04500733388959542863, -0.9878914526895611337 ) ) ;
#8708 = SURFACE_SIDE_STYLE ('',( #2963 ) ) ;
#8709 = EDGE_LOOP ( 'NONE', ( #849, #11819, #5590, #11951 ) ) ;
#8710 = CARTESIAN_POINT ( 'NONE',  ( 0.5225010356770467546, -0.01798479209465759024, -0.06742126009122235974 ) ) ;
#8711 = LENGTH_MEASURE_WITH_UNIT ( LENGTH_MEASURE( 0.02539999999999999897 ), #9587 );
#8712 = AXIS2_PLACEMENT_3D ( 'NONE', #4423, #3514, #8132 ) ;
#8713 = CIRCLE ( 'NONE', #7176, 0.007874015748031483811 ) ;
#8714 = ADVANCED_FACE ( 'NONE', ( #3674 ), #9088, .F. ) ;
#8715 =( NAMED_UNIT ( * ) PLANE_ANGLE_UNIT ( ) SI_UNIT ( $, .RADIAN. ) );
#8716 = LINE ( 'NONE', #4087, #2020 ) ;
#8717 = ORIENTED_EDGE ( 'NONE', *, *, #5685, .T. ) ;
#8718 = DIRECTION ( 'NONE',  ( 0.05226423164096304086, -0.4972609476841247100, -0.8660254037840147134 ) ) ;
#8719 = VERTEX_POINT ( 'NONE', #6343 ) ;
#8720 = VECTOR ( 'NONE', #6464, 39.37007874015748143 ) ;
#8721 = SURFACE_SIDE_STYLE ('',( #4286 ) ) ;
#8722 = ORIENTED_EDGE ( 'NONE', *, *, #925, .T. ) ;
#8723 =( LENGTH_UNIT ( ) NAMED_UNIT ( * ) SI_UNIT ( $, .METRE. ) );
#8724 = PLANE ( 'NONE',  #10607 ) ;
#8725 = DIRECTION ( 'NONE',  ( 8.234490263801784106E-12, -1.353889066150678860E-26, -1.000000000000000000 ) ) ;
#8726 =( NAMED_UNIT ( * ) SI_UNIT ( $, .STERADIAN. ) SOLID_ANGLE_UNIT ( ) );
#8727 = CARTESIAN_POINT ( 'NONE',  ( 0.5483132623143623929, -0.02585880784268915905, -0.2674212600910098048 ) ) ;
#8728 = EDGE_LOOP ( 'NONE', ( #4987, #1387, #529, #6891 ) ) ;
#8729 = LINE ( 'NONE', #6913, #11368 ) ;
#8730 = FILL_AREA_STYLE_COLOUR ( '', #11610 ) ;
#8731 = EDGE_CURVE ( 'NONE', #10255, #1260, #7386, .T. ) ;
#8732 =( GEOMETRIC_REPRESENTATION_CONTEXT ( 3 ) GLOBAL_UNCERTAINTY_ASSIGNED_CONTEXT ( ( #6094 ) ) GLOBAL_UNIT_ASSIGNED_CONTEXT ( ( #10965, #11089, #2784 ) ) REPRESENTATION_CONTEXT ( 'NONE', 'WORKASPACE' ) );
#8733 = PLANE ( 'NONE',  #6821 ) ;
#8734 = ORIENTED_EDGE ( 'NONE', *, *, #6223, .F. ) ;
#8735 = DIMENSIONAL_EXPONENTS ( 1.000000000000000000, 0.0000000000000000000, 0.0000000000000000000, 0.0000000000000000000, 0.0000000000000000000, 0.0000000000000000000, 0.0000000000000000000 ) ;
#8736 = DIMENSIONAL_EXPONENTS ( 1.000000000000000000, 0.0000000000000000000, 0.0000000000000000000, 0.0000000000000000000, 0.0000000000000000000, 0.0000000000000000000, 0.0000000000000000000 ) ;
#8737 = VERTEX_POINT ( 'NONE', #6218 ) ;
#8738 = LINE ( 'NONE', #464, #4326 ) ;
#8739 = CARTESIAN_POINT ( 'NONE',  ( 0.2532616618757511096, 0.03516481420455543766, -0.1781432499591669438 ) ) ;
#8740 = FILL_AREA_STYLE ('',( #6983 ) ) ;
#8741 = DIRECTION ( 'NONE',  ( -0.6691306063588773334, 0.7431448254773770357, -9.637352644315590806E-16 ) ) ;
#8742 = ADVANCED_FACE ( 'NONE', ( #9148 ), #3438, .T. ) ;
#8743 = DIRECTION ( 'NONE',  ( 1.748601263784622143E-15, 0.0000000000000000000, -1.000000000000000000 ) ) ;
#8744 = CYLINDRICAL_SURFACE ( 'NONE', #10739, 0.005905511811023620231 ) ;
#8745 = ORIENTED_EDGE ( 'NONE', *, *, #11132, .T. ) ;
#8746 = CARTESIAN_POINT ( 'NONE',  ( 0.4144549945979165151, 0.1060309559368543680, -0.1327755907997965612 ) ) ;
#8747 = PRESENTATION_STYLE_ASSIGNMENT (( #4314 ) ) ;
#8748 = SURFACE_SIDE_STYLE ('',( #2050 ) ) ;
#8749 = FACE_OUTER_BOUND ( 'NONE', #1605, .T. ) ;
#8750 = DIRECTION ( 'NONE',  ( 7.515307820595736171E-13, -1.000000000000000000, 2.344791028037013343E-13 ) ) ;
#8751 = EDGE_CURVE ( 'NONE', #10931, #9027, #1157, .T. ) ;
#8752 = CARTESIAN_POINT ( 'NONE',  ( 0.4536010832257907910, 0.03516481420455509072, -0.2370142308545209464 ) ) ;
#8753 = DIRECTION ( 'NONE',  ( 8.234490263801784106E-12, -1.353889066150678860E-26, -1.000000000000000000 ) ) ;
#8754 = VERTEX_POINT ( 'NONE', #9033 ) ;
#8755 = CIRCLE ( 'NONE', #9549, 0.007874015748027556397 ) ;
#8756 = FACE_OUTER_BOUND ( 'NONE', #9419, .T. ) ;
#8757 = DIRECTION ( 'NONE',  ( -0.9040697402802237992, 1.486758830260366439E-15, 0.4273849607902093228 ) ) ;
#8758 = UNCERTAINTY_MEASURE_WITH_UNIT (LENGTH_MEASURE( 1.000000000000000082E-05 ), #7443, 'distance_accuracy_value', 'NONE');
#8759 = CARTESIAN_POINT ( 'NONE',  ( 0.4144549945979161820, 0.1060309559368543958, -0.08238189001259182964 ) ) ;
#8760 = EDGE_LOOP ( 'NONE', ( #413, #5554, #2003, #5384 ) ) ;
#8761 = FILL_AREA_STYLE_COLOUR ( '', #6846 ) ;
#8762 = AXIS2_PLACEMENT_3D ( 'NONE', #5424, #833, #3352 ) ;
#8763 = COLOUR_RGB ( '',0.7607843137254901578, 0.7607843137254901578, 0.0000000000000000000 ) ;
#8764 = ORIENTED_EDGE ( 'NONE', *, *, #115, .F. ) ;
#8765 = CARTESIAN_POINT ( 'NONE',  ( 0.4679366774458565970, 0.03516481420506866601, 0.01210629896319561152 ) ) ;
#8766 = LINE ( 'NONE', #502, #3185 ) ;
#8767 = ORIENTED_EDGE ( 'NONE', *, *, #8958, .T. ) ;
#8768 = EDGE_CURVE ( 'NONE', #2957, #572, #6843, .T. ) ;
#8769 = VERTEX_POINT ( 'NONE', #919 ) ;
#8770 = FACE_OUTER_BOUND ( 'NONE', #980, .T. ) ;
#8771 = DIRECTION ( 'NONE',  ( -1.748601263784621748E-15, -1.482966057179117483E-32, 1.000000000000000000 ) ) ;
#8772 = CARTESIAN_POINT ( 'NONE',  ( 0.5037097929783018735, -0.008688119764421345023, -0.08789370103625893105 ) ) ;
#8773 = VERTEX_POINT ( 'NONE', #4403 ) ;
#8774 = FACE_OUTER_BOUND ( 'NONE', #472, .T. ) ;
#8775 = PRESENTATION_LAYER_ASSIGNMENT (  '', '', ( #9180 ) ) ;
#8776 = FACE_OUTER_BOUND ( 'NONE', #9731, .T. ) ;
#8777 = PRESENTATION_LAYER_ASSIGNMENT (  '', '', ( #6061 ) ) ;
#8778 = CARTESIAN_POINT ( 'NONE',  ( 0.4625214697567750499, 0.04500733388959444331, -0.2317725596127886423 ) ) ;
#8779 = ORIENTED_EDGE ( 'NONE', *, *, #1108, .T. ) ;
#8780 = CARTESIAN_POINT ( 'NONE',  ( 0.1972323944382721739, 0.02914268067976811052, -0.2878937010368048388 ) ) ;
#8781 = MECHANICAL_DESIGN_GEOMETRIC_PRESENTATION_REPRESENTATION (  '', ( #5506 ), #4905 ) ;
#8782 = VECTOR ( 'NONE', #11455, 39.37007874015748143 ) ;
#8783 = ORIENTED_EDGE ( 'NONE', *, *, #7392, .F. ) ;
#8784 = ORIENTED_EDGE ( 'NONE', *, *, #5234, .T. ) ;
#8785 = FACE_OUTER_BOUND ( 'NONE', #10948, .T. ) ;
#8786 = EDGE_CURVE ( 'NONE', #4138, #8051, #7267, .T. ) ;
#8787 = AXIS2_PLACEMENT_3D ( 'NONE', #6455, #8105, #3547 ) ;
#8788 = EDGE_CURVE ( 'NONE', #1983, #3462, #9891, .T. ) ;
#8789 = VECTOR ( 'NONE', #316, 39.37007874015748143 ) ;
#8790 = ADVANCED_FACE ( 'NONE', ( #11744 ), #10833, .T. ) ;
#8791 = FILL_AREA_STYLE_COLOUR ( '', #2095 ) ;
#8792 = CARTESIAN_POINT ( 'NONE',  ( 0.4554196763377191814, 0.04500733388959449188, -0.07785626009188305330 ) ) ;
#8793 = FILL_AREA_STYLE ('',( #1297 ) ) ;
#8794 = ORIENTED_EDGE ( 'NONE', *, *, #8902, .T. ) ;
#8795 = FACE_OUTER_BOUND ( 'NONE', #7880, .T. ) ;
#8796 = AXIS2_PLACEMENT_3D ( 'NONE', #283, #3939, #9921 ) ;
#8797 =( NAMED_UNIT ( * ) PLANE_ANGLE_UNIT ( ) SI_UNIT ( $, .RADIAN. ) );
#8798 =( LENGTH_UNIT ( ) NAMED_UNIT ( * ) SI_UNIT ( $, .METRE. ) );
#8799 = VECTOR ( 'NONE', #1494, 39.37007874015748143 ) ;
#8800 = AXIS2_PLACEMENT_3D ( 'NONE', #9155, #3561, #2663 ) ;
#8801 = PRESENTATION_LAYER_ASSIGNMENT (  '', '', ( #7058 ) ) ;
#8802 = UNCERTAINTY_MEASURE_WITH_UNIT (LENGTH_MEASURE( 1.000000000000000082E-05 ), #1814, 'distance_accuracy_value', 'NONE');
#8803 = AXIS2_PLACEMENT_3D ( 'NONE', #237, #9324, #7603 ) ;
#8804 = DIRECTION ( 'NONE',  ( 1.000000000000000000, -1.644517855226007801E-15, 1.748601263784621748E-15 ) ) ;
#8805 = VECTOR ( 'NONE', #2207, 39.37007874015748143 ) ;
#8806 = ORIENTED_EDGE ( 'NONE', *, *, #11239, .F. ) ;
#8807 = AXIS2_PLACEMENT_3D ( 'NONE', #3041, #8609, #6608 ) ;
#8808 = AXIS2_PLACEMENT_3D ( 'NONE', #11072, #11927, #1934 ) ;
#8809 = ORIENTED_EDGE ( 'NONE', *, *, #7608, .F. ) ;
#8810 = CARTESIAN_POINT ( 'NONE',  ( 0.1896577093114365509, -0.02375406862796411792, -0.04773622072184419141 ) ) ;
#8811 = EDGE_CURVE ( 'NONE', #5866, #7189, #4651, .T. ) ;
#8812 = CIRCLE ( 'NONE', #517, 0.01771653543307088671 ) ;
#8813 = LINE ( 'NONE', #3287, #6725 ) ;
#8814 = CARTESIAN_POINT ( 'NONE',  ( 0.1918262733044185930, -0.02049086673025975885, -0.04694319905792721653 ) ) ;
#8815 = CARTESIAN_POINT ( 'NONE',  ( 0.5463410757003656082, -0.06121462703867335681, -0.07529527583995378193 ) ) ;
#8816 = CARTESIAN_POINT ( 'NONE',  ( 0.5225010356770475317, -0.01798479209465762493, -0.2674212600912223570 ) ) ;
#8817 = FILL_AREA_STYLE_COLOUR ( '', #4785 ) ;
#8818 = AXIS2_PLACEMENT_3D ( 'NONE', #11759, #8008, #10026 ) ;
#8819 = COLOUR_RGB ( '',1.000000000000000000, 1.000000000000000000, 1.000000000000000000 ) ;
#8820 = VERTEX_POINT ( 'NONE', #8405 ) ;
#8821 = CARTESIAN_POINT ( 'NONE',  ( 0.5463410757003664964, -0.06121462703867338456, -0.2752952758399537792 ) ) ;
#8822 = ORIENTED_EDGE ( 'NONE', *, *, #442, .T. ) ;
#8823 = SURFACE_STYLE_FILL_AREA ( #11543 ) ;
#8824 = EDGE_CURVE ( 'NONE', #2599, #2139, #2773, .T. ) ;
#8825 = FILL_AREA_STYLE ('',( #7972 ) ) ;
#8826 = DIRECTION ( 'NONE',  ( 1.582776894139444281E-15, 0.0000000000000000000, -1.000000000000000000 ) ) ;
#8827 = CARTESIAN_POINT ( 'NONE',  ( 0.5483132623143620599, -0.03570132752772851858, -0.1674212600910097992 ) ) ;
#8828 = DIMENSIONAL_EXPONENTS ( 1.000000000000000000, 0.0000000000000000000, 0.0000000000000000000, 0.0000000000000000000, 0.0000000000000000000, 0.0000000000000000000, 0.0000000000000000000 ) ;
#8829 = LINE ( 'NONE', #8752, #11633 ) ;
#8830 = DIMENSIONAL_EXPONENTS ( 1.000000000000000000, 0.0000000000000000000, 0.0000000000000000000, 0.0000000000000000000, 0.0000000000000000000, 0.0000000000000000000, 0.0000000000000000000 ) ;
#8831 = VERTEX_POINT ( 'NONE', #131 ) ;
#8832 = CARTESIAN_POINT ( 'NONE',  ( 0.2506952668926412664, 0.03516481420455542378, -0.2837617719025922192 ) ) ;
#8833 = DIRECTION ( 'NONE',  ( 0.0000000000000000000, 0.0000000000000000000, 1.000000000000000000 ) ) ;
#8834 = EDGE_CURVE ( 'NONE', #4600, #6059, #8463, .T. ) ;
#8835 = VERTEX_POINT ( 'NONE', #10182 ) ;
#8836 = DIRECTION ( 'NONE',  ( -0.4273849608099042907, 7.028421991069578798E-16, -0.9040697402709132469 ) ) ;
#8837 = VERTEX_POINT ( 'NONE', #7613 ) ;
#8838 = DIRECTION ( 'NONE',  ( 0.1045284632676983655, 0.9945218953682685159, 1.827786029713617844E-16 ) ) ;
#8839 = ORIENTED_EDGE ( 'NONE', *, *, #5929, .T. ) ;
#8840 = EDGE_LOOP ( 'NONE', ( #11560, #5120, #10721, #7868, #4635, #6076, #2395, #11379, #124, #1102, #1135, #5194, #2281, #7292 ) ) ;
#8841 = ORIENTED_EDGE ( 'NONE', *, *, #4378, .T. ) ;
#8842 = CARTESIAN_POINT ( 'NONE',  ( 0.2924077505034287094, 0.1060309559368545623, -0.2327755907997968166 ) ) ;
#8843 = FACE_OUTER_BOUND ( 'NONE', #2418, .T. ) ;
#8844 = AXIS2_PLACEMENT_3D ( 'NONE', #1428, #2316, #3107 ) ;
#8845 = EDGE_CURVE ( 'NONE', #2599, #5910, #11192, .T. ) ;
#8846 = DIRECTION ( 'NONE',  ( 1.000000000000000000, -1.734723475977064460E-15, -1.734723475977064460E-15 ) ) ;
#8847 = ORIENTED_EDGE ( 'NONE', *, *, #6478, .F. ) ;
#8848 = CARTESIAN_POINT ( 'NONE',  ( 0.2148518768365318687, 0.02729079845652397987, -0.2272637797769622714 ) ) ;
#8849 = COLOUR_RGB ( '',0.7607843137254901578, 0.7607843137254901578, 0.0000000000000000000 ) ;
#8850 = ORIENTED_EDGE ( 'NONE', *, *, #4487, .T. ) ;
#8851 = ORIENTED_EDGE ( 'NONE', *, *, #6518, .T. ) ;
#8852 = FILL_AREA_STYLE_COLOUR ( '', #6089 ) ;
#8853 =( CONVERSION_BASED_UNIT ( 'INCH', #10492 ) LENGTH_UNIT ( ) NAMED_UNIT ( #1401 ) );
#8854 = SURFACE_STYLE_USAGE ( .BOTH. , #8669 ) ;
#8855 = ORIENTED_EDGE ( 'NONE', *, *, #10764, .T. ) ;
#8856 = LINE ( 'NONE', #9727, #7545 ) ;
#8857 = DIRECTION ( 'NONE',  ( 1.748601263784621748E-15, 0.0000000000000000000, -1.000000000000000000 ) ) ;
#8858 = EDGE_CURVE ( 'NONE', #4071, #1051, #5623, .T. ) ;
#8859 = CARTESIAN_POINT ( 'NONE',  ( 0.4263694306917346633, -0.1011303416691849838, -0.2781545192269884725 ) ) ;
#8860 = VECTOR ( 'NONE', #6618, 39.37007874015748143 ) ;
#8861 = VERTEX_POINT ( 'NONE', #10361 ) ;
#8862 = ORIENTED_EDGE ( 'NONE', *, *, #4859, .F. ) ;
#8863 = DIRECTION ( 'NONE',  ( -1.000000000000000000, 1.644517855226007801E-15, -8.234490263801784106E-12 ) ) ;
#8864 = DIRECTION ( 'NONE',  ( 0.0000000000000000000, 0.0000000000000000000, 1.000000000000000000 ) ) ;
#8865 = DIRECTION ( 'NONE',  ( 1.644517855226008195E-15, 1.000000000000000000, 2.890435660536364269E-30 ) ) ;
#8866 = CARTESIAN_POINT ( 'NONE',  ( 0.1972323944382713412, 0.02914268067976814522, -0.08789370103680482771 ) ) ;
#8867 =( NAMED_UNIT ( * ) PLANE_ANGLE_UNIT ( ) SI_UNIT ( $, .RADIAN. ) );
#8868 =( NAMED_UNIT ( * ) PLANE_ANGLE_UNIT ( ) SI_UNIT ( $, .RADIAN. ) );
#8869 = EDGE_CURVE ( 'NONE', #7805, #4687, #941, .T. ) ;
#8870 = EDGE_LOOP ( 'NONE', ( #10238, #9229, #4780, #6228, #4226, #8278, #6166, #7477 ) ) ;
#8871 = LINE ( 'NONE', #7966, #5080 ) ;
#8872 = ORIENTED_EDGE ( 'NONE', *, *, #9697, .T. ) ;
#8873 = CARTESIAN_POINT ( 'NONE',  ( 0.5146701546109772041, -0.01880785086054940006, -0.1458134337079936838 ) ) ;
#8874 = DIRECTION ( 'NONE',  ( -1.734723475977064460E-15, -1.000000000000000000, 2.407412430474777679E-30 ) ) ;
#8875 = LINE ( 'NONE', #5956, #5220 ) ;
#8876 = DIRECTION ( 'NONE',  ( -1.644517855226008195E-15, -1.000000000000000000, -2.890435660536364269E-30 ) ) ;
#8877 = PRESENTATION_STYLE_ASSIGNMENT (( #4319 ) ) ;
#8878 = FILL_AREA_STYLE ('',( #3242 ) ) ;
#8879 =( CONVERSION_BASED_UNIT ( 'INCH', #6271 ) LENGTH_UNIT ( ) NAMED_UNIT ( #4411 ) );
#8880 = ORIENTED_EDGE ( 'NONE', *, *, #6144, .T. ) ;
#8881 = DIRECTION ( 'NONE',  ( -1.000000000000000000, 0.0000000000000000000, 1.734723475977064066E-15 ) ) ;
#8882 = STYLED_ITEM ( 'NONE', ( #5 ), #729 ) ;
#8883 = EDGE_CURVE ( 'NONE', #1117, #3, #7552, .T. ) ;
#8884 =( GEOMETRIC_REPRESENTATION_CONTEXT ( 3 ) GLOBAL_UNCERTAINTY_ASSIGNED_CONTEXT ( ( #8281 ) ) GLOBAL_UNIT_ASSIGNED_CONTEXT ( ( #5386, #684, #852 ) ) REPRESENTATION_CONTEXT ( 'NONE', 'WORKASPACE' ) );
#8885 = UNCERTAINTY_MEASURE_WITH_UNIT (LENGTH_MEASURE( 1.000000000000000082E-05 ), #10959, 'distance_accuracy_value', 'NONE');
#8886 =( GEOMETRIC_REPRESENTATION_CONTEXT ( 3 ) GLOBAL_UNCERTAINTY_ASSIGNED_CONTEXT ( ( #10737 ) ) GLOBAL_UNIT_ASSIGNED_CONTEXT ( ( #3338, #2439, #8131 ) ) REPRESENTATION_CONTEXT ( 'NONE', 'WORKASPACE' ) );
#8887 = ADVANCED_FACE ( 'NONE', ( #11249 ), #2837, .F. ) ;
#8888 = CARTESIAN_POINT ( 'NONE',  ( 0.3140612938105272200, 0.1060309559368545207, -0.2823818900125920628 ) ) ;
#8889 = ORIENTED_EDGE ( 'NONE', *, *, #4727, .T. ) ;
#8890 = CARTESIAN_POINT ( 'NONE',  ( 0.2924077505034280433, 0.1060309559368545901, -0.08238189001259203781 ) ) ;
#8891 = VERTEX_POINT ( 'NONE', #599 ) ;
#8892 = VECTOR ( 'NONE', #1444, 39.37007874015748143 ) ;
#8893 = DIRECTION ( 'NONE',  ( 1.644517855226007801E-15, 1.000000000000000000, 2.875605999964572744E-30 ) ) ;
#8894 = ORIENTED_EDGE ( 'NONE', *, *, #11539, .F. ) ;
#8895 = ORIENTED_EDGE ( 'NONE', *, *, #10736, .T. ) ;
#8896 = CARTESIAN_POINT ( 'NONE',  ( 0.5483132623142003004, -0.02585880784268915905, -0.2477362207209310163 ) ) ;
#8897 = CARTESIAN_POINT ( 'NONE',  ( 0.4254818849634288136, 0.1217789874329370109, -0.2831692915873951222 ) ) ;
#8898 = CARTESIAN_POINT ( 'NONE',  ( 0.2506952668935066297, 0.04500733388959482495, -0.07785626009152914195 ) ) ;
#8899 = ORIENTED_EDGE ( 'NONE', *, *, #2368, .F. ) ;
#8900 = DIRECTION ( 'NONE',  ( 0.09052430460837827819, 0.8612812260087765459, -0.4999999999999883427 ) ) ;
#8901 = CARTESIAN_POINT ( 'NONE',  ( 0.2031529521231693058, -0.008688119764420866240, -0.1878937010368048610 ) ) ;
#8902 = EDGE_CURVE ( 'NONE', #4643, #2645, #1550, .T. ) ;
#8903 = FILL_AREA_STYLE ('',( #10656 ) ) ;
#8904 = DIMENSIONAL_EXPONENTS ( 1.000000000000000000, 0.0000000000000000000, 0.0000000000000000000, 0.0000000000000000000, 0.0000000000000000000, 0.0000000000000000000, 0.0000000000000000000 ) ;
#8905 = CARTESIAN_POINT ( 'NONE',  ( 0.1976409002969295448, -0.01405121771457833874, -0.2776574805643639010 ) ) ;
#8906 = AXIS2_PLACEMENT_3D ( 'NONE', #5671, #10222, #357 ) ;
#8907 = PRESENTATION_LAYER_ASSIGNMENT (  '', '', ( #6961 ) ) ;
#8908 = DIRECTION ( 'NONE',  ( 1.644517855226007801E-15, 1.000000000000000000, 2.890435660536363919E-30 ) ) ;
#8909 = ORIENTED_EDGE ( 'NONE', *, *, #8960, .T. ) ;
#8910 =( NAMED_UNIT ( * ) SI_UNIT ( $, .STERADIAN. ) SOLID_ANGLE_UNIT ( ) );
#8911 = VERTEX_POINT ( 'NONE', #5100 ) ;
#8912 =( NAMED_UNIT ( * ) SI_UNIT ( $, .STERADIAN. ) SOLID_ANGLE_UNIT ( ) );
#8913 = ORIENTED_EDGE ( 'NONE', *, *, #6665, .F. ) ;
#8914 = FACE_OUTER_BOUND ( 'NONE', #11542, .T. ) ;
#8915 = COLOUR_RGB ( '',1.000000000000000000, 1.000000000000000000, 1.000000000000000000 ) ;
#8916 = FILL_AREA_STYLE ('',( #8069 ) ) ;
#8917 = CIRCLE ( 'NONE', #5994, 0.007874015748031506362 ) ;
#8918 = DIRECTION ( 'NONE',  ( -1.644517855226008195E-15, -1.000000000000000000, -2.890435660536364269E-30 ) ) ;
#8919 = ORIENTED_EDGE ( 'NONE', *, *, #3824, .F. ) ;
#8920 = CARTESIAN_POINT ( 'NONE',  ( 0.4754786166447397266, 0.04500733388959445719, -0.02726377977664890331 ) ) ;
#8921 = SURFACE_SIDE_STYLE ('',( #2440 ) ) ;
#8922 = DIRECTION ( 'NONE',  ( -2.836710033957226591E-12, -1.000000000000000000, 1.065814103797950606E-13 ) ) ;
#8923 = UNCERTAINTY_MEASURE_WITH_UNIT (LENGTH_MEASURE( 1.000000000000000082E-05 ), #4564, 'distance_accuracy_value', 'NONE');
#8924 = VECTOR ( 'NONE', #8968, 39.37007874015748143 ) ;
#8925 = VECTOR ( 'NONE', #1178, 39.37007874015748143 ) ;
#8926 = ORIENTED_EDGE ( 'NONE', *, *, #3406, .F. ) ;
#8927 = VERTEX_POINT ( 'NONE', #8866 ) ;
#8928 = PLANE ( 'NONE',  #106 ) ;
#8929 = CARTESIAN_POINT ( 'NONE',  ( 0.4754786166449893603, 0.04008607404707478089, -0.05757874040657015580 ) ) ;
#8930 = SURFACE_SIDE_STYLE ('',( #7109 ) ) ;
#8931 = DIRECTION ( 'NONE',  ( 0.0000000000000000000, 1.000000000000000000, 0.0000000000000000000 ) ) ;
#8932 = DIRECTION ( 'NONE',  ( -0.1045284632676950626, 0.9945218953682689600, -8.607386130680116915E-13 ) ) ;
#8933 = EDGE_CURVE ( 'NONE', #4583, #7503, #10626, .T. ) ;
#8934 = SURFACE_STYLE_FILL_AREA ( #2376 ) ;
#8935 = AXIS2_PLACEMENT_3D ( 'NONE', #10198, #5462, #3575 ) ;
#8936 = DIRECTION ( 'NONE',  ( 1.644517855226008195E-15, 1.000000000000000000, 2.890435660536364269E-30 ) ) ;
#8937 = CIRCLE ( 'NONE', #9521, 0.005905511811027568461 ) ;
#8938 = PRESENTATION_LAYER_ASSIGNMENT (  '', '', ( #238 ) ) ;
#8939 = SURFACE_STYLE_FILL_AREA ( #9739 ) ;
#8940 = ORIENTED_EDGE ( 'NONE', *, *, #585, .F. ) ;
#8941 = LINE ( 'NONE', #3473, #8412 ) ;
#8942 = ORIENTED_EDGE ( 'NONE', *, *, #3766, .F. ) ;
#8943 = PLANE ( 'NONE',  #8188 ) ;
#8944 = CARTESIAN_POINT ( 'NONE',  ( 0.1902427840463768449, -0.02326537358669318600, -0.06742126009192291047 ) ) ;
#8945 = FACE_OUTER_BOUND ( 'NONE', #2065, .T. ) ;
#8946 =( CONVERSION_BASED_UNIT ( 'INCH', #5485 ) LENGTH_UNIT ( ) NAMED_UNIT ( #7126 ) );
#8947 = PLANE ( 'NONE',  #8244 ) ;
#8948 = DIRECTION ( 'NONE',  ( -1.644517855226007801E-15, -1.000000000000000000, -2.890435660536363919E-30 ) ) ;
#8949 = ADVANCED_FACE ( 'NONE', ( #2566 ), #1500, .F. ) ;
#8950 = DIRECTION ( 'NONE',  ( -0.2761719275641929539, -0.9205747438996728649, 0.2761724231698924337 ) ) ;
#8951 = CARTESIAN_POINT ( 'NONE',  ( 0.2372226159726412154, 0.03516481420455544460, -0.2272637797769622714 ) ) ;
#8952 = ORIENTED_EDGE ( 'NONE', *, *, #4298, .T. ) ;
#8953 = CARTESIAN_POINT ( 'NONE',  ( 0.4653510425003174467, 0.001406173138374004891, -0.005563233702158661836 ) ) ;
#8954 = ORIENTED_EDGE ( 'NONE', *, *, #5557, .T. ) ;
#8955 = ORIENTED_EDGE ( 'NONE', *, *, #6234, .T. ) ;
#8956 = FACE_OUTER_BOUND ( 'NONE', #2800, .T. ) ;
#8957 = LENGTH_MEASURE_WITH_UNIT ( LENGTH_MEASURE( 0.02539999999999999897 ), #8055 );
#8958 = EDGE_CURVE ( 'NONE', #6091, #3086, #11654, .T. ) ;
#8959 = ORIENTED_EDGE ( 'NONE', *, *, #1661, .T. ) ;
#8960 = EDGE_CURVE ( 'NONE', #3569, #11026, #6986, .T. ) ;
#8961 = CARTESIAN_POINT ( 'NONE',  ( 0.4625214697563806432, 0.04500733388959447800, -0.08338492120062329649 ) ) ;
#8962 = STYLED_ITEM ( 'NONE', ( #8747 ), #9624 ) ;
#8963 =( LENGTH_UNIT ( ) NAMED_UNIT ( * ) SI_UNIT ( $, .METRE. ) );
#8964 = FACE_OUTER_BOUND ( 'NONE', #10631, .T. ) ;
#8965 = FILL_AREA_STYLE_COLOUR ( '', #10700 ) ;
#8966 = VERTEX_POINT ( 'NONE', #777 ) ;
#8967 = SURFACE_STYLE_FILL_AREA ( #9895 ) ;
#8968 = DIRECTION ( 'NONE',  ( 1.644517855226008195E-15, 1.000000000000000000, 2.890435660536364269E-30 ) ) ;
#8969 = VECTOR ( 'NONE', #9250, 39.37007874015748143 ) ;
#8970 = ORIENTED_EDGE ( 'NONE', *, *, #261, .F. ) ;
#8971 = PRESENTATION_STYLE_ASSIGNMENT (( #5270 ) ) ;
#8972 = EDGE_CURVE ( 'NONE', #10204, #4092, #9003, .T. ) ;
#8973 = EDGE_LOOP ( 'NONE', ( #5559, #3122, #3320, #7010, #8154, #9488, #2450, #6944 ) ) ;
#8974 = CARTESIAN_POINT ( 'NONE',  ( 0.2313841284562633827, 0.04500733388959482495, -0.2878937010362536131 ) ) ;
#8975 = ORIENTED_EDGE ( 'NONE', *, *, #3894, .F. ) ;
#8976 = EDGE_CURVE ( 'NONE', #1519, #4639, #4375, .T. ) ;
#8977 = B_SPLINE_CURVE_WITH_KNOTS ( 'NONE', 3,
 ( #6113, #9842, #11513, #11752, #3207, #6904, #2483, #1477, #5208, #6174 ),
 .UNSPECIFIED., .F., .F.,
 ( 4, 3, 3, 4 ),
 ( 2.502699362472743278E-17, 5.232092011450763686E-05, 0.0001048841986583177359, 0.0001556114547149463313 ),
 .UNSPECIFIED. ) ;
#8978 =( LENGTH_UNIT ( ) NAMED_UNIT ( * ) SI_UNIT ( $, .METRE. ) );
#8979 = ADVANCED_BREP_SHAPE_REPRESENTATION ( 'CUI_DEVICES_DS04-254-1-03BK-SMT', ( #4569, #4550, #694, #8668, #8546, #4397, #8434, #8414, #4498, #4671, #2212 ), #5512 ) ;
#8980 = DIRECTION ( 'NONE',  ( 1.748601263784622143E-15, 0.0000000000000000000, -1.000000000000000000 ) ) ;
#8981 = CARTESIAN_POINT ( 'NONE',  ( 0.5054377417277428064, -0.02312123604650302006, -0.1674212600913626836 ) ) ;
#8982 =( GEOMETRIC_REPRESENTATION_CONTEXT ( 3 ) GLOBAL_UNCERTAINTY_ASSIGNED_CONTEXT ( ( #1183 ) ) GLOBAL_UNIT_ASSIGNED_CONTEXT ( ( #6041, #10192, #5575 ) ) REPRESENTATION_CONTEXT ( 'NONE', 'WORKASPACE' ) );
#8983 = ORIENTED_EDGE ( 'NONE', *, *, #5304, .T. ) ;
#8984 = CARTESIAN_POINT ( 'NONE',  ( 0.5225010356770470876, -0.02585880784268910701, -0.1674212600912223792 ) ) ;
#8985 = VECTOR ( 'NONE', #3682, 39.37007874015748143 ) ;
#8986 = DIRECTION ( 'NONE',  ( 8.234490263801784106E-12, -1.353889066150678860E-26, -1.000000000000000000 ) ) ;
#8987 = STYLED_ITEM ( 'NONE', ( #11976 ), #8001 ) ;
#8988 = FACE_OUTER_BOUND ( 'NONE', #607, .T. ) ;
#8989 = STYLED_ITEM ( 'NONE', ( #1205 ), #3951 ) ;
#8990 = EDGE_LOOP ( 'NONE', ( #10219, #8249, #1551, #11572 ) ) ;
#8991 =( GEOMETRIC_REPRESENTATION_CONTEXT ( 3 ) GLOBAL_UNCERTAINTY_ASSIGNED_CONTEXT ( ( #7104 ) ) GLOBAL_UNIT_ASSIGNED_CONTEXT ( ( #8642, #7862, #9885 ) ) REPRESENTATION_CONTEXT ( 'NONE', 'WORKASPACE' ) );
#8992 = EDGE_CURVE ( 'NONE', #749, #4477, #6140, .T. ) ;
#8993 = VECTOR ( 'NONE', #4582, 39.37007874015748854 ) ;
#8994 = ORIENTED_EDGE ( 'NONE', *, *, #974, .F. ) ;
#8995 = LINE ( 'NONE', #8081, #294 ) ;
#8996 = VECTOR ( 'NONE', #7580, 39.37007874015748143 ) ;
#8997 = CARTESIAN_POINT ( 'NONE',  ( 0.4615064727374434961, 0.03516481420455510459, -0.03391963584585947628 ) ) ;
#8998 = PLANE ( 'NONE',  #6197 ) ;
#8999 = DIRECTION ( 'NONE',  ( 1.748601263784621748E-15, 0.0000000000000000000, -1.000000000000000000 ) ) ;
#9000 = FILL_AREA_STYLE_COLOUR ( '', #11645 ) ;
#9001 = CIRCLE ( 'NONE', #11305, 0.005905511811019665928 ) ;
#9002 = VECTOR ( 'NONE', #10670, 39.37007874015748143 ) ;
#9003 = LINE ( 'NONE', #728, #10594 ) ;
#9004 = CARTESIAN_POINT ( 'NONE',  ( 0.2313841284562632439, 0.04500733388959482495, -0.2272637797769622714 ) ) ;
#9005 =( GEOMETRIC_REPRESENTATION_CONTEXT ( 3 ) GLOBAL_UNCERTAINTY_ASSIGNED_CONTEXT ( ( #9914 ) ) GLOBAL_UNIT_ASSIGNED_CONTEXT ( ( #2830, #11984, #3665 ) ) REPRESENTATION_CONTEXT ( 'NONE', 'WORKASPACE' ) );
#9006 =( CONVERSION_BASED_UNIT ( 'INCH', #9122 ) LENGTH_UNIT ( ) NAMED_UNIT ( #4734 ) );
#9007 = MECHANICAL_DESIGN_GEOMETRIC_PRESENTATION_REPRESENTATION (  '', ( #4911 ), #5515 ) ;
#9008 = AXIS2_PLACEMENT_3D ( 'NONE', #10327, #4791, #7518 ) ;
#9009 = ORIENTED_EDGE ( 'NONE', *, *, #9815, .F. ) ;
#9010 = PRESENTATION_LAYER_ASSIGNMENT (  '', '', ( #2425 ) ) ;
#9011 = ADVANCED_FACE ( 'NONE', ( #542 ), #1429, .T. ) ;
#9012 = AXIS2_PLACEMENT_3D ( 'NONE', #1221, #5921, #5760 ) ;
#9013 = DIRECTION ( 'NONE',  ( -1.748601263784621946E-15, 0.0000000000000000000, 1.000000000000000000 ) ) ;
#9014 = CARTESIAN_POINT ( 'NONE',  ( 0.4920108682644414033, 0.04500733388959440168, -0.2272637797765127421 ) ) ;
#9015 = DIRECTION ( 'NONE',  ( 1.000000000000000000, -1.644517855226007801E-15, 9.344843119434783951E-12 ) ) ;
#9016 = CARTESIAN_POINT ( 'NONE',  ( 0.1585494827869413370, -0.02585880784268852761, -0.2477362207218442858 ) ) ;
#9017 =( NAMED_UNIT ( * ) SI_UNIT ( $, .STERADIAN. ) SOLID_ANGLE_UNIT ( ) );
#9018 = COLOUR_RGB ( '',0.7607843137254901578, 0.7607843137254901578, 0.0000000000000000000 ) ;
#9019 = LINE ( 'NONE', #5434, #5432 ) ;
#9020 =( LENGTH_UNIT ( ) NAMED_UNIT ( * ) SI_UNIT ( $, .METRE. ) );
#9021 = AXIS2_PLACEMENT_3D ( 'NONE', #6632, #10466, #8632 ) ;
#9022 = EDGE_LOOP ( 'NONE', ( #11714, #5614, #1045, #9762, #4613, #5262, #5591, #7744, #7563, #9461, #5285, #2959, #4511, #7020 ) ) ;
#9023 = VECTOR ( 'NONE', #5800, 39.37007874015748143 ) ;
#9024 =( LENGTH_UNIT ( ) NAMED_UNIT ( * ) SI_UNIT ( $, .METRE. ) );
#9025 = UNCERTAINTY_MEASURE_WITH_UNIT (LENGTH_MEASURE( 1.000000000000000082E-05 ), #11522, 'distance_accuracy_value', 'NONE');
#9026 = EDGE_CURVE ( 'NONE', #9477, #8136, #10928, .T. ) ;
#9027 = VERTEX_POINT ( 'NONE', #6500 ) ;
#9028 = FILL_AREA_STYLE ('',( #6215 ) ) ;
#9029 =( NAMED_UNIT ( * ) PLANE_ANGLE_UNIT ( ) SI_UNIT ( $, .RADIAN. ) );
#9030 = EDGE_LOOP ( 'NONE', ( #6767, #3143, #10166, #3023 ) ) ;
#9031 = PLANE ( 'NONE',  #3503 ) ;
#9032 =( NAMED_UNIT ( * ) SI_UNIT ( $, .STERADIAN. ) SOLID_ANGLE_UNIT ( ) );
#9033 = CARTESIAN_POINT ( 'NONE',  ( 0.2148518768365315079, 0.03516481420455550011, -0.1272637797769622658 ) ) ;
#9034 = SURFACE_SIDE_STYLE ('',( #7009 ) ) ;
#9035 = VERTEX_POINT ( 'NONE', #3765 ) ;
#9036 = DIRECTION ( 'NONE',  ( 1.644517855226008195E-15, 1.000000000000000000, 2.890435660536364269E-30 ) ) ;
#9037 = CARTESIAN_POINT ( 'NONE',  ( 0.3496518449916168891, 0.1021333181416025498, -0.07915354355589923618 ) ) ;
#9038 =( CONVERSION_BASED_UNIT ( 'INCH', #7934 ) LENGTH_UNIT ( ) NAMED_UNIT ( #1809 ) );
#9039 = SURFACE_STYLE_FILL_AREA ( #7013 ) ;
#9040 = UNCERTAINTY_MEASURE_WITH_UNIT (LENGTH_MEASURE( 1.000000000000000082E-05 ), #8853, 'distance_accuracy_value', 'NONE');
#9041 = ADVANCED_FACE ( 'NONE', ( #952 ), #3594, .F. ) ;
#9042 = CARTESIAN_POINT ( 'NONE',  ( 0.2313841284562322687, 0.03516481420455547235, -0.1272637797769622658 ) ) ;
#9043 = ORIENTED_EDGE ( 'NONE', *, *, #157, .F. ) ;
#9044 = DIRECTION ( 'NONE',  ( 0.2761728431768883940, -0.9205744918961651369, 0.2761723475688889207 ) ) ;
#9045 = ADVANCED_FACE ( 'NONE', ( #39 ), #2748, .F. ) ;
#9046 = CARTESIAN_POINT ( 'NONE',  ( 0.1921925904901478632, -0.01880785086054885882, -0.1693440471051373131 ) ) ;
#9047 = ORIENTED_EDGE ( 'NONE', *, *, #7555, .T. ) ;
#9048 = LINE ( 'NONE', #4419, #6485 ) ;
#9049 = VERTEX_POINT ( 'NONE', #2868 ) ;
#9050 = CARTESIAN_POINT ( 'NONE',  ( 0.4561674782086255209, 0.04500733388959445025, -0.2837617719031823027 ) ) ;
#9051 = AXIS2_PLACEMENT_3D ( 'NONE', #243, #2263, #3892 ) ;
#9052 = ADVANCED_FACE ( 'NONE', ( #10275 ), #830, .T. ) ;
#9053 = ORIENTED_EDGE ( 'NONE', *, *, #3142, .F. ) ;
#9054 =( GEOMETRIC_REPRESENTATION_CONTEXT ( 3 ) GLOBAL_UNCERTAINTY_ASSIGNED_CONTEXT ( ( #673 ) ) GLOBAL_UNIT_ASSIGNED_CONTEXT ( ( #1133, #11353, #4920 ) ) REPRESENTATION_CONTEXT ( 'NONE', 'WORKASPACE' ) );
#9055 = VERTEX_POINT ( 'NONE', #8548 ) ;
#9056 = LINE ( 'NONE', #7408, #7043 ) ;
#9057 = LINE ( 'NONE', #2628, #896 ) ;
#9058 = LENGTH_MEASURE_WITH_UNIT ( LENGTH_MEASURE( 0.02539999999999999897 ), #6427 );
#9059 =( NAMED_UNIT ( * ) SI_UNIT ( $, .STERADIAN. ) SOLID_ANGLE_UNIT ( ) );
#9060 = EDGE_CURVE ( 'NONE', #6059, #1206, #6790, .T. ) ;
#9061 = DIRECTION ( 'NONE',  ( -0.1045284632676950626, 0.9945218953682689600, -8.607386130680116915E-13 ) ) ;
#9062 = COLOUR_RGB ( '',0.7607843137254901578, 0.7607843137254901578, 0.0000000000000000000 ) ;
#9063 = PRESENTATION_STYLE_ASSIGNMENT (( #4070 ) ) ;
#9064 = ADVANCED_FACE ( 'NONE', ( #2025 ), #10333, .F. ) ;
#9065 = MECHANICAL_DESIGN_GEOMETRIC_PRESENTATION_REPRESENTATION (  '', ( #8279 ), #7310 ) ;
#9066 = CARTESIAN_POINT ( 'NONE',  ( 0.4754786166455545748, 0.03516481420522435397, -0.2272637797769618828 ) ) ;
#9067 = ORIENTED_EDGE ( 'NONE', *, *, #2544, .F. ) ;
#9068 = CARTESIAN_POINT ( 'NONE',  ( 0.4554196763415381821, 0.03516481420455512541, -0.08376177190290670649 ) ) ;
#9069 = CARTESIAN_POINT ( 'NONE',  ( 0.4615064727376404496, 0.04500733388959447800, -0.08123784496900907093 ) ) ;
#9070 = CARTESIAN_POINT ( 'NONE',  ( 0.2148518768365311193, 0.04500733388959488740, -0.02726377977696224642 ) ) ;
#9071 = PLANE ( 'NONE',  #4891 ) ;
#9072 = AXIS2_PLACEMENT_3D ( 'NONE', #11519, #2361, #6786 ) ;
#9073 =( LENGTH_UNIT ( ) NAMED_UNIT ( * ) SI_UNIT ( $, .METRE. ) );
#9074 = DIRECTION ( 'NONE',  ( 1.000000000000000000, -1.644517855226007998E-15, 1.748601263784621946E-15 ) ) ;
#9075 = DIMENSIONAL_EXPONENTS ( 1.000000000000000000, 0.0000000000000000000, 0.0000000000000000000, 0.0000000000000000000, 0.0000000000000000000, 0.0000000000000000000, 0.0000000000000000000 ) ;
#9076 = PLANE ( 'NONE',  #8906 ) ;
#9077 = CARTESIAN_POINT ( 'NONE',  ( 0.4754786166455545748, 0.03516481420522435397, -0.2272637797769618828 ) ) ;
#9078 = ORIENTED_EDGE ( 'NONE', *, *, #3108, .F. ) ;
#9079 =( LENGTH_UNIT ( ) NAMED_UNIT ( * ) SI_UNIT ( $, .METRE. ) );
#9080 = PRESENTATION_LAYER_ASSIGNMENT (  '', '', ( #5400 ) ) ;
#9081 = FACE_OUTER_BOUND ( 'NONE', #1493, .T. ) ;
#9082 = ORIENTED_EDGE ( 'NONE', *, *, #72, .T. ) ;
#9083 = CARTESIAN_POINT ( 'NONE',  ( 0.4578091021359867452, 0.003668751212429131620, -0.3095942470915555300 ) ) ;
#9084 = DIRECTION ( 'NONE',  ( 7.913884470697103077E-16, -6.123233995736896691E-17, 1.000000000000000000 ) ) ;
#9085 = ORIENTED_EDGE ( 'NONE', *, *, #3218, .F. ) ;
#9086 = CARTESIAN_POINT ( 'NONE',  ( 0.5037097929778026062, -0.008688119764421345023, -0.02726377977641642608 ) ) ;
#9087 = LINE ( 'NONE', #2594, #7142 ) ;
#9088 = CYLINDRICAL_SURFACE ( 'NONE', #8121, 0.007874015748031499423 ) ;
#9089 = PRESENTATION_LAYER_ASSIGNMENT (  '', '', ( #10249 ) ) ;
#9090 = SURFACE_STYLE_FILL_AREA ( #8294 ) ;
#9091 = EDGE_CURVE ( 'NONE', #5312, #3115, #2670, .T. ) ;
#9092 = EDGE_LOOP ( 'NONE', ( #56, #4336, #10778, #11746 ) ) ;
#9093 = FILL_AREA_STYLE ('',( #1710 ) ) ;
#9094 = LINE ( 'NONE', #9037, #11426 ) ;
#9095 = SURFACE_STYLE_USAGE ( .BOTH. , #134 ) ;
#9096 = CARTESIAN_POINT ( 'NONE',  ( 0.2148518768365313136, 0.02729079845652401456, -0.1669308663911354407 ) ) ;
#9097 = AXIS2_PLACEMENT_3D ( 'NONE', #9748, #9505, #1204 ) ;
#9098 = ORIENTED_EDGE ( 'NONE', *, *, #5829, .T. ) ;
#9099 = ORIENTED_EDGE ( 'NONE', *, *, #11024, .F. ) ;
#9100 = FILL_AREA_STYLE_COLOUR ( '', #638 ) ;
#9101 = EDGE_LOOP ( 'NONE', ( #4009, #6753, #10937, #11430 ) ) ;
#9102 =( GEOMETRIC_REPRESENTATION_CONTEXT ( 3 ) GLOBAL_UNCERTAINTY_ASSIGNED_CONTEXT ( ( #3219 ) ) GLOBAL_UNIT_ASSIGNED_CONTEXT ( ( #5703, #11326, #388 ) ) REPRESENTATION_CONTEXT ( 'NONE', 'WORKASPACE' ) );
#9103 = LENGTH_MEASURE_WITH_UNIT ( LENGTH_MEASURE( 0.02539999999999999897 ), #7098 );
#9104 = EDGE_CURVE ( 'NONE', #2666, #3641, #4848, .T. ) ;
#9105 = VERTEX_POINT ( 'NONE', #4795 ) ;
#9106 = SURFACE_STYLE_FILL_AREA ( #3692 ) ;
#9107 = DIRECTION ( 'NONE',  ( 0.9945218953682686269, -0.1045284632676983794, 1.739022243102431967E-15 ) ) ;
#9108 = CARTESIAN_POINT ( 'NONE',  ( 0.2313841284562628275, 0.04500733388959484577, -0.1272637797769622658 ) ) ;
#9109 = VECTOR ( 'NONE', #8565, 39.37007874015748143 ) ;
#9110 = EDGE_CURVE ( 'NONE', #10000, #11325, #216, .T. ) ;
#9111 = PLANE ( 'NONE',  #3912 ) ;
#9112 = ORIENTED_EDGE ( 'NONE', *, *, #10386, .T. ) ;
#9113 = STYLED_ITEM ( 'NONE', ( #9134 ), #2437 ) ;
#9114 = MECHANICAL_DESIGN_GEOMETRIC_PRESENTATION_REPRESENTATION (  '', ( #4451 ), #11416 ) ;
#9115 = ORIENTED_EDGE ( 'NONE', *, *, #8972, .F. ) ;
#9116 = PLANE ( 'NONE',  #3749 ) ;
#9117 =( CONVERSION_BASED_UNIT ( 'INCH', #3521 ) LENGTH_UNIT ( ) NAMED_UNIT ( #2040 ) );
#9118 = DIRECTION ( 'NONE',  ( -2.431700674155225860E-12, -1.000000000000000000, -4.252089701634316427E-27 ) ) ;
#9119 = EDGE_CURVE ( 'NONE', #1584, #1533, #3626, .T. ) ;
#9120 = ADVANCED_FACE ( 'NONE', ( #3151 ), #11272, .T. ) ;
#9121 = MECHANICAL_DESIGN_GEOMETRIC_PRESENTATION_REPRESENTATION (  '', ( #2325 ), #422 ) ;
#9122 = LENGTH_MEASURE_WITH_UNIT ( LENGTH_MEASURE( 0.02539999999999999897 ), #3596 );
#9123 = VECTOR ( 'NONE', #5718, 39.37007874015748143 ) ;
#9124 = FILL_AREA_STYLE_COLOUR ( '', #11462 ) ;
#9125 = VERTEX_POINT ( 'NONE', #3871 ) ;
#9126 = LENGTH_MEASURE_WITH_UNIT ( LENGTH_MEASURE( 0.02539999999999999897 ), #6323 );
#9127 = DIRECTION ( 'NONE',  ( 1.000000000000000000, 0.0000000000000000000, -1.951563910474197493E-15 ) ) ;
#9128 = CARTESIAN_POINT ( 'NONE',  ( 0.2506952668933105088, 0.03516481420455542378, -0.2373012207214504066 ) ) ;
#9129 = MECHANICAL_DESIGN_GEOMETRIC_PRESENTATION_REPRESENTATION (  '', ( #6009 ), #9335 ) ;
#9130 = EDGE_LOOP ( 'NONE', ( #11793, #4452, #2355, #8184 ) ) ;
#9131 = MECHANICAL_DESIGN_GEOMETRIC_PRESENTATION_REPRESENTATION (  '', ( #1790 ), #2741 ) ;
#9132 = CARTESIAN_POINT ( 'NONE',  ( 0.3928014512908303835, 0.1021333181416024527, -0.2791535435558992750 ) ) ;
#9133 = LINE ( 'NONE', #1696, #9442 ) ;
#9134 = PRESENTATION_STYLE_ASSIGNMENT (( #10050 ) ) ;
#9135 = VERTEX_POINT ( 'NONE', #7586 ) ;
#9136 = LENGTH_MEASURE_WITH_UNIT ( LENGTH_MEASURE( 0.02539999999999999897 ), #11000 );
#9137 = UNCERTAINTY_MEASURE_WITH_UNIT (LENGTH_MEASURE( 1.000000000000000082E-05 ), #11180, 'distance_accuracy_value', 'NONE');
#9138 = DIRECTION ( 'NONE',  ( 0.0000000000000000000, 0.0000000000000000000, 1.000000000000000000 ) ) ;
#9139 = ORIENTED_EDGE ( 'NONE', *, *, #7510, .F. ) ;
#9140 = DIRECTION ( 'NONE',  ( 1.644517855226008195E-15, 1.000000000000000000, -6.888556729901376831E-28 ) ) ;
#9141 = EDGE_CURVE ( 'NONE', #8966, #1584, #2093, .T. ) ;
#9142 =( NAMED_UNIT ( * ) PLANE_ANGLE_UNIT ( ) SI_UNIT ( $, .RADIAN. ) );
#9143 = SURFACE_SIDE_STYLE ('',( #10007 ) ) ;
#9144 = LENGTH_MEASURE_WITH_UNIT ( LENGTH_MEASURE( 0.02539999999999999897 ), #8289 );
#9145 = ORIENTED_EDGE ( 'NONE', *, *, #5433, .T. ) ;
#9146 = AXIS2_PLACEMENT_3D ( 'NONE', #9584, #2006, #7750 ) ;
#9147 = FILL_AREA_STYLE_COLOUR ( '', #7344 ) ;
#9148 = FACE_OUTER_BOUND ( 'NONE', #400, .T. ) ;
#9149 = CARTESIAN_POINT ( 'NONE',  ( 0.5225010356778665432, -0.01798479209465760759, -0.2669308663904348955 ) ) ;
#9150 = ORIENTED_EDGE ( 'NONE', *, *, #11849, .F. ) ;
#9151 = DIRECTION ( 'NONE',  ( -1.748601263784622143E-15, 0.0000000000000000000, 1.000000000000000000 ) ) ;
#9152 = DIRECTION ( 'NONE',  ( -1.644517855226008392E-15, -1.000000000000000000, -6.123233995736766036E-17 ) ) ;
#9153 = DIRECTION ( 'NONE',  ( -1.644517855226007801E-15, -1.000000000000000000, 6.888556729901404633E-28 ) ) ;
#9154 = DIMENSIONAL_EXPONENTS ( 1.000000000000000000, 0.0000000000000000000, 0.0000000000000000000, 0.0000000000000000000, 0.0000000000000000000, 0.0000000000000000000, 0.0000000000000000000 ) ;
#9155 = CARTESIAN_POINT ( 'NONE',  ( 0.3140612938105267204, 0.1021333181416025776, -0.1329724411934974648 ) ) ;
#9156 = UNCERTAINTY_MEASURE_WITH_UNIT (LENGTH_MEASURE( 1.000000000000000082E-05 ), #11882, 'distance_accuracy_value', 'NONE');
#9157 = SURFACE_SIDE_STYLE ('',( #8245 ) ) ;
#9158 = VERTEX_POINT ( 'NONE', #2985 ) ;
#9159 = DIRECTION ( 'NONE',  ( 1.644517855226008195E-15, 1.000000000000000000, 2.890435660536364269E-30 ) ) ;
#9160 = EDGE_CURVE ( 'NONE', #4809, #1005, #6722, .T. ) ;
#9161 = CARTESIAN_POINT ( 'NONE',  ( 0.1910850544201971313, -0.02219340420294460201, -0.1675417980482702407 ) ) ;
#9162 = VERTEX_POINT ( 'NONE', #6734 ) ;
#9163 = SURFACE_STYLE_FILL_AREA ( #6358 ) ;
#9164 = LINE ( 'NONE', #10849, #9398 ) ;
#9165 =( CONVERSION_BASED_UNIT ( 'INCH', #9103 ) LENGTH_UNIT ( ) NAMED_UNIT ( #11308 ) );
#9166 = DIRECTION ( 'NONE',  ( 1.644517855226008195E-15, 1.000000000000000000, 2.890435660536364269E-30 ) ) ;
#9167 = ORIENTED_EDGE ( 'NONE', *, *, #2760, .F. ) ;
#9168 = SURFACE_SIDE_STYLE ('',( #10200 ) ) ;
#9169 = FACE_OUTER_BOUND ( 'NONE', #10388, .T. ) ;
#9170 = CARTESIAN_POINT ( 'NONE',  ( 0.5463410757003664964, -0.06121462703867338456, -0.2674212600919222971 ) ) ;
#9171 = EDGE_CURVE ( 'NONE', #4842, #10999, #10448, .T. ) ;
#9172 = AXIS2_PLACEMENT_3D ( 'NONE', #7203, #9036, #4466 ) ;
#9173 = SURFACE_SIDE_STYLE ('',( #3584 ) ) ;
#9174 = ORIENTED_EDGE ( 'NONE', *, *, #7510, .T. ) ;
#9175 = ADVANCED_FACE ( 'NONE', ( #10853 ), #587, .F. ) ;
#9176 = VECTOR ( 'NONE', #7143, 39.37007874015748143 ) ;
#9177 = VERTEX_POINT ( 'NONE', #7886 ) ;
#9178 = VERTEX_POINT ( 'NONE', #7161 ) ;
#9179 = DIRECTION ( 'NONE',  ( 1.582776894139444281E-15, 0.0000000000000000000, -1.000000000000000000 ) ) ;
#9180 = STYLED_ITEM ( 'NONE', ( #8971 ), #11281 ) ;
#9181 =( GEOMETRIC_REPRESENTATION_CONTEXT ( 3 ) GLOBAL_UNCERTAINTY_ASSIGNED_CONTEXT ( ( #5879 ) ) GLOBAL_UNIT_ASSIGNED_CONTEXT ( ( #1491, #649, #3154 ) ) REPRESENTATION_CONTEXT ( 'NONE', 'WORKASPACE' ) );
#9182 = CARTESIAN_POINT ( 'NONE',  ( 0.2389260676367348513, 0.03516481420750823539, -0.3272637797758070066 ) ) ;
#9183 = LINE ( 'NONE', #160, #9571 ) ;
#9184 = VECTOR ( 'NONE', #426, 39.37007874015748143 ) ;
#9185 = AXIS2_PLACEMENT_3D ( 'NONE', #4089, #11630, #7877 ) ;
#9186 = SURFACE_SIDE_STYLE ('',( #7233 ) ) ;
#9187 = VECTOR ( 'NONE', #2011, 39.37007874015748143 ) ;
#9188 = EDGE_LOOP ( 'NONE', ( #372, #6440, #1664, #592 ) ) ;
#9189 = EDGE_CURVE ( 'NONE', #3256, #11959, #9726, .T. ) ;
#9190 = DIRECTION ( 'NONE',  ( 1.951563910474197493E-15, -6.123233995737086511E-17, 1.000000000000000000 ) ) ;
#9191 = VECTOR ( 'NONE', #11405, 39.37007874015748143 ) ;
#9192 = CARTESIAN_POINT ( 'NONE',  ( 0.0000000000000000000, 0.0000000000000000000, 0.0000000000000000000 ) ) ;
#9193 = DIRECTION ( 'NONE',  ( 0.6691306063588805531, 0.7431448254773741491, 5.509915440571327071E-12 ) ) ;
#9194 = EDGE_CURVE ( 'NONE', #11205, #7513, #8073, .T. ) ;
#9195 =( GEOMETRIC_REPRESENTATION_CONTEXT ( 3 ) GLOBAL_UNCERTAINTY_ASSIGNED_CONTEXT ( ( #10947 ) ) GLOBAL_UNIT_ASSIGNED_CONTEXT ( ( #6551, #4747, #4626 ) ) REPRESENTATION_CONTEXT ( 'NONE', 'WORKASPACE' ) );
#9196 = VERTEX_POINT ( 'NONE', #8920 ) ;
#9197 = SURFACE_STYLE_FILL_AREA ( #5484 ) ;
#9198 = CARTESIAN_POINT ( 'NONE',  ( 0.5225010356768853281, -0.03570132752772850471, -0.2477362207211436240 ) ) ;
#9199 = PRESENTATION_LAYER_ASSIGNMENT (  '', '', ( #877 ) ) ;
#9200 = CARTESIAN_POINT ( 'NONE',  ( 0.3142156862761680269, 0.1217789874329372468, 0.01210629896398272669 ) ) ;
#9201 = ORIENTED_EDGE ( 'NONE', *, *, #2337, .F. ) ;
#9202 = VECTOR ( 'NONE', #5349, 39.37007874015748143 ) ;
#9203 = COLOUR_RGB ( '',0.7607843137254901578, 0.7607843137254901578, 0.0000000000000000000 ) ;
#9204 = EDGE_CURVE ( 'NONE', #279, #9027, #8729, .T. ) ;
#9205 = PRESENTATION_LAYER_ASSIGNMENT (  '', '', ( #7645 ) ) ;
#9206 = ORIENTED_EDGE ( 'NONE', *, *, #10895, .T. ) ;
#9207 = CARTESIAN_POINT ( 'NONE',  ( 0.2021550464030787142, -0.01818255847634997827, -0.1437992128478284004 ) ) ;
#9208 = CIRCLE ( 'NONE', #4548, 0.007874015748031490750 ) ;
#9209 = VECTOR ( 'NONE', #2711, 39.37007874015748143 ) ;
#9210 = DIRECTION ( 'NONE',  ( 0.9945218953682685159, -0.1045284632676983655, 1.927470528863118161E-15 ) ) ;
#9211 = CARTESIAN_POINT ( 'NONE',  ( 0.1906159070057864835, -0.02281331161264240140, -0.2476942553199272534 ) ) ;
#9212 = DIRECTION ( 'NONE',  ( -5.224987109642144261E-11, 0.0000000000000000000, -1.000000000000000000 ) ) ;
#9213 = ORIENTED_EDGE ( 'NONE', *, *, #11079, .F. ) ;
#9214 = VECTOR ( 'NONE', #617, 39.37007874015748143 ) ;
#9215 =( NAMED_UNIT ( * ) SI_UNIT ( $, .STERADIAN. ) SOLID_ANGLE_UNIT ( ) );
#9216 =( NAMED_UNIT ( * ) PLANE_ANGLE_UNIT ( ) SI_UNIT ( $, .RADIAN. ) );
#9217 = LINE ( 'NONE', #2774, #5865 ) ;
#9218 = ORIENTED_EDGE ( 'NONE', *, *, #9547, .F. ) ;
#9219 = DIRECTION ( 'NONE',  ( 0.0000000000000000000, 0.0000000000000000000, 1.000000000000000000 ) ) ;
#9220 = LINE ( 'NONE', #8557, #634 ) ;
#9221 = PRESENTATION_STYLE_ASSIGNMENT (( #9095 ) ) ;
#9222 = VECTOR ( 'NONE', #1016, 39.37007874015748143 ) ;
#9223 = ADVANCED_FACE ( 'NONE', ( #8795 ), #5279, .T. ) ;
#9224 = VECTOR ( 'NONE', #5564, 39.37007874015748143 ) ;
#9225 = EDGE_LOOP ( 'NONE', ( #2539, #4002, #5399, #9295 ) ) ;
#9226 = DIRECTION ( 'NONE',  ( 0.1045284632676983655, 0.9945218953682685159, 1.827786029713617844E-16 ) ) ;
#9227 = VERTEX_POINT ( 'NONE', #11579 ) ;
#9228 = CARTESIAN_POINT ( 'NONE',  ( 0.1843617094242552823, -0.01798479209465702819, 0.05177338557736839431 ) ) ;
#9229 = ORIENTED_EDGE ( 'NONE', *, *, #4489, .T. ) ;
#9230 = FILL_AREA_STYLE_COLOUR ( '', #5187 ) ;
#9231 = DIRECTION ( 'NONE',  ( -1.000000000000000000, 1.644517855226007801E-15, -4.329683484489847320E-13 ) ) ;
#9232 = DIRECTION ( 'NONE',  ( 0.0000000000000000000, 0.0000000000000000000, 1.000000000000000000 ) ) ;
#9233 = EDGE_LOOP ( 'NONE', ( #11649, #11943, #5321, #8647, #9378, #8285, #10095, #3613 ) ) ;
#9234 =( CONVERSION_BASED_UNIT ( 'INCH', #4670 ) LENGTH_UNIT ( ) NAMED_UNIT ( #1240 ) );
#9235 = SURFACE_STYLE_USAGE ( .BOTH. , #9173 ) ;
#9236 = VERTEX_POINT ( 'NONE', #1489 ) ;
#9237 = DIMENSIONAL_EXPONENTS ( 1.000000000000000000, 0.0000000000000000000, 0.0000000000000000000, 0.0000000000000000000, 0.0000000000000000000, 0.0000000000000000000, 0.0000000000000000000 ) ;
#9238 = EDGE_LOOP ( 'NONE', ( #7006, #2357, #1927, #10767 ) ) ;
#9239 = EDGE_LOOP ( 'NONE', ( #4285, #1841, #10770, #6602 ) ) ;
#9240 = CARTESIAN_POINT ( 'NONE',  ( 0.4578091021353568602, -0.004205264535602351757, -0.3095942470915555300 ) ) ;
#9241 = CARTESIAN_POINT ( 'NONE',  ( 0.4920108682649405596, 0.04500733388959440168, -0.2878937010363552540 ) ) ;
#9242 = CARTESIAN_POINT ( 'NONE',  ( 0.1933643507908066883, -0.007659296307097984528, -0.08789370103680482771 ) ) ;
#9243 =( NAMED_UNIT ( * ) SI_UNIT ( $, .STERADIAN. ) SOLID_ANGLE_UNIT ( ) );
#9244 = LINE ( 'NONE', #38, #2674 ) ;
#9245 = PRESENTATION_STYLE_ASSIGNMENT (( #1914 ) ) ;
#9246 =( NAMED_UNIT ( * ) SI_UNIT ( $, .STERADIAN. ) SOLID_ANGLE_UNIT ( ) );
#9247 = LINE ( 'NONE', #2870, #1247 ) ;
#9248 = ADVANCED_FACE ( 'NONE', ( #10614 ), #10798, .F. ) ;
#9249 = CARTESIAN_POINT ( 'NONE',  ( 0.2368457864954272019, 0.03516481423631399178, 0.01210629896319521080 ) ) ;
#9250 = DIRECTION ( 'NONE',  ( 1.000000000000000000, -1.644517855226007801E-15, 3.368510880617784864E-12 ) ) ;
#9251 = MECHANICAL_DESIGN_GEOMETRIC_PRESENTATION_REPRESENTATION (  '', ( #10973 ), #9054 ) ;
#9252 = ORIENTED_EDGE ( 'NONE', *, *, #9749, .T. ) ;
#9253 = DIRECTION ( 'NONE',  ( 1.644517855226008195E-15, 1.000000000000000000, 2.890435660536364269E-30 ) ) ;
#9254 = CARTESIAN_POINT ( 'NONE',  ( 0.4696401291287828905, 0.03516481420455506990, -0.2272637797769618828 ) ) ;
#9255 = ORIENTED_EDGE ( 'NONE', *, *, #10906, .F. ) ;
#9256 = LINE ( 'NONE', #1743, #4963 ) ;
#9257 = CARTESIAN_POINT ( 'NONE',  ( 0.2019811918225129788, -0.01983667431789037233, -0.06934404710515400250 ) ) ;
#9258 = ORIENTED_EDGE ( 'NONE', *, *, #8570, .F. ) ;
#9259 = VECTOR ( 'NONE', #10558, 39.37007874015748143 ) ;
#9260 = EDGE_CURVE ( 'NONE', #11809, #11483, #650, .T. ) ;
#9261 = EDGE_CURVE ( 'NONE', #6340, #5939, #868, .T. ) ;
#9262 = CARTESIAN_POINT ( 'NONE',  ( 0.4536010832257907910, 0.04500733388959445719, -0.2370142308545209464 ) ) ;
#9263 = B_SPLINE_CURVE_WITH_KNOTS ( 'NONE', 3,
 ( #9527, #5981, #200, #10433 ),
 .UNSPECIFIED., .F., .F.,
 ( 4, 4 ),
 ( 0.0000000000000000000, 1.000000000000000000 ),
 .UNSPECIFIED. ) ;
#9264 = LINE ( 'NONE', #9320, #706 ) ;
#9265 = ORIENTED_EDGE ( 'NONE', *, *, #3896, .F. ) ;
#9266 = CARTESIAN_POINT ( 'NONE',  ( 0.1585494827869405599, -0.02585880784268849639, -0.06742126009192302150 ) ) ;
#9267 = CARTESIAN_POINT ( 'NONE',  ( 0.3928014512908298839, 0.1020939480628583473, -0.1329724411934973261 ) ) ;
#9268 = DIRECTION ( 'NONE',  ( 1.000000000000000000, -1.644517855226007801E-15, -2.328659752956362145E-10 ) ) ;
#9269 = SURFACE_STYLE_USAGE ( .BOTH. , #10952 ) ;
#9270 = LINE ( 'NONE', #10060, #5640 ) ;
#9271 = DIRECTION ( 'NONE',  ( -0.9945218953682685159, 0.1045284632676983655, -1.739022243102431967E-15 ) ) ;
#9272 = CARTESIAN_POINT ( 'NONE',  ( 0.2443412753455939668, 0.03516481420455543072, -0.2317725596143638267 ) ) ;
#9273 = ADVANCED_FACE ( 'NONE', ( #997 ), #818, .T. ) ;
#9274 = VERTEX_POINT ( 'NONE', #4547 ) ;
#9275 = CARTESIAN_POINT ( 'NONE',  ( 0.5037097929778033834, -0.008688119764421379718, -0.2272637797764164302 ) ) ;
#9276 = COLOUR_RGB ( '',0.7607843137254901578, 0.7607843137254901578, 0.0000000000000000000 ) ;
#9277 =( LENGTH_UNIT ( ) NAMED_UNIT ( * ) SI_UNIT ( $, .METRE. ) );
#9278 = UNCERTAINTY_MEASURE_WITH_UNIT (LENGTH_MEASURE( 1.000000000000000082E-05 ), #8310, 'distance_accuracy_value', 'NONE');
#9279 = FILL_AREA_STYLE_COLOUR ( '', #6270 ) ;
#9280 = ORIENTED_EDGE ( 'NONE', *, *, #4329, .T. ) ;
#9281 =( LENGTH_UNIT ( ) NAMED_UNIT ( * ) SI_UNIT ( $, .METRE. ) );
#9282 = ORIENTED_EDGE ( 'NONE', *, *, #3604, .T. ) ;
#9283 = CARTESIAN_POINT ( 'NONE',  ( 0.1897414014858934961, -0.02373449098435563565, -0.1674212600919229299 ) ) ;
#9284 = ORIENTED_EDGE ( 'NONE', *, *, #872, .F. ) ;
#9285 = ADVANCED_FACE ( 'NONE', ( #11828 ), #7287, .T. ) ;
#9286 = CARTESIAN_POINT ( 'NONE',  ( 0.4754786166452397711, 0.04500733388959442249, -0.2878937010364914229 ) ) ;
#9287 = CARTESIAN_POINT ( 'NONE',  ( 0.1585494827869409484, -0.02585880784268851026, -0.1477362207218442802 ) ) ;
#9288 = DIRECTION ( 'NONE',  ( 0.0000000000000000000, 0.0000000000000000000, 1.000000000000000000 ) ) ;
#9289 = VERTEX_POINT ( 'NONE', #2008 ) ;
#9290 = CARTESIAN_POINT ( 'NONE',  ( 0.3496518449916177773, 0.1434325307400277083, -0.2791535435558992750 ) ) ;
#9291 = AXIS2_PLACEMENT_3D ( 'NONE', #8692, #8567, #3014 ) ;
#9292 = DIRECTION ( 'NONE',  ( -1.734723475977064066E-15, 6.123233995737051998E-17, -1.000000000000000000 ) ) ;
#9293 = MECHANICAL_DESIGN_GEOMETRIC_PRESENTATION_REPRESENTATION (  '', ( #11 ), #10263 ) ;
#9294 = ORIENTED_EDGE ( 'NONE', *, *, #1661, .F. ) ;
#9295 = ORIENTED_EDGE ( 'NONE', *, *, #8017, .T. ) ;
#9296 = ORIENTED_EDGE ( 'NONE', *, *, #2309, .F. ) ;
#9297 = CARTESIAN_POINT ( 'NONE',  ( 0.2514430687598460112, 0.03516481420455542378, -0.2837617719025922192 ) ) ;
#9298 = SURFACE_SIDE_STYLE ('',( #8433 ) ) ;
#9299 = ADVANCED_FACE ( 'NONE', ( #9586 ), #5808, .T. ) ;
#9300 = DIRECTION ( 'NONE',  ( -1.644517855226007801E-15, -1.000000000000000000, -2.890435660536363568E-30 ) ) ;
#9301 = FILL_AREA_STYLE_COLOUR ( '', #6582 ) ;
#9302 = CARTESIAN_POINT ( 'NONE',  ( 0.2031529521231687785, -0.008688119764420850627, -0.02726377977696231580 ) ) ;
#9303 =( CONVERSION_BASED_UNIT ( 'INCH', #6612 ) LENGTH_UNIT ( ) NAMED_UNIT ( #965 ) );
#9304 = FACE_OUTER_BOUND ( 'NONE', #7690, .T. ) ;
#9305 = AXIS2_PLACEMENT_3D ( 'NONE', #8670, #6791, #5934 ) ;
#9306 = MECHANICAL_DESIGN_GEOMETRIC_PRESENTATION_REPRESENTATION (  '', ( #620 ), #5811 ) ;
#9307 = ORIENTED_EDGE ( 'NONE', *, *, #290, .T. ) ;
#9308 = DIRECTION ( 'NONE',  ( -1.748601263784621946E-15, 0.0000000000000000000, 1.000000000000000000 ) ) ;
#9309 = CARTESIAN_POINT ( 'NONE',  ( 0.5146701546111711600, -0.01880785086055407340, -0.06934404710450368936 ) ) ;
#9310 = EDGE_CURVE ( 'NONE', #7801, #5483, #4027, .T. ) ;
#9311 = FACE_OUTER_BOUND ( 'NONE', #3315, .T. ) ;
#9312 = DIRECTION ( 'NONE',  ( 1.000000000000000000, -1.644517855226007801E-15, 1.748601263784622143E-15 ) ) ;
#9313 = FACE_OUTER_BOUND ( 'NONE', #3655, .T. ) ;
#9314 =( LENGTH_UNIT ( ) NAMED_UNIT ( * ) SI_UNIT ( $, .METRE. ) );
#9315 = DIMENSIONAL_EXPONENTS ( 1.000000000000000000, 0.0000000000000000000, 0.0000000000000000000, 0.0000000000000000000, 0.0000000000000000000, 0.0000000000000000000, 0.0000000000000000000 ) ;
#9316 = VECTOR ( 'NONE', #4084, 39.37007874015748143 ) ;
#9317 = PRESENTATION_STYLE_ASSIGNMENT (( #5833 ) ) ;
#9318 = ORIENTED_EDGE ( 'NONE', *, *, #6718, .T. ) ;
#9319 = SURFACE_SIDE_STYLE ('',( #8340 ) ) ;
#9320 = CARTESIAN_POINT ( 'NONE',  ( 0.2514430687583490975, 0.03516481420455545848, -0.07785626009152914195 ) ) ;
#9321 = VECTOR ( 'NONE', #9653, 39.37007874015748143 ) ;
#9322 = VECTOR ( 'NONE', #6996, 39.37007874015748143 ) ;
#9323 = ORIENTED_EDGE ( 'NONE', *, *, #10718, .F. ) ;
#9324 = DIRECTION ( 'NONE',  ( -0.9040697402711028730, 1.486758830245369207E-15, -0.4273849608095032782 ) ) ;
#9325 = EDGE_CURVE ( 'NONE', #2308, #5342, #2509, .T. ) ;
#9326 = FACE_OUTER_BOUND ( 'NONE', #6998, .T. ) ;
#9327 = SURFACE_STYLE_FILL_AREA ( #4931 ) ;
#9328 = SURFACE_STYLE_FILL_AREA ( #4006 ) ;
#9329 = DIRECTION ( 'NONE',  ( 0.0000000000000000000, 1.000000000000000000, 0.0000000000000000000 ) ) ;
#9330 =( LENGTH_UNIT ( ) NAMED_UNIT ( * ) SI_UNIT ( $, .METRE. ) );
#9331 =( LENGTH_UNIT ( ) NAMED_UNIT ( * ) SI_UNIT ( $, .METRE. ) );
#9332 = CARTESIAN_POINT ( 'NONE',  ( 0.4536010832257904024, 0.04500733388959447800, -0.1370142308545209409 ) ) ;
#9333 = EDGE_LOOP ( 'NONE', ( #3427, #4619, #3448, #6040, #1582, #10206 ) ) ;
#9334 = CARTESIAN_POINT ( 'NONE',  ( 0.2003137495791373623, -0.03570132752772794266, -0.08789370103680482771 ) ) ;
#9335 =( GEOMETRIC_REPRESENTATION_CONTEXT ( 3 ) GLOBAL_UNCERTAINTY_ASSIGNED_CONTEXT ( ( #3428 ) ) GLOBAL_UNIT_ASSIGNED_CONTEXT ( ( #151, #5927, #8912 ) ) REPRESENTATION_CONTEXT ( 'NONE', 'WORKASPACE' ) );
#9336 = FACE_OUTER_BOUND ( 'NONE', #3642, .T. ) ;
#9337 = CARTESIAN_POINT ( 'NONE',  ( 0.2532616618757511096, 0.04500733388959481107, -0.1781432499591669438 ) ) ;
#9338 = ORIENTED_EDGE ( 'NONE', *, *, #8858, .F. ) ;
#9339 = EDGE_CURVE ( 'NONE', #10649, #11671, #11596, .T. ) ;
#9340 = PRESENTATION_LAYER_ASSIGNMENT (  '', '', ( #2558 ) ) ;
#9341 = ORIENTED_EDGE ( 'NONE', *, *, #10764, .F. ) ;
#9342 = SURFACE_SIDE_STYLE ('',( #10477 ) ) ;
#9343 = ORIENTED_EDGE ( 'NONE', *, *, #3127, .T. ) ;
#9344 = CARTESIAN_POINT ( 'NONE',  ( 0.2313841284562323797, 0.03516481420455547235, -0.1878937010368047777 ) ) ;
#9345 = PLANE ( 'NONE',  #4673 ) ;
#9346 = EDGE_LOOP ( 'NONE', ( #8847, #1975, #4191, #709, #10062, #6587, #2283, #8220 ) ) ;
#9347 = LENGTH_MEASURE_WITH_UNIT ( LENGTH_MEASURE( 0.02539999999999999897 ), #9414 );
#9348 = EDGE_CURVE ( 'NONE', #9135, #457, #8535, .T. ) ;
#9349 = DIRECTION ( 'NONE',  ( 1.644517855226008195E-15, 1.000000000000000000, -6.888556729901376831E-28 ) ) ;
#9350 = ORIENTED_EDGE ( 'NONE', *, *, #6838, .F. ) ;
#9351 = EDGE_CURVE ( 'NONE', #5905, #149, #259, .T. ) ;
#9352 = EDGE_LOOP ( 'NONE', ( #7501, #9667, #518, #5192 ) ) ;
#9353 = CARTESIAN_POINT ( 'NONE',  ( 0.3928014512908298839, 0.1060309559368544097, -0.1327755907997966167 ) ) ;
#9354 = VERTEX_POINT ( 'NONE', #1110 ) ;
#9355 = CARTESIAN_POINT ( 'NONE',  ( 0.3496518449916174442, 0.1434325307400277361, -0.1791535435558992695 ) ) ;
#9356 = DIRECTION ( 'NONE',  ( -3.362227163310207537E-12, 4.918510043635005372E-12, -1.000000000000000000 ) ) ;
#9357 = PRESENTATION_STYLE_ASSIGNMENT (( #2924 ) ) ;
#9358 = CARTESIAN_POINT ( 'NONE',  ( 0.5037097929778033834, -0.008688119764421379718, -0.2272637797764164302 ) ) ;
#9359 =( LENGTH_UNIT ( ) NAMED_UNIT ( * ) SI_UNIT ( $, .METRE. ) );
#9360 = STYLED_ITEM ( 'NONE', ( #854 ), #9570 ) ;
#9361 = LINE ( 'NONE', #8675, #5850 ) ;
#9362 = EDGE_CURVE ( 'NONE', #4457, #9425, #10431, .T. ) ;
#9363 = ORIENTED_EDGE ( 'NONE', *, *, #4487, .F. ) ;
#9364 = VECTOR ( 'NONE', #7714, 39.37007874015748143 ) ;
#9365 = CARTESIAN_POINT ( 'NONE',  ( 0.4536010832257907910, 0.03516481420455509072, -0.2370142308545209464 ) ) ;
#9366 = DIRECTION ( 'NONE',  ( -1.644517855226007801E-15, -1.000000000000000000, -2.875605999964572744E-30 ) ) ;
#9367 = DIRECTION ( 'NONE',  ( 0.9945218953682686269, -0.1045284632676983794, 1.739022243102431967E-15 ) ) ;
#9368 = LINE ( 'NONE', #5728, #4835 ) ;
#9369 = CARTESIAN_POINT ( 'NONE',  ( 0.4754786166451601126, 0.1020939480628582363, 0.01210629896319561152 ) ) ;
#9370 = AXIS2_PLACEMENT_3D ( 'NONE', #6811, #2949, #10468 ) ;
#9371 = ORIENTED_EDGE ( 'NONE', *, *, #1335, .F. ) ;
#9372 = AXIS2_PLACEMENT_3D ( 'NONE', #10844, #9159, #4540 ) ;
#9373 = CIRCLE ( 'NONE', #678, 0.005905511811027556318 ) ;
#9374 = LINE ( 'NONE', #119, #1488 ) ;
#9375 = EDGE_CURVE ( 'NONE', #4618, #10686, #5699, .T. ) ;
#9376 = MECHANICAL_DESIGN_GEOMETRIC_PRESENTATION_REPRESENTATION (  '', ( #1257 ), #11291 ) ;
#9377 = COLOUR_RGB ( '',1.000000000000000000, 1.000000000000000000, 1.000000000000000000 ) ;
#9378 = ORIENTED_EDGE ( 'NONE', *, *, #10243, .F. ) ;
#9379 = LINE ( 'NONE', #11135, #2199 ) ;
#9380 = VECTOR ( 'NONE', #11799, 39.37007874015748143 ) ;
#9381 = PRESENTATION_LAYER_ASSIGNMENT (  '', '', ( #10727 ) ) ;
#9382 = CYLINDRICAL_SURFACE ( 'NONE', #8808, 0.007874015748031504627 ) ;
#9383 = FILL_AREA_STYLE_COLOUR ( '', #4826 ) ;
#9384 = LINE ( 'NONE', #302, #4751 ) ;
#9385 = VECTOR ( 'NONE', #9118, 39.37007874015748143 ) ;
#9386 = LINE ( 'NONE', #8462, #5197 ) ;
#9387 = PRESENTATION_LAYER_ASSIGNMENT (  '', '', ( #7639 ) ) ;
#9388 =( CONVERSION_BASED_UNIT ( 'INCH', #1993 ) LENGTH_UNIT ( ) NAMED_UNIT ( #9315 ) );
#9389 = ORIENTED_EDGE ( 'NONE', *, *, #5959, .F. ) ;
#9390 = COLOUR_RGB ( '',0.2509803921568627416, 0.2509803921568627416, 0.2509803921568627416 ) ;
#9391 = CARTESIAN_POINT ( 'NONE',  ( 0.4578091021341366695, -0.004205264535248013670, -0.2095941658644421557 ) ) ;
#9392 = EDGE_CURVE ( 'NONE', #3949, #8177, #1159, .T. ) ;
#9393 = DIMENSIONAL_EXPONENTS ( 1.000000000000000000, 0.0000000000000000000, 0.0000000000000000000, 0.0000000000000000000, 0.0000000000000000000, 0.0000000000000000000, 0.0000000000000000000 ) ;
#9394 = EDGE_CURVE ( 'NONE', #929, #5972, #8426, .T. ) ;
#9395 = UNCERTAINTY_MEASURE_WITH_UNIT (LENGTH_MEASURE( 1.000000000000000082E-05 ), #10807, 'distance_accuracy_value', 'NONE');
#9396 = AXIS2_PLACEMENT_3D ( 'NONE', #5171, #104, #5815 ) ;
#9397 = DIRECTION ( 'NONE',  ( -1.644517855226008195E-15, -1.000000000000000000, -2.890435660536364269E-30 ) ) ;
#9398 = VECTOR ( 'NONE', #9231, 39.37007874015748143 ) ;
#9399 = COLOUR_RGB ( '',0.7607843137254901578, 0.7607843137254901578, 0.0000000000000000000 ) ;
#9400 = ORIENTED_EDGE ( 'NONE', *, *, #925, .F. ) ;
#9401 =( NAMED_UNIT ( * ) SI_UNIT ( $, .STERADIAN. ) SOLID_ANGLE_UNIT ( ) );
#9402 = COLOUR_RGB ( '',0.7607843137254901578, 0.7607843137254901578, 0.0000000000000000000 ) ;
#9403 = VECTOR ( 'NONE', #5555, 39.37007874015748143 ) ;
#9404 = ORIENTED_EDGE ( 'NONE', *, *, #7051, .T. ) ;
#9405 =( LENGTH_UNIT ( ) NAMED_UNIT ( * ) SI_UNIT ( $, .METRE. ) );
#9406 = ORIENTED_EDGE ( 'NONE', *, *, #456, .F. ) ;
#9407 =( CONVERSION_BASED_UNIT ( 'INCH', #5697 ) LENGTH_UNIT ( ) NAMED_UNIT ( #10675 ) );
#9408 = CARTESIAN_POINT ( 'NONE',  ( 0.2019811918225137837, -0.01983667431789040703, -0.2693440471051540275 ) ) ;
#9409 = LINE ( 'NONE', #11155, #3011 ) ;
#9410 = DIRECTION ( 'NONE',  ( -1.644517855226008195E-15, -1.000000000000000000, -2.890435660536364269E-30 ) ) ;
#9411 = VERTEX_POINT ( 'NONE', #1528 ) ;
#9412 = DIRECTION ( 'NONE',  ( 4.482742302360809843E-10, 0.0000000000000000000, -1.000000000000000000 ) ) ;
#9413 =( GEOMETRIC_REPRESENTATION_CONTEXT ( 3 ) GLOBAL_UNCERTAINTY_ASSIGNED_CONTEXT ( ( #11796 ) ) GLOBAL_UNIT_ASSIGNED_CONTEXT ( ( #1044, #196, #2735 ) ) REPRESENTATION_CONTEXT ( 'NONE', 'WORKASPACE' ) );
#9414 =( LENGTH_UNIT ( ) NAMED_UNIT ( * ) SI_UNIT ( $, .METRE. ) );
#9415 = VECTOR ( 'NONE', #7974, 39.37007874015748143 ) ;
#9416 = EDGE_CURVE ( 'NONE', #5802, #1031, #3659, .T. ) ;
#9417 = PRESENTATION_LAYER_ASSIGNMENT (  '', '', ( #3589 ) ) ;
#9418 = EDGE_CURVE ( 'NONE', #5803, #5757, #10653, .T. ) ;
#9419 = EDGE_LOOP ( 'NONE', ( #11152, #8703, #1631, #9910 ) ) ;
#9420 = VERTEX_POINT ( 'NONE', #5066 ) ;
#9421 = CARTESIAN_POINT ( 'NONE',  ( 0.2924077505034288205, 0.1060309559368545623, -0.2823818900125920628 ) ) ;
#9422 = VERTEX_POINT ( 'NONE', #7088 ) ;
#9423 = CARTESIAN_POINT ( 'NONE',  ( 0.5134983943101651960, -0.007659296307098530966, -0.1272637797763358503 ) ) ;
#9424 = SURFACE_SIDE_STYLE ('',( #6604 ) ) ;
#9425 = VERTEX_POINT ( 'NONE', #6033 ) ;
#9426 =( NAMED_UNIT ( * ) SI_UNIT ( $, .STERADIAN. ) SOLID_ANGLE_UNIT ( ) );
#9427 = SURFACE_STYLE_USAGE ( .BOTH. , #4846 ) ;
#9428 = FILL_AREA_STYLE ('',( #950 ) ) ;
#9429 = CARTESIAN_POINT ( 'NONE',  ( 0.5225010356768845510, -0.01798479209465759024, -0.04773622072114360598 ) ) ;
#9430 = EDGE_CURVE ( 'NONE', #2482, #5928, #416, .T. ) ;
#9431 = UNCERTAINTY_MEASURE_WITH_UNIT (LENGTH_MEASURE( 1.000000000000000082E-05 ), #2088, 'distance_accuracy_value', 'NONE');
#9432 = LINE ( 'NONE', #9546, #9364 ) ;
#9433 = ORIENTED_EDGE ( 'NONE', *, *, #5572, .T. ) ;
#9434 = FACE_OUTER_BOUND ( 'NONE', #8248, .T. ) ;
#9435 = CARTESIAN_POINT ( 'NONE',  ( 0.2490536793147662964, -0.004205264535602010016, -0.3095942470915551414 ) ) ;
#9436 =( LENGTH_UNIT ( ) NAMED_UNIT ( * ) SI_UNIT ( $, .METRE. ) );
#9437 = CARTESIAN_POINT ( 'NONE',  ( 0.5061831144098577484, -0.02488414520015545459, -0.2477362207212779888 ) ) ;
#9438 = EDGE_CURVE ( 'NONE', #5087, #823, #444, .T. ) ;
#9439 = SURFACE_SIDE_STYLE ('',( #4693 ) ) ;
#9440 = EDGE_LOOP ( 'NONE', ( #7559, #77, #9145, #11400 ) ) ;
#9441 = FACE_OUTER_BOUND ( 'NONE', #5271, .T. ) ;
#9442 = VECTOR ( 'NONE', #839, 39.37007874015748143 ) ;
#9443 = VECTOR ( 'NONE', #8349, 39.37007874015748854 ) ;
#9444 = CARTESIAN_POINT ( 'NONE',  ( 0.3140612938105263319, 0.1020939480628624274, -0.03297244119349746622 ) ) ;
#9445 = ORIENTED_EDGE ( 'NONE', *, *, #5249, .T. ) ;
#9446 = LINE ( 'NONE', #2942, #1069 ) ;
#9447 = DIRECTION ( 'NONE',  ( -1.644517855226008392E-15, -1.000000000000000000, -6.123233995736766036E-17 ) ) ;
#9448 = DIRECTION ( 'NONE',  ( -2.147404981299067777E-15, -0.2873478855662903175, 0.9578262852211679723 ) ) ;
#9449 = CARTESIAN_POINT ( 'NONE',  ( 0.4254818849634279254, 0.1217789874329370386, -0.03198818922499343381 ) ) ;
#9450 =( CONVERSION_BASED_UNIT ( 'INCH', #11191 ) LENGTH_UNIT ( ) NAMED_UNIT ( #11603 ) );
#9451 = CARTESIAN_POINT ( 'NONE',  ( 0.4615064727377196085, 0.03516481420455509072, -0.1812378449691272597 ) ) ;
#9452 = FACE_OUTER_BOUND ( 'NONE', #10520, .T. ) ;
#9453 = ORIENTED_EDGE ( 'NONE', *, *, #2739, .F. ) ;
#9454 = VECTOR ( 'NONE', #8439, 39.37007874015748143 ) ;
#9455 = FACE_OUTER_BOUND ( 'NONE', #10116, .T. ) ;
#9456 = COLOUR_RGB ( '',0.7607843137254901578, 0.7607843137254901578, 0.0000000000000000000 ) ;
#9457 = ORIENTED_EDGE ( 'NONE', *, *, #10213, .T. ) ;
#9458 = CARTESIAN_POINT ( 'NONE',  ( 0.1605216694007098877, -0.06121462703867275312, -0.1398622049760928077 ) ) ;
#9459 = ORIENTED_EDGE ( 'NONE', *, *, #2225, .T. ) ;
#9460 = FILL_AREA_STYLE_COLOUR ( '', #2891 ) ;
#9461 = ORIENTED_EDGE ( 'NONE', *, *, #1068, .F. ) ;
#9462 = EDGE_CURVE ( 'NONE', #1396, #572, #5282, .T. ) ;
#9463 = DIRECTION ( 'NONE',  ( -8.234490263801784106E-12, 1.353889066150678573E-26, 1.000000000000000000 ) ) ;
#9464 = FILL_AREA_STYLE_COLOUR ( '', #10930 ) ;
#9465 = SURFACE_STYLE_USAGE ( .BOTH. , #5754 ) ;
#9466 = AXIS2_PLACEMENT_3D ( 'NONE', #8929, #1425, #4115 ) ;
#9467 = PRESENTATION_STYLE_ASSIGNMENT (( #11208 ) ) ;
#9468 = ORIENTED_EDGE ( 'NONE', *, *, #8883, .T. ) ;
#9469 =( CONVERSION_BASED_UNIT ( 'INCH', #5758 ) LENGTH_UNIT ( ) NAMED_UNIT ( #8137 ) );
#9470 = DIRECTION ( 'NONE',  ( -1.644517855226007801E-15, -1.000000000000000000, 6.888556729901404633E-28 ) ) ;
#9471 = DIRECTION ( 'NONE',  ( 0.09052430461245383753, -0.8612812260087806537, -0.4999999999992434385 ) ) ;
#9472 = CARTESIAN_POINT ( 'NONE',  ( -0.1216505027520421861, 0.04500733388959541476, -1.087891452689561111 ) ) ;
#9473 = ORIENTED_EDGE ( 'NONE', *, *, #8494, .F. ) ;
#9474 = DIMENSIONAL_EXPONENTS ( 1.000000000000000000, 0.0000000000000000000, 0.0000000000000000000, 0.0000000000000000000, 0.0000000000000000000, 0.0000000000000000000, 0.0000000000000000000 ) ;
#9475 = ORIENTED_EDGE ( 'NONE', *, *, #9310, .T. ) ;
#9476 = LINE ( 'NONE', #7578, #4056 ) ;
#9477 = VERTEX_POINT ( 'NONE', #4215 ) ;
#9478 = CYLINDRICAL_SURFACE ( 'NONE', #500, 0.007874015748031482076 ) ;
#9479 = EDGE_CURVE ( 'NONE', #8260, #567, #10711, .T. ) ;
#9480 = LINE ( 'NONE', #2981, #770 ) ;
#9481 = CARTESIAN_POINT ( 'NONE',  ( 0.3928014512908299394, 0.1434325307400276528, -0.1360039372566872462 ) ) ;
#9482 = LINE ( 'NONE', #2080, #816 ) ;
#9483 = CARTESIAN_POINT ( 'NONE',  ( 0.4625214697567750499, 0.03516481420455506990, -0.2317725596123949572 ) ) ;
#9484 = CARTESIAN_POINT ( 'NONE',  ( 0.5061831144098577484, -0.02488414520015545459, -0.2477362207212779888 ) ) ;
#9485 =( NAMED_UNIT ( * ) PLANE_ANGLE_UNIT ( ) SI_UNIT ( $, .RADIAN. ) );
#9486 = MECHANICAL_DESIGN_GEOMETRIC_PRESENTATION_REPRESENTATION (  '', ( #204 ), #9102 ) ;
#9487 = DIRECTION ( 'NONE',  ( -8.234490263801784106E-12, 1.443931000916540009E-26, 1.000000000000000000 ) ) ;
#9488 = ORIENTED_EDGE ( 'NONE', *, *, #10715, .F. ) ;
#9489 = CARTESIAN_POINT ( 'NONE',  ( 0.1921925904901478632, -0.01880785086054885882, -0.1693440471051373131 ) ) ;
#9490 = EDGE_CURVE ( 'NONE', #9574, #9500, #7995, .T. ) ;
#9491 = EDGE_CURVE ( 'NONE', #11816, #9125, #9942, .T. ) ;
#9492 = PLANE ( 'NONE',  #9466 ) ;
#9493 = FACE_OUTER_BOUND ( 'NONE', #86, .T. ) ;
#9494 = CARTESIAN_POINT ( 'NONE',  ( 0.3140612938105267204, 0.1020939480628624135, -0.1329724411934974648 ) ) ;
#9495 = CARTESIAN_POINT ( 'NONE',  ( 0.1896577093114370505, -0.02375406862796414220, -0.1674212600919229854 ) ) ;
#9496 = VECTOR ( 'NONE', #588, 39.37007874015748143 ) ;
#9497 = LINE ( 'NONE', #172, #491 ) ;
#9498 = CIRCLE ( 'NONE', #1177, 0.007874015748031495954 ) ;
#9499 = DIRECTION ( 'NONE',  ( 0.0000000000000000000, 0.0000000000000000000, 1.000000000000000000 ) ) ;
#9500 = VERTEX_POINT ( 'NONE', #7869 ) ;
#9501 = CARTESIAN_POINT ( 'NONE',  ( 0.5225010356770470876, -0.01798479209465760759, -0.1674212600912223792 ) ) ;
#9502 = ADVANCED_FACE ( 'NONE', ( #632 ), #509, .F. ) ;
#9503 = SURFACE_STYLE_USAGE ( .BOTH. , #8748 ) ;
#9504 = DIRECTION ( 'NONE',  ( -1.644517855226008195E-15, -1.000000000000000000, -2.890435660536364269E-30 ) ) ;
#9505 = DIRECTION ( 'NONE',  ( -1.644517855226007801E-15, -1.000000000000000000, -2.890435660536363568E-30 ) ) ;
#9506 = LINE ( 'NONE', #9332, #688 ) ;
#9507 = VERTEX_POINT ( 'NONE', #5138 ) ;
#9508 = CARTESIAN_POINT ( 'NONE',  ( 0.2014250033735605072, -0.02312123604650253086, -0.2477362207218443135 ) ) ;
#9509 = PRESENTATION_LAYER_ASSIGNMENT (  '', '', ( #1789 ) ) ;
#9510 = STYLED_ITEM ( 'NONE', ( #8143 ), #1797 ) ;
#9511 = EDGE_CURVE ( 'NONE', #2641, #9500, #1397, .T. ) ;
#9512 = CARTESIAN_POINT ( 'NONE',  ( 0.2532616618757514426, 0.04500733388959479025, -0.2370142308537339093 ) ) ;
#9513 = EDGE_CURVE ( 'NONE', #5137, #9354, #3321, .T. ) ;
#9514 = EDGE_LOOP ( 'NONE', ( #7155, #10694, #4309, #3587, #4271, #8909, #4773, #7861 ) ) ;
#9515 = CARTESIAN_POINT ( 'NONE',  ( 0.5050328009654269090, -0.02127569993139008867, -0.06809047438447828060 ) ) ;
#9516 = ORIENTED_EDGE ( 'NONE', *, *, #11934, .F. ) ;
#9517 = CARTESIAN_POINT ( 'NONE',  ( 0.4920108682637904796, 0.02729079845652353231, -0.1482266144221819626 ) ) ;
#9518 = VERTEX_POINT ( 'NONE', #11936 ) ;
#9519 = VECTOR ( 'NONE', #2516, 39.37007874015748143 ) ;
#9520 = CARTESIAN_POINT ( 'NONE',  ( 0.2514430687583499302, 0.03516481420455542378, -0.2778562600915291947 ) ) ;
#9521 = AXIS2_PLACEMENT_3D ( 'NONE', #904, #4577, #10998 ) ;
#9522 = CARTESIAN_POINT ( 'NONE',  ( 0.3140612938105268315, 0.1060309559368545484, -0.1823818900125920572 ) ) ;
#9523 = CARTESIAN_POINT ( 'NONE',  ( 0.2148518768365315357, 0.04500733388959486658, -0.1272637797769622658 ) ) ;
#9524 = ORIENTED_EDGE ( 'NONE', *, *, #3777, .T. ) ;
#9525 = CARTESIAN_POINT ( 'NONE',  ( 0.4991006638888346725, 0.03516481420455502827, -0.1272637797764543666 ) ) ;
#9526 = FACE_OUTER_BOUND ( 'NONE', #236, .T. ) ;
#9527 = CARTESIAN_POINT ( 'NONE',  ( 0.5171906553894763947, -0.02376973408140408903, -0.2477362080802064381 ) ) ;
#9528 =( NAMED_UNIT ( * ) PLANE_ANGLE_UNIT ( ) SI_UNIT ( $, .RADIAN. ) );
#9529 = DIMENSIONAL_EXPONENTS ( 1.000000000000000000, 0.0000000000000000000, 0.0000000000000000000, 0.0000000000000000000, 0.0000000000000000000, 0.0000000000000000000, 0.0000000000000000000 ) ;
#9530 = ADVANCED_FACE ( 'NONE', ( #5448 ), #3556, .F. ) ;
#9531 = LINE ( 'NONE', #7574, #4522 ) ;
#9532 = STYLED_ITEM ( 'NONE', ( #4355 ), #3286 ) ;
#9533 = VERTEX_POINT ( 'NONE', #10063 ) ;
#9534 =( CONVERSION_BASED_UNIT ( 'INCH', #4034 ) LENGTH_UNIT ( ) NAMED_UNIT ( #3992 ) );
#9535 = ORIENTED_EDGE ( 'NONE', *, *, #8858, .T. ) ;
#9536 = ORIENTED_EDGE ( 'NONE', *, *, #10319, .F. ) ;
#9537 = SURFACE_STYLE_USAGE ( .BOTH. , #3756 ) ;
#9538 = B_SPLINE_CURVE_WITH_KNOTS ( 'NONE', 3,
 ( #9257, #5310, #966, #8337 ),
 .UNSPECIFIED., .F., .F.,
 ( 4, 4 ),
 ( 0.0000000000000000000, 0.0001438460554597927824 ),
 .UNSPECIFIED. ) ;
#9539 = DIRECTION ( 'NONE',  ( -1.000000000000000000, 1.644517855226007801E-15, -8.234490263801784106E-12 ) ) ;
#9540 =( LENGTH_UNIT ( ) NAMED_UNIT ( * ) SI_UNIT ( $, .METRE. ) );
#9541 =( CONVERSION_BASED_UNIT ( 'INCH', #1413 ) LENGTH_UNIT ( ) NAMED_UNIT ( #2801 ) );
#9542 = CARTESIAN_POINT ( 'NONE',  ( 0.4696401291287829460, 0.03516481420455506990, -0.2351377955249933094 ) ) ;
#9543 = B_SPLINE_CURVE_WITH_KNOTS ( 'NONE', 3,
 ( #3111, #4761, #10458, #9617, #6623, #3053, #10290, #4695, #10349, #6748 ),
 .UNSPECIFIED., .F., .F.,
 ( 4, 3, 3, 4 ),
 ( 2.474505902355471424E-17, 5.232092011450783337E-05, 0.0001048841986583178443, 0.0001556114547149465752 ),
 .UNSPECIFIED. ) ;
#9544 = EDGE_CURVE ( 'NONE', #8927, #10629, #11014, .T. ) ;
#9545 = UNCERTAINTY_MEASURE_WITH_UNIT (LENGTH_MEASURE( 1.000000000000000082E-05 ), #9234, 'distance_accuracy_value', 'NONE');
#9546 = CARTESIAN_POINT ( 'NONE',  ( 0.4754786166452397711, 0.03516481420455505602, -0.2878937010364914229 ) ) ;
#9547 = EDGE_CURVE ( 'NONE', #5299, #5199, #6406, .T. ) ;
#9548 = ORIENTED_EDGE ( 'NONE', *, *, #4978, .T. ) ;
#9549 = AXIS2_PLACEMENT_3D ( 'NONE', #7851, #3355, #7060 ) ;
#9550 = CARTESIAN_POINT ( 'NONE',  ( 0.2532616618757507210, 0.03516481420455545848, -0.07814324995916692440 ) ) ;
#9551 = CARTESIAN_POINT ( 'NONE',  ( 0.4754786166450025164, 0.03516481420311536044, -0.3197218394863753366 ) ) ;
#9552 = SURFACE_SIDE_STYLE ('',( #7721 ) ) ;
#9553 = CARTESIAN_POINT ( 'NONE',  ( 0.2746912150703574307, 0.1020939480628467178, -0.1329724411934975481 ) ) ;
#9554 = EDGE_CURVE ( 'NONE', #5939, #5866, #1039, .T. ) ;
#9555 = AXIS2_PLACEMENT_3D ( 'NONE', #161, #11348, #3877 ) ;
#9556 = ADVANCED_FACE ( 'NONE', ( #4595 ), #3619, .F. ) ;
#9557 = FACE_OUTER_BOUND ( 'NONE', #4339, .T. ) ;
#9558 = ORIENTED_EDGE ( 'NONE', *, *, #9375, .T. ) ;
#9559 =( NAMED_UNIT ( * ) PLANE_ANGLE_UNIT ( ) SI_UNIT ( $, .RADIAN. ) );
#9560 = STYLED_ITEM ( 'NONE', ( #1587 ), #3731 ) ;
#9561 = DIRECTION ( 'NONE',  ( 1.644517855226008195E-15, 1.000000000000000000, 2.890435660536364269E-30 ) ) ;
#9562 = PLANE ( 'NONE',  #7364 ) ;
#9563 = AXIS2_PLACEMENT_3D ( 'NONE', #8247, #9044, #2547 ) ;
#9564 = CARTESIAN_POINT ( 'NONE',  ( 0.4383240990377192392, 0.04008607404707484334, -0.08789370103679740309 ) ) ;
#9565 = CARTESIAN_POINT ( 'NONE',  ( 0.4696401291281132040, 0.04500733388959445025, -0.1272637797769618495 ) ) ;
#9566 = DIRECTION ( 'NONE',  ( 0.06844477287628476792, 0.6512085141311790837, -0.7558060493201781416 ) ) ;
#9567 = ORIENTED_EDGE ( 'NONE', *, *, #6628, .T. ) ;
#9568 = VECTOR ( 'NONE', #3888, 39.37007874015748143 ) ;
#9569 = CARTESIAN_POINT ( 'NONE',  ( 0.3140612938105268315, 0.1060309559368545484, -0.1823818900125920572 ) ) ;
#9570 = ADVANCED_FACE ( 'NONE', ( #2540 ), #10836, .T. ) ;
#9571 = VECTOR ( 'NONE', #1972, 39.37007874015748143 ) ;
#9572 = FILL_AREA_STYLE_COLOUR ( '', #6474 ) ;
#9573 = VECTOR ( 'NONE', #6038, 39.37007874015748143 ) ;
#9574 = VERTEX_POINT ( 'NONE', #10894 ) ;
#9575 = CARTESIAN_POINT ( 'NONE',  ( 0.1585494827869405321, -0.02585880784268849639, -0.04773622072184426079 ) ) ;
#9576 = MECHANICAL_DESIGN_GEOMETRIC_PRESENTATION_REPRESENTATION (  '', ( #8987 ), #4728 ) ;
#9577 = ORIENTED_EDGE ( 'NONE', *, *, #11230, .T. ) ;
#9578 = VECTOR ( 'NONE', #4754, 39.37007874015748143 ) ;
#9579 = ADVANCED_FACE ( 'NONE', ( #6292 ), #10014, .F. ) ;
#9580 = VERTEX_POINT ( 'NONE', #11598 ) ;
#9581 = VECTOR ( 'NONE', #9773, 39.37007874015748143 ) ;
#9582 = CARTESIAN_POINT ( 'NONE',  ( 0.4754786166447663720, 0.03516481420231098304, 0.004564358673431905856 ) ) ;
#9583 = SURFACE_STYLE_USAGE ( .BOTH. , #9834 ) ;
#9584 = CARTESIAN_POINT ( 'NONE',  ( 0.4536010832257899028, 0.03516481420455512541, -0.003641732532867354363 ) ) ;
#9585 = ORIENTED_EDGE ( 'NONE', *, *, #1784, .T. ) ;
#9586 = FACE_OUTER_BOUND ( 'NONE', #6912, .T. ) ;
#9587 =( LENGTH_UNIT ( ) NAMED_UNIT ( * ) SI_UNIT ( $, .METRE. ) );
#9588 = ADVANCED_FACE ( 'NONE', ( #1623 ), #8943, .T. ) ;
#9589 = AXIS2_PLACEMENT_3D ( 'NONE', #1328, #618, #8833 ) ;
#9590 = CARTESIAN_POINT ( 'NONE',  ( 0.3928014512908303835, 0.1021333181416024249, -0.2791535435558992750 ) ) ;
#9591 = SURFACE_STYLE_FILL_AREA ( #5812 ) ;
#9592 =( GEOMETRIC_REPRESENTATION_CONTEXT ( 3 ) GLOBAL_UNCERTAINTY_ASSIGNED_CONTEXT ( ( #347 ) ) GLOBAL_UNIT_ASSIGNED_CONTEXT ( ( #5771, #4040, #3336 ) ) REPRESENTATION_CONTEXT ( 'NONE', 'WORKASPACE' ) );
#9593 = VECTOR ( 'NONE', #90, 39.37007874015748143 ) ;
#9594 = COLOUR_RGB ( '',1.000000000000000000, 1.000000000000000000, 1.000000000000000000 ) ;
#9595 = FILL_AREA_STYLE ('',( #7696 ) ) ;
#9596 = MECHANICAL_DESIGN_GEOMETRIC_PRESENTATION_REPRESENTATION (  '', ( #11902 ), #4732 ) ;
#9597 = VERTEX_POINT ( 'NONE', #6015 ) ;
#9598 = VERTEX_POINT ( 'NONE', #7906 ) ;
#9599 = LINE ( 'NONE', #8664, #4468 ) ;
#9600 = ORIENTED_EDGE ( 'NONE', *, *, #11251, .T. ) ;
#9601 = AXIS2_PLACEMENT_3D ( 'NONE', #1782, #6359, #5461 ) ;
#9602 = FACE_OUTER_BOUND ( 'NONE', #7765, .T. ) ;
#9603 = STYLED_ITEM ( 'NONE', ( #882 ), #5420 ) ;
#9604 = CARTESIAN_POINT ( 'NONE',  ( 0.3928014512908295508, 0.1060309559368544235, -0.03277559079979661116 ) ) ;
#9605 = SURFACE_STYLE_FILL_AREA ( #10450 ) ;
#9606 = CARTESIAN_POINT ( 'NONE',  ( 0.4578091021359867452, 0.001406169436326775574, -0.3171361863450988250 ) ) ;
#9607 = CIRCLE ( 'NONE', #4929, 0.007874015748031495954 ) ;
#9608 = ORIENTED_EDGE ( 'NONE', *, *, #10581, .F. ) ;
#9609 =( GEOMETRIC_REPRESENTATION_CONTEXT ( 3 ) GLOBAL_UNCERTAINTY_ASSIGNED_CONTEXT ( ( #7191 ) ) GLOBAL_UNIT_ASSIGNED_CONTEXT ( ( #10178, #9029, #11803 ) ) REPRESENTATION_CONTEXT ( 'NONE', 'WORKASPACE' ) );
#9610 = DIMENSIONAL_EXPONENTS ( 1.000000000000000000, 0.0000000000000000000, 0.0000000000000000000, 0.0000000000000000000, 0.0000000000000000000, 0.0000000000000000000, 0.0000000000000000000 ) ;
#9611 = ORIENTED_EDGE ( 'NONE', *, *, #6981, .T. ) ;
#9612 = CYLINDRICAL_SURFACE ( 'NONE', #307, 0.007874015748031482076 ) ;
#9613 = LINE ( 'NONE', #8680, #4203 ) ;
#9614 = FACE_OUTER_BOUND ( 'NONE', #842, .T. ) ;
#9615 = FACE_OUTER_BOUND ( 'NONE', #7471, .T. ) ;
#9616 = EDGE_CURVE ( 'NONE', #1983, #3864, #661, .T. ) ;
#9617 = CARTESIAN_POINT ( 'NONE',  ( 0.5150364717968899386, -0.02049086673026023764, -0.06821428175520072301 ) ) ;
#9618 = LINE ( 'NONE', #5838, #8805 ) ;
#9619 = ORIENTED_EDGE ( 'NONE', *, *, #8469, .T. ) ;
#9620 = SURFACE_STYLE_USAGE ( .BOTH. , #9684 ) ;
#9621 = DIRECTION ( 'NONE',  ( -1.000000000000000000, 1.644517855226007801E-15, -1.748601263784621748E-15 ) ) ;
#9622 = FACE_OUTER_BOUND ( 'NONE', #9844, .T. ) ;
#9623 = CARTESIAN_POINT ( 'NONE',  ( 0.2532616618757507210, 0.04500733388959482495, -0.07814324995916692440 ) ) ;
#9624 = ADVANCED_FACE ( 'NONE', ( #1567 ), #4252, .F. ) ;
#9625 = LINE ( 'NONE', #11480, #1755 ) ;
#9626 =( NAMED_UNIT ( * ) SI_UNIT ( $, .STERADIAN. ) SOLID_ANGLE_UNIT ( ) );
#9627 = ORIENTED_EDGE ( 'NONE', *, *, #7166, .F. ) ;
#9628 = EDGE_CURVE ( 'NONE', #4152, #5817, #8755, .T. ) ;
#9629 = LINE ( 'NONE', #6941, #6087 ) ;
#9630 = UNCERTAINTY_MEASURE_WITH_UNIT (LENGTH_MEASURE( 1.000000000000000082E-05 ), #11871, 'distance_accuracy_value', 'NONE');
#9631 = DIRECTION ( 'NONE',  ( 0.09052430460837394832, 0.8612812260087769900, 0.4999999999999884537 ) ) ;
#9632 = VECTOR ( 'NONE', #7244, 39.37007874015748143 ) ;
#9633 = ORIENTED_EDGE ( 'NONE', *, *, #5064, .T. ) ;
#9634 = CARTESIAN_POINT ( 'NONE',  ( 0.2014422566030122097, -0.02496430041343661657, -0.2752952758399543898 ) ) ;
#9635 = ORIENTED_EDGE ( 'NONE', *, *, #7751, .F. ) ;
#9636 = PLANE ( 'NONE',  #4996 ) ;
#9637 = ORIENTED_EDGE ( 'NONE', *, *, #7415, .T. ) ;
#9638 = ADVANCED_FACE ( 'NONE', ( #10584 ), #4497, .T. ) ;
#9639 = CARTESIAN_POINT ( 'NONE',  ( 0.1972323944382717575, 0.02914268067976812787, -0.1878937010368048610 ) ) ;
#9640 =( LENGTH_UNIT ( ) NAMED_UNIT ( * ) SI_UNIT ( $, .METRE. ) );
#9641 = CYLINDRICAL_SURFACE ( 'NONE', #6629, 0.007874015748031478606 ) ;
#9642 = ORIENTED_EDGE ( 'NONE', *, *, #6605, .F. ) ;
#9643 = LENGTH_MEASURE_WITH_UNIT ( LENGTH_MEASURE( 0.02539999999999999897 ), #9708 );
#9644 = SURFACE_SIDE_STYLE ('',( #10601 ) ) ;
#9645 = MECHANICAL_DESIGN_GEOMETRIC_PRESENTATION_REPRESENTATION (  '', ( #171 ), #6918 ) ;
#9646 = FILL_AREA_STYLE ('',( #7637 ) ) ;
#9647 = CARTESIAN_POINT ( 'NONE',  ( 0.2019811918225118130, -0.01983667431789453914, -0.04581343370859897873 ) ) ;
#9648 = VERTEX_POINT ( 'NONE', #2691 ) ;
#9649 = CARTESIAN_POINT ( 'NONE',  ( 0.4754786166455541863, 0.03516481420522436785, -0.1272637797769618495 ) ) ;
#9650 = ADVANCED_FACE ( 'NONE', ( #4628 ), #5477, .F. ) ;
#9651 = ORIENTED_EDGE ( 'NONE', *, *, #6432, .F. ) ;
#9652 = VECTOR ( 'NONE', #595, 39.37007874015748143 ) ;
#9653 = DIRECTION ( 'NONE',  ( 1.000000000000000000, -1.644517855226007801E-15, 1.748601263784622143E-15 ) ) ;
#9654 = ORIENTED_EDGE ( 'NONE', *, *, #2337, .T. ) ;
#9655 = CARTESIAN_POINT ( 'NONE',  ( 0.4754786166455541863, 0.03516481420522436785, -0.1272637797769618495 ) ) ;
#9656 = CARTESIAN_POINT ( 'NONE',  ( 0.1897048287127792443, -0.02376850682428407330, -0.2674213445113989285 ) ) ;
#9657 = CARTESIAN_POINT ( 'NONE',  ( 0.2313841284562278278, 0.03769412923981661778, 0.009278755922247519314 ) ) ;
#9658 = FACE_OUTER_BOUND ( 'NONE', #2403, .T. ) ;
#9659 = PLANE ( 'NONE',  #4394 ) ;
#9660 = ORIENTED_EDGE ( 'NONE', *, *, #585, .T. ) ;
#9661 = CARTESIAN_POINT ( 'NONE',  ( 0.3140612938105266649, 0.1021333181416025776, -0.1821850396188910703 ) ) ;
#9662 = DIRECTION ( 'NONE',  ( -3.349940197328361899E-10, 5.509065224505827021E-25, -1.000000000000000000 ) ) ;
#9663 = CARTESIAN_POINT ( 'NONE',  ( 0.3928014512908299949, 0.1434325307400276528, -0.1791535435558992695 ) ) ;
#9664 = MECHANICAL_DESIGN_GEOMETRIC_PRESENTATION_REPRESENTATION (  '', ( #5400 ), #4980 ) ;
#9665 = UNCERTAINTY_MEASURE_WITH_UNIT (LENGTH_MEASURE( 1.000000000000000082E-05 ), #11891, 'distance_accuracy_value', 'NONE');
#9666 = LINE ( 'NONE', #4235, #7800 ) ;
#9667 = ORIENTED_EDGE ( 'NONE', *, *, #1604, .T. ) ;
#9668 = EDGE_CURVE ( 'NONE', #496, #4128, #4295, .T. ) ;
#9669 = ORIENTED_EDGE ( 'NONE', *, *, #5987, .T. ) ;
#9670 = CARTESIAN_POINT ( 'NONE',  ( 0.5483132623142805695, -0.03078006768520881453, -0.05757874040597037862 ) ) ;
#9671 = CARTESIAN_POINT ( 'NONE',  ( 0.4625214697563810318, 0.04500733388959445719, -0.1833849212006233298 ) ) ;
#9672 = CARTESIAN_POINT ( 'NONE',  ( 0.2514430687567353884, 0.04500733388959481107, -0.1778562600915685743 ) ) ;
#9673 = AXIS2_PLACEMENT_3D ( 'NONE', #5740, #1991, #8292 ) ;
#9674 = SURFACE_STYLE_FILL_AREA ( #11652 ) ;
#9675 = LINE ( 'NONE', #469, #2664 ) ;
#9676 = FILL_AREA_STYLE ('',( #5945 ) ) ;
#9677 = DIRECTION ( 'NONE',  ( 0.09052430460837825044, 0.8612812260087766569, -0.4999999999999882316 ) ) ;
#9678 = LENGTH_MEASURE_WITH_UNIT ( LENGTH_MEASURE( 0.02539999999999999897 ), #7847 );
#9679 = PRESENTATION_LAYER_ASSIGNMENT (  '', '', ( #11021 ) ) ;
#9680 = ADVANCED_FACE ( 'NONE', ( #10153 ), #7417, .F. ) ;
#9681 = FACE_OUTER_BOUND ( 'NONE', #7368, .T. ) ;
#9682 = MECHANICAL_DESIGN_GEOMETRIC_PRESENTATION_REPRESENTATION (  '', ( #4021 ), #203 ) ;
#9683 = ORIENTED_EDGE ( 'NONE', *, *, #2287, .T. ) ;
#9684 = SURFACE_SIDE_STYLE ('',( #8823 ) ) ;
#9685 = PRESENTATION_STYLE_ASSIGNMENT (( #734 ) ) ;
#9686 = CARTESIAN_POINT ( 'NONE',  ( 0.3928014512908298284, 0.08634591656677387261, -0.1319881892249935018 ) ) ;
#9687 = LINE ( 'NONE', #4005, #11606 ) ;
#9688 = PLANE ( 'NONE',  #10754 ) ;
#9689 = DIRECTION ( 'NONE',  ( -2.837565599156477682E-11, 1.000000000000000000, -4.961769309790727612E-26 ) ) ;
#9690 = PRESENTATION_LAYER_ASSIGNMENT (  '', '', ( #8134 ) ) ;
#9691 = DIMENSIONAL_EXPONENTS ( 1.000000000000000000, 0.0000000000000000000, 0.0000000000000000000, 0.0000000000000000000, 0.0000000000000000000, 0.0000000000000000000, 0.0000000000000000000 ) ;
#9692 = EDGE_CURVE ( 'NONE', #9035, #8246, #5598, .T. ) ;
#9693 = VERTEX_POINT ( 'NONE', #4568 ) ;
#9694 = CARTESIAN_POINT ( 'NONE',  ( 0.2031529521231696112, -0.008688119764420883587, -0.2272637797769623269 ) ) ;
#9695 = ADVANCED_FACE ( 'NONE', ( #9304 ), #11843, .F. ) ;
#9696 = DIRECTION ( 'NONE',  ( 1.644517855226008195E-15, 1.000000000000000000, 2.890435660536364269E-30 ) ) ;
#9697 = EDGE_CURVE ( 'NONE', #61, #10133, #11171, .T. ) ;
#9698 = STYLED_ITEM ( 'NONE', ( #4919 ), #1680 ) ;
#9699 = ORIENTED_EDGE ( 'NONE', *, *, #3334, .T. ) ;
#9700 = LINE ( 'NONE', #10702, #7037 ) ;
#9701 = ORIENTED_EDGE ( 'NONE', *, *, #3406, .T. ) ;
#9702 = CARTESIAN_POINT ( 'NONE',  ( -0.1216505027520430049, 0.03516481420455606910, -0.8878914526895611559 ) ) ;
#9703 = DIRECTION ( 'NONE',  ( 1.644517855226008195E-15, 1.000000000000000000, 2.890435660536364269E-30 ) ) ;
#9704 = ORIENTED_EDGE ( 'NONE', *, *, #9843, .F. ) ;
#9705 =( CONVERSION_BASED_UNIT ( 'INCH', #6895 ) LENGTH_UNIT ( ) NAMED_UNIT ( #3324 ) );
#9706 = PLANE ( 'NONE',  #6751 ) ;
#9707 = EDGE_LOOP ( 'NONE', ( #11088, #7365, #5694, #7581, #1647, #5951, #504, #764 ) ) ;
#9708 =( LENGTH_UNIT ( ) NAMED_UNIT ( * ) SI_UNIT ( $, .METRE. ) );
#9709 = LINE ( 'NONE', #6717, #11624 ) ;
#9710 = AXIS2_PLACEMENT_3D ( 'NONE', #5218, #5352, #10909 ) ;
#9711 = CARTESIAN_POINT ( 'NONE',  ( 0.4696401291286639856, 0.03516481420483068970, -0.02726377977696183702 ) ) ;
#9712 = CIRCLE ( 'NONE', #1781, 0.01771653543307086243 ) ;
#9713 = CARTESIAN_POINT ( 'NONE',  ( 0.4561674782086246882, 0.03516481420455511153, -0.08376177190318229160 ) ) ;
#9714 = EDGE_CURVE ( 'NONE', #10018, #3410, #7361, .T. ) ;
#9715 = CARTESIAN_POINT ( 'NONE',  ( 0.2514430687601999503, 0.03516481420455543766, -0.1778562600915291614 ) ) ;
#9716 = ORIENTED_EDGE ( 'NONE', *, *, #2417, .F. ) ;
#9717 = CARTESIAN_POINT ( 'NONE',  ( 0.2506952668945302554, 0.03516481420455545848, -0.07785626009156855487 ) ) ;
#9718 = VECTOR ( 'NONE', #6325, 39.37007874015748143 ) ;
#9719 = EDGE_LOOP ( 'NONE', ( #6724, #4750, #967, #1793 ) ) ;
#9720 = CIRCLE ( 'NONE', #7183, 0.005905511811027552849 ) ;
#9721 = CARTESIAN_POINT ( 'NONE',  ( 0.4754786166447405593, 0.04500733388959442249, -0.2272637797766489109 ) ) ;
#9722 = VERTEX_POINT ( 'NONE', #6254 ) ;
#9723 = CARTESIAN_POINT ( 'NONE',  ( 0.5061831144100222835, -0.02488414520016216797, -0.1674212600913566884 ) ) ;
#9724 = LINE ( 'NONE', #4170, #6672 ) ;
#9725 = ORIENTED_EDGE ( 'NONE', *, *, #10429, .T. ) ;
#9726 = LINE ( 'NONE', #2554, #10787 ) ;
#9727 = CARTESIAN_POINT ( 'NONE',  ( 0.3496518449916170002, 0.1434325307400277361, -0.03600393725668660921 ) ) ;
#9728 = AXIS2_PLACEMENT_3D ( 'NONE', #5346, #10902, #6300 ) ;
#9729 = EDGE_CURVE ( 'NONE', #10872, #7634, #9986, .T. ) ;
#9730 = SURFACE_STYLE_FILL_AREA ( #1610 ) ;
#9731 = EDGE_LOOP ( 'NONE', ( #562, #5985, #8734, #6812, #11767, #136, #6988 ) ) ;
#9732 = ORIENTED_EDGE ( 'NONE', *, *, #9749, .F. ) ;
#9733 = LINE ( 'NONE', #9802, #1457 ) ;
#9734 = CARTESIAN_POINT ( 'NONE',  ( 0.5274311289181018436, -0.03078006768520881453, -0.2477362207211029899 ) ) ;
#9735 = DIRECTION ( 'NONE',  ( 0.1045284632676983655, 0.9945218953682685159, 1.827786029713617844E-16 ) ) ;
#9736 = PLANE ( 'NONE',  #6519 ) ;
#9737 = DIRECTION ( 'NONE',  ( -2.171873791922961836E-11, 0.0000000000000000000, 1.000000000000000000 ) ) ;
#9738 = EDGE_CURVE ( 'NONE', #944, #1055, #5366, .T. ) ;
#9739 = FILL_AREA_STYLE ('',( #6928 ) ) ;
#9740 = VERTEX_POINT ( 'NONE', #3528 ) ;
#9741 = LINE ( 'NONE', #1432, #4512 ) ;
#9742 = VERTEX_POINT ( 'NONE', #10041 ) ;
#9743 = FILL_AREA_STYLE_COLOUR ( '', #7050 ) ;
#9744 = LENGTH_MEASURE_WITH_UNIT ( LENGTH_MEASURE( 0.02539999999999999897 ), #475 );
#9745 = DIRECTION ( 'NONE',  ( -0.06844477287005698574, 0.6512085141311785286, -0.7558060493207426900 ) ) ;
#9746 = DIRECTION ( 'NONE',  ( -1.000000000000000000, 1.644517855226007801E-15, 3.349940197328361899E-10 ) ) ;
#9747 = FACE_OUTER_BOUND ( 'NONE', #7785, .T. ) ;
#9748 = CARTESIAN_POINT ( 'NONE',  ( 0.2077620812121374894, 0.03516481420455552093, -0.08789370103680482771 ) ) ;
#9749 = EDGE_CURVE ( 'NONE', #6898, #8891, #4703, .T. ) ;
#9750 = ORIENTED_EDGE ( 'NONE', *, *, #3486, .T. ) ;
#9751 = AXIS2_PLACEMENT_3D ( 'NONE', #7476, #10214, #6436 ) ;
#9752 = DIRECTION ( 'NONE',  ( 1.000000000000000000, -1.644517855226007801E-15, -2.873049712194215800E-12 ) ) ;
#9753 = UNCERTAINTY_MEASURE_WITH_UNIT (LENGTH_MEASURE( 1.000000000000000082E-05 ), #2977, 'distance_accuracy_value', 'NONE');
#9754 = PLANE ( 'NONE',  #8401 ) ;
#9755 = ORIENTED_EDGE ( 'NONE', *, *, #10715, .T. ) ;
#9756 = FACE_OUTER_BOUND ( 'NONE', #208, .T. ) ;
#9757 = MECHANICAL_DESIGN_GEOMETRIC_PRESENTATION_REPRESENTATION (  '', ( #7062 ), #6861 ) ;
#9758 = AXIS2_PLACEMENT_3D ( 'NONE', #8859, #11457, #6125 ) ;
#9759 = VERTEX_POINT ( 'NONE', #10398 ) ;
#9760 = CARTESIAN_POINT ( 'NONE',  ( 0.5166854000888972953, -0.02333479306674194481, -0.2674178861655674422 ) ) ;
#9761 = DIRECTION ( 'NONE',  ( -0.1045284632676950626, 0.9945218953682689600, -8.607386130680116915E-13 ) ) ;
#9762 = ORIENTED_EDGE ( 'NONE', *, *, #1875, .F. ) ;
#9763 = ORIENTED_EDGE ( 'NONE', *, *, #11420, .T. ) ;
#9764 = VECTOR ( 'NONE', #3724, 39.37007874015748143 ) ;
#9765 = FILL_AREA_STYLE ('',( #11678 ) ) ;
#9766 = CARTESIAN_POINT ( 'NONE',  ( 0.1843617094242561150, -0.01798479209465706288, -0.1482266144226316307 ) ) ;
#9767 = EDGE_CURVE ( 'NONE', #4092, #916, #7420, .T. ) ;
#9768 = ORIENTED_EDGE ( 'NONE', *, *, #11617, .T. ) ;
#9769 = CARTESIAN_POINT ( 'NONE',  ( 0.2014422566030121542, -0.02496430041343661657, -0.2398622049738126927 ) ) ;
#9770 = VECTOR ( 'NONE', #3016, 39.37007874015748143 ) ;
#9771 = CARTESIAN_POINT ( 'NONE',  ( 0.4625214697567750499, 0.04500733388959444331, -0.2317725596127886423 ) ) ;
#9772 = AXIS2_PLACEMENT_3D ( 'NONE', #1803, #9190, #4688 ) ;
#9773 = DIRECTION ( 'NONE',  ( -1.000000000000000000, 1.978471117674275325E-15, 7.913884470697103077E-16 ) ) ;
#9774 = AXIS2_PLACEMENT_3D ( 'NONE', #5069, #4162, #11442 ) ;
#9775 = DIMENSIONAL_EXPONENTS ( 1.000000000000000000, 0.0000000000000000000, 0.0000000000000000000, 0.0000000000000000000, 0.0000000000000000000, 0.0000000000000000000, 0.0000000000000000000 ) ;
#9776 = FACE_OUTER_BOUND ( 'NONE', #7401, .T. ) ;
#9777 = VECTOR ( 'NONE', #8324, 39.37007874015748143 ) ;
#9778 = ORIENTED_EDGE ( 'NONE', *, *, #165, .F. ) ;
#9779 = CARTESIAN_POINT ( 'NONE',  ( 0.5092218448041279100, -0.01405121771457885048, -0.2375000002488119599 ) ) ;
#9780 = VECTOR ( 'NONE', #6987, 39.37007874015748143 ) ;
#9781 = AXIS2_PLACEMENT_3D ( 'NONE', #8671, #1182, #1300 ) ;
#9782 = ORIENTED_EDGE ( 'NONE', *, *, #1767, .F. ) ;
#9783 = CARTESIAN_POINT ( 'NONE',  ( 0.5483132623140317685, -0.03570132752772853940, -0.2272637797760491407 ) ) ;
#9784 = ORIENTED_EDGE ( 'NONE', *, *, #8661, .F. ) ;
#9785 = DIRECTION ( 'NONE',  ( -1.748601263784621748E-15, -1.482966057179117483E-32, 1.000000000000000000 ) ) ;
#9786 = VECTOR ( 'NONE', #3899, 39.37007874015748143 ) ;
#9787 = CARTESIAN_POINT ( 'NONE',  ( 0.4561674782086255209, 0.03516481420455507684, -0.2837617719031823027 ) ) ;
#9788 = EDGE_CURVE ( 'NONE', #11981, #10500, #4799, .T. ) ;
#9789 = ORIENTED_EDGE ( 'NONE', *, *, #9026, .T. ) ;
#9790 = VECTOR ( 'NONE', #11028, 39.37007874015748143 ) ;
#9791 = PLANE ( 'NONE',  #3090 ) ;
#9792 = CARTESIAN_POINT ( 'NONE',  ( 0.4679366774458565970, 0.03516481420506866601, -0.3272637797758074507 ) ) ;
#9793 = STYLED_ITEM ( 'NONE', ( #11403 ), #7086 ) ;
#9794 = MECHANICAL_DESIGN_GEOMETRIC_PRESENTATION_REPRESENTATION (  '', ( #3378 ), #1461 ) ;
#9795 = AXIS2_PLACEMENT_3D ( 'NONE', #6959, #7090, #10781 ) ;
#9796 = UNCERTAINTY_MEASURE_WITH_UNIT (LENGTH_MEASURE( 1.000000000000000082E-05 ), #4381, 'distance_accuracy_value', 'NONE');
#9797 = AXIS2_PLACEMENT_3D ( 'NONE', #7905, #4928, #2324 ) ;
#9798 = AXIS2_PLACEMENT_3D ( 'NONE', #1622, #3530, #5300 ) ;
#9799 = ORIENTED_EDGE ( 'NONE', *, *, #9026, .F. ) ;
#9800 = VECTOR ( 'NONE', #1542, 39.37007874015748143 ) ;
#9801 = ORIENTED_EDGE ( 'NONE', *, *, #8341, .T. ) ;
#9802 = CARTESIAN_POINT ( 'NONE',  ( 0.3140612938105268315, 0.1020939480628584861, -0.1821850396188913479 ) ) ;
#9803 =( GEOMETRIC_REPRESENTATION_CONTEXT ( 3 ) GLOBAL_UNCERTAINTY_ASSIGNED_CONTEXT ( ( #2463 ) ) GLOBAL_UNIT_ASSIGNED_CONTEXT ( ( #5430, #10878, #9017 ) ) REPRESENTATION_CONTEXT ( 'NONE', 'WORKASPACE' ) );
#9804 = AXIS2_PLACEMENT_3D ( 'NONE', #10881, #11982, #2646 ) ;
#9805 =( CONVERSION_BASED_UNIT ( 'INCH', #11535 ) LENGTH_UNIT ( ) NAMED_UNIT ( #11029 ) );
#9806 = CARTESIAN_POINT ( 'NONE',  ( 0.4991006638888346725, 0.04500733388959440168, -0.1272637797764543666 ) ) ;
#9807 = EDGE_CURVE ( 'NONE', #398, #11671, #2084, .T. ) ;
#9808 =( NAMED_UNIT ( * ) SI_UNIT ( $, .STERADIAN. ) SOLID_ANGLE_UNIT ( ) );
#9809 = VECTOR ( 'NONE', #4503, 39.37007874015748143 ) ;
#9810 = CARTESIAN_POINT ( 'NONE',  ( 0.2506952668935074624, 0.03516481420455542378, -0.2778562600915291947 ) ) ;
#9811 = AXIS2_PLACEMENT_3D ( 'NONE', #4399, #973, #799 ) ;
#9812 = EDGE_LOOP ( 'NONE', ( #8207, #3140, #6158, #7458 ) ) ;
#9813 = LINE ( 'NONE', #419, #3004 ) ;
#9814 = ORIENTED_EDGE ( 'NONE', *, *, #10774, .F. ) ;
#9815 = EDGE_CURVE ( 'NONE', #6242, #487, #9432, .T. ) ;
#9816 = CARTESIAN_POINT ( 'NONE',  ( 0.2372226159726807115, 0.03516481420455544460, -0.2878937010362142002 ) ) ;
#9817 = DIRECTION ( 'NONE',  ( -0.09052430461248955895, 0.8612812260087768790, 0.4999999999992434385 ) ) ;
#9818 = CARTESIAN_POINT ( 'NONE',  ( 0.2443412753441373819, 0.03516481420455543072, -0.2833849212018047514 ) ) ;
#9819 = SURFACE_STYLE_FILL_AREA ( #6264 ) ;
#9820 = CARTESIAN_POINT ( 'NONE',  ( 0.1897414014858934961, -0.02373449098435563565, -0.1674212600919229299 ) ) ;
#9821 = CARTESIAN_POINT ( 'NONE',  ( 0.1585494827869409762, -0.02585880784268851026, -0.1674212600919230409 ) ) ;
#9822 = ORIENTED_EDGE ( 'NONE', *, *, #8076, .F. ) ;
#9823 = DIRECTION ( 'NONE',  ( -0.2761728443425008894, 0.9205744915801069572, 0.2761723474568014147 ) ) ;
#9824 = CARTESIAN_POINT ( 'NONE',  ( 0.2148518768365315357, 0.04500733388959486658, -0.1272637797769622658 ) ) ;
#9825 = EDGE_LOOP ( 'NONE', ( #4088, #2916, #10099, #5764, #1155, #11218 ) ) ;
#9826 = CARTESIAN_POINT ( 'NONE',  ( 0.4696401291287825575, 0.03516481420455507684, -0.1272637797769618495 ) ) ;
#9827 = ADVANCED_FACE ( 'NONE', ( #8616 ), #5780, .F. ) ;
#9828 = EDGE_CURVE ( 'NONE', #10843, #4100, #7591, .T. ) ;
#9829 = ORIENTED_EDGE ( 'NONE', *, *, #974, .T. ) ;
#9830 = CARTESIAN_POINT ( 'NONE',  ( 0.1913399854045313708, -0.02169457574273151584, -0.2474489496873419070 ) ) ;
#9831 = CARTESIAN_POINT ( 'NONE',  ( 0.2490536793001599802, 0.001406169398807438544, -0.3171361863340748100 ) ) ;
#9832 = VERTEX_POINT ( 'NONE', #10452 ) ;
#9833 = DIRECTION ( 'NONE',  ( 2.272092236576761367E-12, -1.000000000000000000, 7.155165349104004500E-12 ) ) ;
#9834 = SURFACE_SIDE_STYLE ('',( #2347 ) ) ;
#9835 = ORIENTED_EDGE ( 'NONE', *, *, #4105, .F. ) ;
#9836 =( NAMED_UNIT ( * ) PLANE_ANGLE_UNIT ( ) SI_UNIT ( $, .RADIAN. ) );
#9837 = CARTESIAN_POINT ( 'NONE',  ( 0.4920108682644405151, 0.04500733388959443637, -0.02726377977651272058 ) ) ;
#9838 = SURFACE_STYLE_FILL_AREA ( #8903 ) ;
#9839 = VECTOR ( 'NONE', #5729, 39.37007874015748143 ) ;
#9840 = PLANE ( 'NONE',  #10517 ) ;
#9841 = VERTEX_POINT ( 'NONE', #8550 ) ;
#9842 = CARTESIAN_POINT ( 'NONE',  ( 0.5147244003127863232, -0.01932396423582117412, -0.1688944472908094074 ) ) ;
#9843 = EDGE_CURVE ( 'NONE', #2821, #10105, #277, .T. ) ;
#9844 = EDGE_LOOP ( 'NONE', ( #2857, #4188, #2002, #11896 ) ) ;
#9845 = ORIENTED_EDGE ( 'NONE', *, *, #6444, .T. ) ;
#9846 =( NAMED_UNIT ( * ) SI_UNIT ( $, .STERADIAN. ) SOLID_ANGLE_UNIT ( ) );
#9847 = EDGE_CURVE ( 'NONE', #3130, #10255, #5101, .T. ) ;
#9848 = DIRECTION ( 'NONE',  ( -1.000000000000000000, 1.626303258728259609E-15, 0.0000000000000000000 ) ) ;
#9849 = DIRECTION ( 'NONE',  ( -1.644517855226008195E-15, -1.000000000000000000, -6.123233995736766036E-17 ) ) ;
#9850 = CARTESIAN_POINT ( 'NONE',  ( 0.3928014512908299949, 0.1021333181416024388, -0.1329724411934976036 ) ) ;
#9851 = VECTOR ( 'NONE', #11342, 39.37007874015748143 ) ;
#9852 = ORIENTED_EDGE ( 'NONE', *, *, #3527, .F. ) ;
#9853 = CARTESIAN_POINT ( 'NONE',  ( 0.2514430687598452341, 0.03516481420455545848, -0.08376177190259220806 ) ) ;
#9854 = VECTOR ( 'NONE', #6180, 39.37007874015748143 ) ;
#9855 = CARTESIAN_POINT ( 'NONE',  ( 0.2313841284562318801, 0.03516481420455548623, -0.02726377977696224642 ) ) ;
#9856 = AXIS2_PLACEMENT_3D ( 'NONE', #4741, #5770, #6730 ) ;
#9857 = VERTEX_POINT ( 'NONE', #9606 ) ;
#9858 = EDGE_CURVE ( 'NONE', #3410, #593, #9361, .T. ) ;
#9859 = DIMENSIONAL_EXPONENTS ( 1.000000000000000000, 0.0000000000000000000, 0.0000000000000000000, 0.0000000000000000000, 0.0000000000000000000, 0.0000000000000000000, 0.0000000000000000000 ) ;
#9860 = ORIENTED_EDGE ( 'NONE', *, *, #9692, .T. ) ;
#9861 = CARTESIAN_POINT ( 'NONE',  ( 0.4754786166453176532, 0.04500733388959445719, -0.08789370103648942723 ) ) ;
#9862 = LENGTH_MEASURE_WITH_UNIT ( LENGTH_MEASURE( 0.02539999999999999897 ), #1796 );
#9863 = FILL_AREA_STYLE_COLOUR ( '', #8849 ) ;
#9864 = PRESENTATION_LAYER_ASSIGNMENT (  '', '', ( #2688 ) ) ;
#9865 = LINE ( 'NONE', #2264, #295 ) ;
#9866 = ORIENTED_EDGE ( 'NONE', *, *, #1035, .F. ) ;
#9867 = EDGE_CURVE ( 'NONE', #10756, #7337, #471, .T. ) ;
#9868 = CARTESIAN_POINT ( 'NONE',  ( 0.4754786166452386609, 0.03769413415677508317, -0.3244362336955050052 ) ) ;
#9869 = EDGE_CURVE ( 'NONE', #6050, #2165, #4377, .T. ) ;
#9870 = PRESENTATION_LAYER_ASSIGNMENT (  '', '', ( #8882 ) ) ;
#9871 = ORIENTED_EDGE ( 'NONE', *, *, #10524, .F. ) ;
#9872 =( NAMED_UNIT ( * ) PLANE_ANGLE_UNIT ( ) SI_UNIT ( $, .RADIAN. ) );
#9873 = DIRECTION ( 'NONE',  ( 0.9947848906855175644, -0.1019952021607034437, 1.739482117046542862E-15 ) ) ;
#9874 = DIRECTION ( 'NONE',  ( 1.644517855226007801E-15, 1.000000000000000000, 2.890435660536363919E-30 ) ) ;
#9875 = CARTESIAN_POINT ( 'NONE',  ( 0.2514430687594522706, 0.03516481420455542378, -0.2373012207214504066 ) ) ;
#9876 = LINE ( 'NONE', #2274, #3955 ) ;
#9877 = CARTESIAN_POINT ( 'NONE',  ( 0.4578091021359867452, 0.003668751212429131620, -0.005563233721056288356 ) ) ;
#9878 = LINE ( 'NONE', #9821, #7150 ) ;
#9879 = VERTEX_POINT ( 'NONE', #7953 ) ;
#9880 = VECTOR ( 'NONE', #9689, 39.37007874015748143 ) ;
#9881 = UNCERTAINTY_MEASURE_WITH_UNIT (LENGTH_MEASURE( 1.000000000000000082E-05 ), #10522, 'distance_accuracy_value', 'NONE');
#9882 = EDGE_CURVE ( 'NONE', #10105, #7169, #1420, .T. ) ;
#9883 = FACE_OUTER_BOUND ( 'NONE', #10901, .T. ) ;
#9884 = ORIENTED_EDGE ( 'NONE', *, *, #2825, .F. ) ;
#9885 =( NAMED_UNIT ( * ) SI_UNIT ( $, .STERADIAN. ) SOLID_ANGLE_UNIT ( ) );
#9886 = ORIENTED_EDGE ( 'NONE', *, *, #7930, .F. ) ;
#9887 = VECTOR ( 'NONE', #8826, 39.37007874015748143 ) ;
#9888 = DIRECTION ( 'NONE',  ( 1.644517855226008195E-15, 1.000000000000000000, 2.890435660536364269E-30 ) ) ;
#9889 = DIRECTION ( 'NONE',  ( 8.234490263801784106E-12, -1.353889066150678860E-26, -1.000000000000000000 ) ) ;
#9890 = DIRECTION ( 'NONE',  ( 1.644517855226008195E-15, 1.000000000000000000, 2.890435660536364269E-30 ) ) ;
#9891 = LINE ( 'NONE', #804, #4435 ) ;
#9892 = EDGE_CURVE ( 'NONE', #4768, #10246, #6977, .T. ) ;
#9893 = DIRECTION ( 'NONE',  ( 1.644517855226008195E-15, 1.000000000000000000, 2.890435660536364269E-30 ) ) ;
#9894 = ORIENTED_EDGE ( 'NONE', *, *, #1690, .F. ) ;
#9895 = FILL_AREA_STYLE ('',( #6107 ) ) ;
#9896 = LINE ( 'NONE', #10780, #8146 ) ;
#9897 = LINE ( 'NONE', #6528, #6276 ) ;
#9899 = ADVANCED_FACE ( 'NONE', ( #11711 ), #9915, .T. ) ;
#9898 = MECHANICAL_DESIGN_GEOMETRIC_PRESENTATION_REPRESENTATION (  '', ( #2521 ), #7936 ) ;
#9900 = UNCERTAINTY_MEASURE_WITH_UNIT (LENGTH_MEASURE( 1.000000000000000082E-05 ), #1061, 'distance_accuracy_value', 'NONE');
#9901 = AXIS2_PLACEMENT_3D ( 'NONE', #8815, #10505, #8864 ) ;
#9902 = VERTEX_POINT ( 'NONE', #10616 ) ;
#9903 = SURFACE_SIDE_STYLE ('',( #4164 ) ) ;
#9904 = ORIENTED_EDGE ( 'NONE', *, *, #5010, .T. ) ;
#9905 = ORIENTED_EDGE ( 'NONE', *, *, #1068, .T. ) ;
#9906 =( GEOMETRIC_REPRESENTATION_CONTEXT ( 3 ) GLOBAL_UNCERTAINTY_ASSIGNED_CONTEXT ( ( #10002 ) ) GLOBAL_UNIT_ASSIGNED_CONTEXT ( ( #7933, #8173, #2541 ) ) REPRESENTATION_CONTEXT ( 'NONE', 'WORKASPACE' ) );
#9907 = PRESENTATION_STYLE_ASSIGNMENT (( #8181 ) ) ;
#9908 = VECTOR ( 'NONE', #10981, 39.37007874015748854 ) ;
#9909 = SURFACE_STYLE_FILL_AREA ( #2435 ) ;
#9910 = ORIENTED_EDGE ( 'NONE', *, *, #9936, .F. ) ;
#9911 = FILL_AREA_STYLE ('',( #1353 ) ) ;
#9912 = CARTESIAN_POINT ( 'NONE',  ( 0.2372226159752003904, 0.03516481420455544460, -0.2878937010362536131 ) ) ;
#9913 = EDGE_CURVE ( 'NONE', #3214, #250, #533, .T. ) ;
#9914 = UNCERTAINTY_MEASURE_WITH_UNIT (LENGTH_MEASURE( 1.000000000000000082E-05 ), #2830, 'distance_accuracy_value', 'NONE');
#9915 = CYLINDRICAL_SURFACE ( 'NONE', #9758, 0.007874015748031492484 ) ;
#9916 = VECTOR ( 'NONE', #3476, 39.37007874015748143 ) ;
#9917 = ADVANCED_FACE ( 'NONE', ( #8988 ), #8733, .F. ) ;
#9918 = PRESENTATION_LAYER_ASSIGNMENT (  '', '', ( #11058 ) ) ;
#9919 = EDGE_LOOP ( 'NONE', ( #10173, #10502, #205, #4519, #5641, #7943, #11096, #10321 ) ) ;
#9920 = ORIENTED_EDGE ( 'NONE', *, *, #1969, .T. ) ;
#9921 = DIRECTION ( 'NONE',  ( -1.000000000000000000, 1.644517855226007801E-15, -8.234490263801784106E-12 ) ) ;
#9922 = CARTESIAN_POINT ( 'NONE',  ( 0.2443412753456719322, 0.04500733388959483189, -0.03177255961475747292 ) ) ;
#9923 = DIRECTION ( 'NONE',  ( -1.748601263784622143E-15, 0.0000000000000000000, 1.000000000000000000 ) ) ;
#9924 = VECTOR ( 'NONE', #3628, 39.37007874015748143 ) ;
#9925 = SURFACE_SIDE_STYLE ('',( #6195 ) ) ;
#9926 = EDGE_CURVE ( 'NONE', #8820, #2042, #8386, .T. ) ;
#9927 = EDGE_CURVE ( 'NONE', #1228, #7920, #9666, .T. ) ;
#9928 = DIRECTION ( 'NONE',  ( -1.748601263784622143E-15, 0.0000000000000000000, 1.000000000000000000 ) ) ;
#9929 = ORIENTED_EDGE ( 'NONE', *, *, #9160, .T. ) ;
#9930 = CARTESIAN_POINT ( 'NONE',  ( 0.5047076986982570457, -0.01818255847635048827, -0.2713582679653845364 ) ) ;
#9931 = CARTESIAN_POINT ( 'NONE',  ( 0.1910439396546640689, -0.02214987590510567733, -0.06760964749126260886 ) ) ;
#9932 = CARTESIAN_POINT ( 'NONE',  ( 0.4254818849634283695, 0.1217789874329370248, -0.1319881892249934463 ) ) ;
#9933 = DIRECTION ( 'NONE',  ( 0.0000000000000000000, 1.000000000000000000, 0.0000000000000000000 ) ) ;
#9934 = CARTESIAN_POINT ( 'NONE',  ( 5.713691410780810879E-16, 0.1020939480628628993, -0.1000000000000000056 ) ) ;
#9935 = DIRECTION ( 'NONE',  ( 0.05226423162670060241, -0.4972609476841257092, 0.8660254037848750253 ) ) ;
#9936 = EDGE_CURVE ( 'NONE', #1467, #7850, #6185, .T. ) ;
#9937 = ORIENTED_EDGE ( 'NONE', *, *, #4217, .T. ) ;
#9938 = DIRECTION ( 'NONE',  ( -1.734723475977064066E-15, 6.123233995737051998E-17, -1.000000000000000000 ) ) ;
#9939 = DIRECTION ( 'NONE',  ( 1.644517855226008195E-15, 1.000000000000000000, 2.890435660536364269E-30 ) ) ;
#9940 = ORIENTED_EDGE ( 'NONE', *, *, #7305, .F. ) ;
#9941 = LINE ( 'NONE', #7138, #5720 ) ;
#9942 = CIRCLE ( 'NONE', #2956, 0.007874015748031495954 ) ;
#9943 = FACE_OUTER_BOUND ( 'NONE', #757, .T. ) ;
#9944 = FILL_AREA_STYLE ('',( #2537 ) ) ;
#9945 = LINE ( 'NONE', #685, #8383 ) ;
#9946 = ADVANCED_FACE ( 'NONE', ( #461 ), #3220, .T. ) ;
#9947 = ORIENTED_EDGE ( 'NONE', *, *, #6130, .T. ) ;
#9948 = CARTESIAN_POINT ( 'NONE',  ( 0.4696401291287821134, 0.03516481420455509765, -0.03513779552499328440 ) ) ;
#9949 = FILL_AREA_STYLE_COLOUR ( '', #7056 ) ;
#9950 = VECTOR ( 'NONE', #11563, 39.37007874015748143 ) ;
#9951 = DIRECTION ( 'NONE',  ( -0.9945218953682686269, 0.1045284632676983516, -1.739022243102431967E-15 ) ) ;
#9952 = PRESENTATION_LAYER_ASSIGNMENT (  '', '', ( #2379 ) ) ;
#9953 = ADVANCED_FACE ( 'NONE', ( #4554 ), #9111, .F. ) ;
#9954 = ORIENTED_EDGE ( 'NONE', *, *, #5433, .F. ) ;
#9955 = DIRECTION ( 'NONE',  ( -2.431700674155225860E-12, -1.000000000000000000, -4.252089701634316427E-27 ) ) ;
#9956 = VERTEX_POINT ( 'NONE', #821 ) ;
#9957 = EDGE_LOOP ( 'NONE', ( #11100, #3529, #3494, #11985, #81, #9258 ) ) ;
#9958 = PRESENTATION_LAYER_ASSIGNMENT (  '', '', ( #8989 ) ) ;
#9959 = EDGE_CURVE ( 'NONE', #10659, #6828, #1000, .T. ) ;
#9960 = LENGTH_MEASURE_WITH_UNIT ( LENGTH_MEASURE( 0.02539999999999999897 ), #8978 );
#9961 =( CONVERSION_BASED_UNIT ( 'INCH', #1838 ) LENGTH_UNIT ( ) NAMED_UNIT ( #2209 ) );
#9962 = LINE ( 'NONE', #6120, #2049 ) ;
#9963 = AXIS2_PLACEMENT_3D ( 'NONE', #11023, #10900, #9226 ) ;
#9964 = EDGE_LOOP ( 'NONE', ( #10374, #10676, #11349, #11195 ) ) ;
#9965 = CARTESIAN_POINT ( 'NONE',  ( 0.2313841284562201672, 0.04240669873959744540, -0.3272637797758057854 ) ) ;
#9966 = VECTOR ( 'NONE', #10548, 39.37007874015748143 ) ;
#9967 = LINE ( 'NONE', #7163, #11122 ) ;
#9968 = CIRCLE ( 'NONE', #97, 0.007874015748031516770 ) ;
#9969 = STYLED_ITEM ( 'NONE', ( #3581 ), #4367 ) ;
#9970 = ORIENTED_EDGE ( 'NONE', *, *, #4872, .F. ) ;
#9971 = AXIS2_PLACEMENT_3D ( 'NONE', #11244, #3723, #6627 ) ;
#9972 = AXIS2_PLACEMENT_3D ( 'NONE', #10842, #9951, #1655 ) ;
#9973 = EDGE_LOOP ( 'NONE', ( #6502, #3505, #6489, #11712, #5286, #212 ) ) ;
#9974 = CARTESIAN_POINT ( 'NONE',  ( 0.2514430687601995618, 0.03516481420455545848, -0.07785626009152914195 ) ) ;
#9975 = EDGE_CURVE ( 'NONE', #5342, #6946, #4426, .T. ) ;
#9976 = STYLED_ITEM ( 'NONE', ( #10679 ), #8160 ) ;
#9977 = VECTOR ( 'NONE', #10920, 39.37007874015748143 ) ;
#9978 = CARTESIAN_POINT ( 'NONE',  ( 0.4578091021359867452, 0.003668751212429131620, -0.3095942470915555300 ) ) ;
#9979 = FACE_OUTER_BOUND ( 'NONE', #4573, .T. ) ;
#9980 = SURFACE_STYLE_USAGE ( .BOTH. , #6247 ) ;
#9981 = AXIS2_PLACEMENT_3D ( 'NONE', #6901, #513, #7694 ) ;
#9982 =( NAMED_UNIT ( * ) PLANE_ANGLE_UNIT ( ) SI_UNIT ( $, .RADIAN. ) );
#9983 = CIRCLE ( 'NONE', #9797, 0.005905511811027570196 ) ;
#9984 = VECTOR ( 'NONE', #6382, 39.37007874015748143 ) ;
#9985 = CARTESIAN_POINT ( 'NONE',  ( 0.2342116740154053245, 0.03769412902946407684, 0.01210629896319520560 ) ) ;
#9986 = LINE ( 'NONE', #1688, #2781 ) ;
#9987 = EDGE_LOOP ( 'NONE', ( #7265, #7059, #11080, #1290, #5791, #10827 ) ) ;
#9988 = VECTOR ( 'NONE', #35, 39.37007874015748143 ) ;
#9989 = CARTESIAN_POINT ( 'NONE',  ( 0.2313841284562629386, 0.04500733388959484577, -0.1878937010362536630 ) ) ;
#9990 =( GEOMETRIC_REPRESENTATION_CONTEXT ( 3 ) GLOBAL_UNCERTAINTY_ASSIGNED_CONTEXT ( ( #4990 ) ) GLOBAL_UNIT_ASSIGNED_CONTEXT ( ( #8257, #2853, #10201 ) ) REPRESENTATION_CONTEXT ( 'NONE', 'WORKASPACE' ) );
#9991 = CARTESIAN_POINT ( 'NONE',  ( 0.3928014512908299394, 0.1021333181416024388, -0.1821850396188912091 ) ) ;
#9992 = CARTESIAN_POINT ( 'NONE',  ( 0.4920108682649405041, 0.02729079845652353231, -0.2878937010363552540 ) ) ;
#9993 = EDGE_CURVE ( 'NONE', #2766, #3801, #2559, .T. ) ;
#9994 = CARTESIAN_POINT ( 'NONE',  ( 0.4754786166452386609, 0.03516481427301545309, 0.006644639984626414184 ) ) ;
#9995 = LINE ( 'NONE', #7123, #32 ) ;
#9996 = CYLINDRICAL_SURFACE ( 'NONE', #5160, 0.007874015748031495954 ) ;
#9997 = LINE ( 'NONE', #738, #8612 ) ;
#9998 = DIRECTION ( 'NONE',  ( 1.000000000000000000, -1.734723475977064460E-15, -1.734723475977064460E-15 ) ) ;
#9999 = DIRECTION ( 'NONE',  ( -1.748601263784622143E-15, 0.0000000000000000000, 1.000000000000000000 ) ) ;
#10000 = VERTEX_POINT ( 'NONE', #8190 ) ;
#10001 =( GEOMETRIC_REPRESENTATION_CONTEXT ( 3 ) GLOBAL_UNCERTAINTY_ASSIGNED_CONTEXT ( ( #9881 ) ) GLOBAL_UNIT_ASSIGNED_CONTEXT ( ( #10522, #2059, #2160 ) ) REPRESENTATION_CONTEXT ( 'NONE', 'WORKASPACE' ) );
#10002 = UNCERTAINTY_MEASURE_WITH_UNIT (LENGTH_MEASURE( 1.000000000000000082E-05 ), #7933, 'distance_accuracy_value', 'NONE');
#10003 = SURFACE_STYLE_USAGE ( .BOTH. , #7313 ) ;
#10004 = ORIENTED_EDGE ( 'NONE', *, *, #999, .F. ) ;
#10005 = DIRECTION ( 'NONE',  ( -5.673991369337018740E-10, 0.0000000000000000000, 1.000000000000000000 ) ) ;
#10006 = ADVANCED_FACE ( 'NONE', ( #7223 ), #4616, .F. ) ;
#10007 = SURFACE_STYLE_FILL_AREA ( #9028 ) ;
#10008 = DIRECTION ( 'NONE',  ( 1.000000000000000000, -1.644517855226007801E-15, 1.748601263784622143E-15 ) ) ;
#10009 = ORIENTED_EDGE ( 'NONE', *, *, #3833, .T. ) ;
#10010 = CARTESIAN_POINT ( 'NONE',  ( 0.2148518768365319520, 0.04500733388959485270, -0.2272637797769622714 ) ) ;
#10011 = CARTESIAN_POINT ( 'NONE',  ( 0.1585494827869409762, -0.03570132752772788715, -0.1878937010368049165 ) ) ;
#10012 = CARTESIAN_POINT ( 'NONE',  ( 0.5171906553894763947, -0.02376973408140408903, -0.2477362080802064381 ) ) ;
#10013 = ORIENTED_EDGE ( 'NONE', *, *, #7336, .T. ) ;
#10014 = PLANE ( 'NONE',  #5674 ) ;
#10015 = PLANE ( 'NONE',  #11048 ) ;
#10016 = UNCERTAINTY_MEASURE_WITH_UNIT (LENGTH_MEASURE( 1.000000000000000082E-05 ), #226, 'distance_accuracy_value', 'NONE');
#10017 = CARTESIAN_POINT ( 'NONE',  ( 0.3496518449916169446, 0.1434325307400277361, -0.07915354355589923618 ) ) ;
#10018 = VERTEX_POINT ( 'NONE', #10857 ) ;
#10019 = SURFACE_STYLE_FILL_AREA ( #3684 ) ;
#10020 = ADVANCED_FACE ( 'NONE', ( #10203 ), #5354, .F. ) ;
#10021 = ORIENTED_EDGE ( 'NONE', *, *, #1690, .T. ) ;
#10022 = SURFACE_STYLE_USAGE ( .BOTH. , #812 ) ;
#10023 = VERTEX_POINT ( 'NONE', #6597 ) ;
#10024 = CARTESIAN_POINT ( 'NONE',  ( 0.3140612938105272200, 0.1020939480628584722, -0.2821850396188913535 ) ) ;
#10025 = CARTESIAN_POINT ( 'NONE',  ( 0.5044156245189410637, 0.04500733388959440862, -0.8792322837135758684 ) ) ;
#10026 = DIRECTION ( 'NONE',  ( -1.644517855226008392E-15, -1.000000000000000000, 0.0000000000000000000 ) ) ;
#10027 = ORIENTED_EDGE ( 'NONE', *, *, #6248, .T. ) ;
#10028 = LENGTH_MEASURE_WITH_UNIT ( LENGTH_MEASURE( 0.02539999999999999897 ), #82 );
#10029 = LINE ( 'NONE', #2555, #7945 ) ;
#10030 = DIRECTION ( 'NONE',  ( -1.000000000000000000, 1.644517855226007801E-15, -1.778650912156784690E-12 ) ) ;
#10031 = ORIENTED_EDGE ( 'NONE', *, *, #4420, .T. ) ;
#10032 = VERTEX_POINT ( 'NONE', #5762 ) ;
#10033 = LENGTH_MEASURE_WITH_UNIT ( LENGTH_MEASURE( 0.02539999999999999897 ), #2745 );
#10034 = PLANE ( 'NONE',  #6273 ) ;
#10035 =( NAMED_UNIT ( * ) SI_UNIT ( $, .STERADIAN. ) SOLID_ANGLE_UNIT ( ) );
#10036 = PLANE ( 'NONE',  #5168 ) ;
#10037 = AXIS2_PLACEMENT_3D ( 'NONE', #11903, #7357, #11046 ) ;
#10038 = CARTESIAN_POINT ( 'NONE',  ( 0.2389260676734684674, 0.03516481420629898741, 0.01210629896319520213 ) ) ;
#10039 = PRESENTATION_LAYER_ASSIGNMENT (  '', '', ( #11567 ) ) ;
#10040 = EDGE_CURVE ( 'NONE', #3965, #805, #9531, .T. ) ;
#10041 = CARTESIAN_POINT ( 'NONE',  ( 0.2514430687594518266, 0.03516481420455543766, -0.1373012207214504010 ) ) ;
#10042 = VERTEX_POINT ( 'NONE', #11215 ) ;
#10043 = CARTESIAN_POINT ( 'NONE',  ( 0.2014422566030113215, -0.02496430041343658535, -0.03986220497381267464 ) ) ;
#10044 = DIRECTION ( 'NONE',  ( 8.234490263801784106E-12, -1.353889066150678860E-26, -1.000000000000000000 ) ) ;
#10045 = EDGE_LOOP ( 'NONE', ( #5074, #2762, #1642, #582 ) ) ;
#10046 =( NAMED_UNIT ( * ) SI_UNIT ( $, .STERADIAN. ) SOLID_ANGLE_UNIT ( ) );
#10047 = CIRCLE ( 'NONE', #8473, 0.007874015748031501158 ) ;
#10048 =( NAMED_UNIT ( * ) SI_UNIT ( $, .STERADIAN. ) SOLID_ANGLE_UNIT ( ) );
#10049 = SURFACE_SIDE_STYLE ('',( #9819 ) ) ;
#10050 = SURFACE_STYLE_USAGE ( .BOTH. , #2644 ) ;
#10051 =( CONVERSION_BASED_UNIT ( 'INCH', #6997 ) LENGTH_UNIT ( ) NAMED_UNIT ( #5431 ) );
#10052 = EDGE_LOOP ( 'NONE', ( #8523, #7384, #3752, #987, #9884, #6161, #10193, #6543, #9732, #8662, #11101, #10071, #6390, #6907 ) ) ;
#10053 = EDGE_CURVE ( 'NONE', #10663, #11260, #11385, .T. ) ;
#10054 =( GEOMETRIC_REPRESENTATION_CONTEXT ( 3 ) GLOBAL_UNCERTAINTY_ASSIGNED_CONTEXT ( ( #9278 ) ) GLOBAL_UNIT_ASSIGNED_CONTEXT ( ( #8310, #6651, #10425 ) ) REPRESENTATION_CONTEXT ( 'NONE', 'WORKASPACE' ) );
#10055 = ORIENTED_EDGE ( 'NONE', *, *, #9993, .T. ) ;
#10056 = CARTESIAN_POINT ( 'NONE',  ( 0.5061831144100227275, -0.02488414520016219919, -0.2674212600913566940 ) ) ;
#10057 = CARTESIAN_POINT ( 'NONE',  ( 0.5061831144098573043, -0.02488414520015543724, -0.1477362207212779832 ) ) ;
#10058 = PRESENTATION_STYLE_ASSIGNMENT (( #3493 ) ) ;
#10059 = ORIENTED_EDGE ( 'NONE', *, *, #7032, .T. ) ;
#10060 = CARTESIAN_POINT ( 'NONE',  ( 0.1933643507908069936, -0.007659296307098001876, -0.1272637797769623214 ) ) ;
#10061 = DIRECTION ( 'NONE',  ( 1.644517855226008195E-15, 1.000000000000000000, 2.890435660536364269E-30 ) ) ;
#10062 = ORIENTED_EDGE ( 'NONE', *, *, #9668, .T. ) ;
#10063 = CARTESIAN_POINT ( 'NONE',  ( 0.2313841284562326850, 0.03516481420455545848, -0.2272637797769622714 ) ) ;
#10064 = DIRECTION ( 'NONE',  ( -1.748601263784621748E-15, 0.0000000000000000000, 1.000000000000000000 ) ) ;
#10065 = VECTOR ( 'NONE', #5135, 39.37007874015748143 ) ;
#10066 = DIRECTION ( 'NONE',  ( 0.4273849607902093228, -7.028421990745689274E-16, 0.9040697402802237992 ) ) ;
#10067 = EDGE_CURVE ( 'NONE', #6301, #10663, #1111, .T. ) ;
#10068 = DIRECTION ( 'NONE',  ( 1.644517855226008195E-15, 1.000000000000000000, 2.890435660536364269E-30 ) ) ;
#10069 = LINE ( 'NONE', #7394, #1252 ) ;
#10070 = STYLED_ITEM ( 'NONE', ( #10766 ), #951 ) ;
#10071 = ORIENTED_EDGE ( 'NONE', *, *, #780, .T. ) ;
#10072 = VERTEX_POINT ( 'NONE', #2856 ) ;
#10073 = SURFACE_STYLE_FILL_AREA ( #8307 ) ;
#10074 = VERTEX_POINT ( 'NONE', #2176 ) ;
#10075 = CARTESIAN_POINT ( 'NONE',  ( 0.4696401291287821134, 0.03516481420455509765, -0.03513779552499328440 ) ) ;
#10076 = ORIENTED_EDGE ( 'NONE', *, *, #6322, .T. ) ;
#10077 = LINE ( 'NONE', #5465, #5628 ) ;
#10078 = DIRECTION ( 'NONE',  ( 1.000000000000000000, -1.644517855226007801E-15, 1.748601263784621748E-15 ) ) ;
#10079 = VECTOR ( 'NONE', #914, 39.37007874015748143 ) ;
#10080 = EDGE_CURVE ( 'NONE', #11335, #10195, #4308, .T. ) ;
#10081 = VERTEX_POINT ( 'NONE', #6721 ) ;
#10082 = DIMENSIONAL_EXPONENTS ( 1.000000000000000000, 0.0000000000000000000, 0.0000000000000000000, 0.0000000000000000000, 0.0000000000000000000, 0.0000000000000000000, 0.0000000000000000000 ) ;
#10083 = STYLED_ITEM ( 'NONE', ( #5722 ), #2484 ) ;
#10084 = ORIENTED_EDGE ( 'NONE', *, *, #7787, .F. ) ;
#10085 = COLOUR_RGB ( '',0.7607843137254901578, 0.7607843137254901578, 0.0000000000000000000 ) ;
#10086 = EDGE_LOOP ( 'NONE', ( #6337, #5059, #4605, #1103, #5463, #1716 ) ) ;
#10087 = DIRECTION ( 'NONE',  ( 1.000000000000000000, -1.644517855226007801E-15, 1.748601263784622143E-15 ) ) ;
#10088 = CARTESIAN_POINT ( 'NONE',  ( 0.2506952668928376649, 0.03516481420455543766, -0.1313957089104267617 ) ) ;
#10089 =( NAMED_UNIT ( * ) SI_UNIT ( $, .STERADIAN. ) SOLID_ANGLE_UNIT ( ) );
#10090 = CARTESIAN_POINT ( 'NONE',  ( 0.3928014512908302724, 0.1060309559368543958, -0.2327755907997966223 ) ) ;
#10091 = ADVANCED_FACE ( 'NONE', ( #2915 ), #10320, .F. ) ;
#10092 = VECTOR ( 'NONE', #4484, 39.37007874015748143 ) ;
#10093 = VECTOR ( 'NONE', #95, 39.37007874015748854 ) ;
#10094 = CARTESIAN_POINT ( 'NONE',  ( 0.2506952668935070183, 0.03516481420455543766, -0.1778562600915291614 ) ) ;
#10095 = ORIENTED_EDGE ( 'NONE', *, *, #5777, .F. ) ;
#10096 = DIRECTION ( 'NONE',  ( -5.450240952997729302E-10, 0.0000000000000000000, -1.000000000000000000 ) ) ;
#10097 = DIRECTION ( 'NONE',  ( 0.9945218953682690710, 0.1045284632676950765, 8.189380864547705479E-12 ) ) ;
#10098 = VECTOR ( 'NONE', #8092, 39.37007874015748854 ) ;
#10099 = ORIENTED_EDGE ( 'NONE', *, *, #11149, .T. ) ;
#10100 = PLANE ( 'NONE',  #6645 ) ;
#10101 = FACE_OUTER_BOUND ( 'NONE', #3233, .T. ) ;
#10102 = LENGTH_MEASURE_WITH_UNIT ( LENGTH_MEASURE( 0.02539999999999999897 ), #3602 );
#10103 = EDGE_CURVE ( 'NONE', #11532, #7433, #10385, .T. ) ;
#10104 = FACE_OUTER_BOUND ( 'NONE', #4546, .T. ) ;
#10105 = VERTEX_POINT ( 'NONE', #1224 ) ;
#10106 = FILL_AREA_STYLE ('',( #2583 ) ) ;
#10107 = CIRCLE ( 'NONE', #4475, 0.01771653543307087283 ) ;
#10108 = UNCERTAINTY_MEASURE_WITH_UNIT (LENGTH_MEASURE( 1.000000000000000082E-05 ), #10259, 'distance_accuracy_value', 'NONE');
#10109 = CARTESIAN_POINT ( 'NONE',  ( 0.2070209957706377335, 0.02811385722240985000, -0.02726377977696231580 ) ) ;
#10110 = DIMENSIONAL_EXPONENTS ( 1.000000000000000000, 0.0000000000000000000, 0.0000000000000000000, 0.0000000000000000000, 0.0000000000000000000, 0.0000000000000000000, 0.0000000000000000000 ) ;
#10111 = VERTEX_POINT ( 'NONE', #4890 ) ;
#10112 = DIRECTION ( 'NONE',  ( -1.537728278044881501E-09, 0.0000000000000000000, 1.000000000000000000 ) ) ;
#10113 = FILL_AREA_STYLE ('',( #8402 ) ) ;
#10114 = CARTESIAN_POINT ( 'NONE',  ( 0.4554196763394129377, 0.03516481420455509072, -0.2778562600918830783 ) ) ;
#10115 = DIRECTION ( 'NONE',  ( 8.234490263801784106E-12, -1.353889066150678860E-26, -1.000000000000000000 ) ) ;
#10116 = EDGE_LOOP ( 'NONE', ( #7773, #7774, #5254, #2546 ) ) ;
#10117 = CARTESIAN_POINT ( 'NONE',  ( 0.2746912150703578748, 0.1020939480628467039, -0.2329724411934975814 ) ) ;
#10118 = CARTESIAN_POINT ( 'NONE',  ( 0.2019811918225113412, -0.01983667431788540408, -0.04581343370861582637 ) ) ;
#10119 = ORIENTED_EDGE ( 'NONE', *, *, #718, .F. ) ;
#10120 = SURFACE_SIDE_STYLE ('',( #7145 ) ) ;
#10121 = CARTESIAN_POINT ( 'NONE',  ( 0.3928014512908302724, 0.1060309559368543958, -0.2327755907997966223 ) ) ;
#10122 = DIRECTION ( 'NONE',  ( -0.9040697402802237992, 1.486758830260366439E-15, 0.4273849607902093228 ) ) ;
#10123 = DIRECTION ( 'NONE',  ( 1.000000000000000000, -1.261858067872522700E-11, -3.775193864338215445E-12 ) ) ;
#10124 = DIRECTION ( 'NONE',  ( 1.000000000000000000, -1.734723475977064460E-15, -7.913884470697103077E-16 ) ) ;
#10125 = ORIENTED_EDGE ( 'NONE', *, *, #392, .T. ) ;
#10126 = FACE_OUTER_BOUND ( 'NONE', #11844, .T. ) ;
#10127 = ORIENTED_EDGE ( 'NONE', *, *, #2149, .T. ) ;
#10128 = VERTEX_POINT ( 'NONE', #3858 ) ;
#10129 = ADVANCED_FACE ( 'NONE', ( #3804 ), #7464, .F. ) ;
#10130 =( NAMED_UNIT ( * ) PLANE_ANGLE_UNIT ( ) SI_UNIT ( $, .RADIAN. ) );
#10131 = DIRECTION ( 'NONE',  ( 1.644517855226008195E-15, 1.000000000000000000, -6.888556729901376831E-28 ) ) ;
#10132 = DIRECTION ( 'NONE',  ( 1.644517855226008195E-15, 1.000000000000000000, 2.890435660536364269E-30 ) ) ;
#10133 = VERTEX_POINT ( 'NONE', #1958 ) ;
#10134 = SURFACE_STYLE_USAGE ( .BOTH. , #2737 ) ;
#10135 = STYLED_ITEM ( 'NONE', ( #9685 ), #9579 ) ;
#10136 = DIRECTION ( 'NONE',  ( -1.729787034332033796E-15, -0.9987523388778386524, 0.04993761694401192830 ) ) ;
#10137 = ORIENTED_EDGE ( 'NONE', *, *, #8469, .F. ) ;
#10138 = B_SPLINE_CURVE_WITH_KNOTS ( 'NONE', 3,
 ( #11314, #1949, #4942, #2846 ),
 .UNSPECIFIED., .F., .F.,
 ( 4, 4 ),
 ( 0.0000000000000000000, 0.0001438460554597928908 ),
 .UNSPECIFIED. ) ;
#10139 = ORIENTED_EDGE ( 'NONE', *, *, #7900, .T. ) ;
#10140 = ORIENTED_EDGE ( 'NONE', *, *, #4460, .T. ) ;
#10141 = PRESENTATION_STYLE_ASSIGNMENT (( #10862 ) ) ;
#10142 = DIRECTION ( 'NONE',  ( -1.000000000000000000, 1.644517855226007801E-15, -1.778650912156784690E-12 ) ) ;
#10143 = EDGE_CURVE ( 'NONE', #9420, #10703, #8428, .T. ) ;
#10144 =( GEOMETRIC_REPRESENTATION_CONTEXT ( 3 ) GLOBAL_UNCERTAINTY_ASSIGNED_CONTEXT ( ( #7952 ) ) GLOBAL_UNIT_ASSIGNED_CONTEXT ( ( #7211, #7280, #7560 ) ) REPRESENTATION_CONTEXT ( 'NONE', 'WORKASPACE' ) );
#10145 = VECTOR ( 'NONE', #6793, 39.37007874015748143 ) ;
#10146 = DIRECTION ( 'NONE',  ( 0.4273849608040032333, -7.028421990972483826E-16, -0.9040697402737026822 ) ) ;
#10147 = SURFACE_STYLE_FILL_AREA ( #2633 ) ;
#10148 = VECTOR ( 'NONE', #10161, 39.37007874015748854 ) ;
#10149 = SURFACE_STYLE_USAGE ( .BOTH. , #6434 ) ;
#10150 =( GEOMETRIC_REPRESENTATION_CONTEXT ( 3 ) GLOBAL_UNCERTAINTY_ASSIGNED_CONTEXT ( ( #8639 ) ) GLOBAL_UNIT_ASSIGNED_CONTEXT ( ( #9388, #7614, #1096 ) ) REPRESENTATION_CONTEXT ( 'NONE', 'WORKASPACE' ) );
#10151 =( NAMED_UNIT ( * ) PLANE_ANGLE_UNIT ( ) SI_UNIT ( $, .RADIAN. ) );
#10152 = DIRECTION ( 'NONE',  ( -0.9040697402711028730, 1.486758830245369207E-15, -0.4273849608095032782 ) ) ;
#10153 = FACE_OUTER_BOUND ( 'NONE', #4214, .T. ) ;
#10154 = ORIENTED_EDGE ( 'NONE', *, *, #2806, .T. ) ;
#10155 = PLANE ( 'NONE',  #866 ) ;
#10156 = VECTOR ( 'NONE', #8025, 39.37007874015748143 ) ;
#10157 = DIRECTION ( 'NONE',  ( 1.644517855226008195E-15, 1.000000000000000000, 2.890435660536364269E-30 ) ) ;
#10158 = AXIS2_PLACEMENT_3D ( 'NONE', #9553, #2881, #4923 ) ;
#10159 = ADVANCED_FACE ( 'NONE', ( #9776 ), #4954, .F. ) ;
#10160 = ORIENTED_EDGE ( 'NONE', *, *, #3593, .F. ) ;
#10161 = DIRECTION ( 'NONE',  ( 1.555145074134650487E-15, 0.9987523388778386524, 0.04993761694401192830 ) ) ;
#10162 = DIRECTION ( 'NONE',  ( 1.000000000000000000, -1.644517855226007801E-15, 1.748601263784622143E-15 ) ) ;
#10163 = DIMENSIONAL_EXPONENTS ( 1.000000000000000000, 0.0000000000000000000, 0.0000000000000000000, 0.0000000000000000000, 0.0000000000000000000, 0.0000000000000000000, 0.0000000000000000000 ) ;
#10164 = DIRECTION ( 'NONE',  ( -9.825161517791774651E-12, 1.000000000000000000, 2.131628207298828060E-13 ) ) ;
#10165 = CIRCLE ( 'NONE', #9972, 0.007874015748031494219 ) ;
#10166 = ORIENTED_EDGE ( 'NONE', *, *, #7783, .T. ) ;
#10167 = STYLED_ITEM ( 'NONE', ( #9357 ), #8355 ) ;
#10168 = DIRECTION ( 'NONE',  ( 1.748601263784622143E-15, 0.0000000000000000000, -1.000000000000000000 ) ) ;
#10169 = PRESENTATION_LAYER_ASSIGNMENT (  '', '', ( #3172 ) ) ;
#10170 = PRESENTATION_LAYER_ASSIGNMENT (  '', '', ( #8036 ) ) ;
#10171 = FACE_OUTER_BOUND ( 'NONE', #6437, .T. ) ;
#10172 = EDGE_CURVE ( 'NONE', #10590, #1942, #2481, .T. ) ;
#10173 = ORIENTED_EDGE ( 'NONE', *, *, #5544, .T. ) ;
#10174 = LINE ( 'NONE', #5322, #9380 ) ;
#10175 = VECTOR ( 'NONE', #6204, 39.37007874015748143 ) ;
#10176 =( CONVERSION_BASED_UNIT ( 'INCH', #11188 ) LENGTH_UNIT ( ) NAMED_UNIT ( #1139 ) );
#10177 = PRESENTATION_STYLE_ASSIGNMENT (( #3492 ) ) ;
#10178 =( CONVERSION_BASED_UNIT ( 'INCH', #10233 ) LENGTH_UNIT ( ) NAMED_UNIT ( #8217 ) );
#10179 = ORIENTED_EDGE ( 'NONE', *, *, #8824, .T. ) ;
#10180 = MECHANICAL_DESIGN_GEOMETRIC_PRESENTATION_REPRESENTATION (  '', ( #6876 ), #5529 ) ;
#10181 = FACE_OUTER_BOUND ( 'NONE', #9812, .T. ) ;
#10182 = CARTESIAN_POINT ( 'NONE',  ( 0.3140612938105263319, 0.1020939480628624274, -0.03297244119349746622 ) ) ;
#10183 = CARTESIAN_POINT ( 'NONE',  ( 0.4754786166455545748, 0.03516481420522435397, -0.2272637797769618828 ) ) ;
#10184 = ORIENTED_EDGE ( 'NONE', *, *, #10226, .F. ) ;
#10185 = CARTESIAN_POINT ( 'NONE',  ( 0.1896577093114373835, -0.02375406862796415261, -0.2477362207218442025 ) ) ;
#10186 = SURFACE_SIDE_STYLE ('',( #11017 ) ) ;
#10187 = DIRECTION ( 'NONE',  ( 2.698884520361153650E-13, -4.467119842926643659E-28, 1.000000000000000000 ) ) ;
#10188 = VECTOR ( 'NONE', #8876, 39.37007874015748143 ) ;
#10189 = EDGE_CURVE ( 'NONE', #5427, #7850, #3138, .T. ) ;
#10190 = CARTESIAN_POINT ( 'NONE',  ( 0.5048815532788069049, -0.01983667431789506996, -0.2693440471046126827 ) ) ;
#10191 = ORIENTED_EDGE ( 'NONE', *, *, #6335, .F. ) ;
#10192 =( NAMED_UNIT ( * ) PLANE_ANGLE_UNIT ( ) SI_UNIT ( $, .RADIAN. ) );
#10193 = ORIENTED_EDGE ( 'NONE', *, *, #7541, .F. ) ;
#10194 = DIRECTION ( 'NONE',  ( 1.748601263784621946E-15, 0.0000000000000000000, -1.000000000000000000 ) ) ;
#10195 = VERTEX_POINT ( 'NONE', #11628 ) ;
#10196 = CARTESIAN_POINT ( 'NONE',  ( 0.4144549945979165706, 0.1060309559368543680, -0.1823818900125918629 ) ) ;
#10197 = LINE ( 'NONE', #3690, #3586 ) ;
#10198 = CARTESIAN_POINT ( 'NONE',  ( 0.2148518768365320075, 0.02729079845652397987, -0.2878937010368047833 ) ) ;
#10199 = ORIENTED_EDGE ( 'NONE', *, *, #3795, .T. ) ;
#10200 = SURFACE_STYLE_FILL_AREA ( #7402 ) ;
#10201 =( NAMED_UNIT ( * ) SI_UNIT ( $, .STERADIAN. ) SOLID_ANGLE_UNIT ( ) );
#10202 = EDGE_CURVE ( 'NONE', #2931, #3130, #6458, .T. ) ;
#10203 = FACE_OUTER_BOUND ( 'NONE', #3392, .T. ) ;
#10204 = VERTEX_POINT ( 'NONE', #2244 ) ;
#10205 = ORIENTED_EDGE ( 'NONE', *, *, #3612, .T. ) ;
#10206 = ORIENTED_EDGE ( 'NONE', *, *, #6553, .T. ) ;
#10207 = PLANE ( 'NONE',  #2220 ) ;
#10208 = FILL_AREA_STYLE ('',( #7354 ) ) ;
#10209 = CARTESIAN_POINT ( 'NONE',  ( 0.4625214697563412303, 0.04500733388959447800, -0.08338492120054455392 ) ) ;
#10210 =( NAMED_UNIT ( * ) SI_UNIT ( $, .STERADIAN. ) SOLID_ANGLE_UNIT ( ) );
#10211 = CARTESIAN_POINT ( 'NONE',  ( 0.4920108682637896469, 0.02729079845652356354, 0.05177338557781805545 ) ) ;
#10212 = FACE_OUTER_BOUND ( 'NONE', #5457, .T. ) ;
#10213 = EDGE_CURVE ( 'NONE', #189, #6312, #9373, .T. ) ;
#10214 = DIRECTION ( 'NONE',  ( -0.9945218953682690710, -0.1045284632676950765, -8.189380864547705479E-12 ) ) ;
#10215 = VERTEX_POINT ( 'NONE', #5140 ) ;
#10216 = CARTESIAN_POINT ( 'NONE',  ( 0.1843617094242554766, -0.03570132752772790796, -0.06742126009192295211 ) ) ;
#10217 = FACE_OUTER_BOUND ( 'NONE', #6950, .T. ) ;
#10218 = AXIS2_PLACEMENT_3D ( 'NONE', #10211, #3524, #2686 ) ;
#10219 = ORIENTED_EDGE ( 'NONE', *, *, #4707, .F. ) ;
#10220 = CARTESIAN_POINT ( 'NONE',  ( 0.4696401291258303079, 0.04500733388959443637, -0.2878937010365681948 ) ) ;
#10221 = CARTESIAN_POINT ( 'NONE',  ( 0.3140612938105263319, 0.1020939480628585000, -0.03297244119349745928 ) ) ;
#10222 = DIRECTION ( 'NONE',  ( -8.234490263801784106E-12, 1.353889066150678573E-26, 1.000000000000000000 ) ) ;
#10223 = ORIENTED_EDGE ( 'NONE', *, *, #5392, .T. ) ;
#10224 = LINE ( 'NONE', #11066, #5895 ) ;
#10225 = EDGE_CURVE ( 'NONE', #4542, #11611, #5923, .T. ) ;
#10226 = EDGE_CURVE ( 'NONE', #6600, #6310, #4032, .T. ) ;
#10227 = DIRECTION ( 'NONE',  ( -0.1045284632676950626, 0.9945218953682689600, -8.607386130680116915E-13 ) ) ;
#10228 = VECTOR ( 'NONE', #2037, 39.37007874015748143 ) ;
#10229 = ORIENTED_EDGE ( 'NONE', *, *, #11095, .T. ) ;
#10230 = PLANE ( 'NONE',  #4544 ) ;
#10231 = DIRECTION ( 'NONE',  ( -1.000000000000000000, 1.644517855226007801E-15, -8.234490263801784106E-12 ) ) ;
#10232 = FILL_AREA_STYLE ('',( #9383 ) ) ;
#10233 = LENGTH_MEASURE_WITH_UNIT ( LENGTH_MEASURE( 0.02539999999999999897 ), #6521 );
#10234 = FACE_OUTER_BOUND ( 'NONE', #3337, .T. ) ;
#10235 = FILL_AREA_STYLE ('',( #1094 ) ) ;
#10236 = LENGTH_MEASURE_WITH_UNIT ( LENGTH_MEASURE( 0.02539999999999999897 ), #2948 );
#10237 = DIRECTION ( 'NONE',  ( 0.2761719274401004953, 0.9205747435090979591, 0.2761724245959000235 ) ) ;
#10238 = ORIENTED_EDGE ( 'NONE', *, *, #18, .T. ) ;
#10239 = SURFACE_SIDE_STYLE ('',( #10 ) ) ;
#10240 =( LENGTH_UNIT ( ) NAMED_UNIT ( * ) SI_UNIT ( $, .METRE. ) );
#10241 = PRESENTATION_LAYER_ASSIGNMENT (  '', '', ( #7710 ) ) ;
#10242 = DIMENSIONAL_EXPONENTS ( 1.000000000000000000, 0.0000000000000000000, 0.0000000000000000000, 0.0000000000000000000, 0.0000000000000000000, 0.0000000000000000000, 0.0000000000000000000 ) ;
#10243 = EDGE_CURVE ( 'NONE', #10725, #3676, #8716, .T. ) ;
#10244 = DIRECTION ( 'NONE',  ( -0.9040697402395224680, 1.445602896648307638E-15, 0.4273849608763067853 ) ) ;
#10245 = UNCERTAINTY_MEASURE_WITH_UNIT (LENGTH_MEASURE( 1.000000000000000082E-05 ), #8879, 'distance_accuracy_value', 'NONE');
#10246 = VERTEX_POINT ( 'NONE', #7998 ) ;
#10247 = SURFACE_STYLE_USAGE ( .BOTH. , #3737 ) ;
#10248 = EDGE_LOOP ( 'NONE', ( #945, #679, #11583, #508 ) ) ;
#10249 = STYLED_ITEM ( 'NONE', ( #1644 ), #694 ) ;
#10250 =( NAMED_UNIT ( * ) SI_UNIT ( $, .STERADIAN. ) SOLID_ANGLE_UNIT ( ) );
#10251 = VERTEX_POINT ( 'NONE', #3326 ) ;
#10252 = AXIS2_PLACEMENT_3D ( 'NONE', #7174, #6194, #3470 ) ;
#10253 = CARTESIAN_POINT ( 'NONE',  ( 0.5463410757003664964, -0.06121462703867338456, -0.2752952758399537792 ) ) ;
#10254 = SURFACE_STYLE_FILL_AREA ( #2068 ) ;
#10255 = VERTEX_POINT ( 'NONE', #9647 ) ;
#10256 = DIRECTION ( 'NONE',  ( 1.927470528863118556E-15, 1.000000000000000000, 0.0000000000000000000 ) ) ;
#10257 = FILL_AREA_STYLE_COLOUR ( '', #228 ) ;
#10258 = ADVANCED_FACE ( 'NONE', ( #1342 ), #6902, .F. ) ;
#10259 =( CONVERSION_BASED_UNIT ( 'INCH', #7403 ) LENGTH_UNIT ( ) NAMED_UNIT ( #3790 ) );
#10260 = VECTOR ( 'NONE', #5970, 39.37007874015748143 ) ;
#10261 =( NAMED_UNIT ( * ) PLANE_ANGLE_UNIT ( ) SI_UNIT ( $, .RADIAN. ) );
#10262 =( GEOMETRIC_REPRESENTATION_CONTEXT ( 3 ) GLOBAL_UNCERTAINTY_ASSIGNED_CONTEXT ( ( #2255 ) ) GLOBAL_UNIT_ASSIGNED_CONTEXT ( ( #3743, #11377, #993 ) ) REPRESENTATION_CONTEXT ( 'NONE', 'WORKASPACE' ) );
#10263 =( GEOMETRIC_REPRESENTATION_CONTEXT ( 3 ) GLOBAL_UNCERTAINTY_ASSIGNED_CONTEXT ( ( #9545 ) ) GLOBAL_UNIT_ASSIGNED_CONTEXT ( ( #9234, #11157, #5464 ) ) REPRESENTATION_CONTEXT ( 'NONE', 'WORKASPACE' ) );
#10264 = VERTEX_POINT ( 'NONE', #11689 ) ;
#10265 = ORIENTED_EDGE ( 'NONE', *, *, #7836, .F. ) ;
#10266 = CARTESIAN_POINT ( 'NONE',  ( 0.1896720897116644378, -0.02376973408140352351, -0.06742127273290378364 ) ) ;
#10267 = ORIENTED_EDGE ( 'NONE', *, *, #4289, .F. ) ;
#10268 = CARTESIAN_POINT ( 'NONE',  ( 0.4696401291281128154, 0.04500733388959446413, -0.02726377977696183702 ) ) ;
#10269 =( NAMED_UNIT ( * ) PLANE_ANGLE_UNIT ( ) SI_UNIT ( $, .RADIAN. ) );
#10270 = DIRECTION ( 'NONE',  ( 1.748601263784622143E-15, 0.0000000000000000000, -1.000000000000000000 ) ) ;
#10271 = DIRECTION ( 'NONE',  ( -1.000000000000000000, 0.0000000000000000000, 1.503638049432454012E-14 ) ) ;
#10272 = COLOUR_RGB ( '',0.7607843137254901578, 0.7607843137254901578, 0.0000000000000000000 ) ;
#10273 = FACE_OUTER_BOUND ( 'NONE', #9101, .T. ) ;
#10274 = EDGE_CURVE ( 'NONE', #1775, #10647, #7875, .T. ) ;
#10275 = FACE_OUTER_BOUND ( 'NONE', #1453, .T. ) ;
#10276 = DIRECTION ( 'NONE',  ( -1.729787034332033796E-15, -0.9987523388778386524, 0.04993761694401192830 ) ) ;
#10277 = CARTESIAN_POINT ( 'NONE',  ( 0.2313841284562319633, 0.03516481420455548623, -0.08789370103680475832 ) ) ;
#10278 = COLOUR_RGB ( '',0.7607843137254901578, 0.7607843137254901578, 0.0000000000000000000 ) ;
#10279 =( GEOMETRIC_REPRESENTATION_CONTEXT ( 3 ) GLOBAL_UNCERTAINTY_ASSIGNED_CONTEXT ( ( #1996 ) ) GLOBAL_UNIT_ASSIGNED_CONTEXT ( ( #8946, #667, #5429 ) ) REPRESENTATION_CONTEXT ( 'NONE', 'WORKASPACE' ) );
#10280 = ORIENTED_EDGE ( 'NONE', *, *, #11818, .F. ) ;
#10281 = SURFACE_SIDE_STYLE ('',( #8552 ) ) ;
#10282 = DIRECTION ( 'NONE',  ( 1.748601263784621748E-15, 0.0000000000000000000, -1.000000000000000000 ) ) ;
#10283 = LINE ( 'NONE', #11178, #11676 ) ;
#10284 = DIRECTION ( 'NONE',  ( 2.002473881159522504E-11, 1.000000000000000000, 3.501529842257294026E-26 ) ) ;
#10285 = EDGE_CURVE ( 'NONE', #10880, #8000, #7758, .T. ) ;
#10286 = EDGE_CURVE ( 'NONE', #7035, #10042, #7091, .T. ) ;
#10287 = COLOUR_RGB ( '',1.000000000000000000, 1.000000000000000000, 1.000000000000000000 ) ;
#10288 = ORIENTED_EDGE ( 'NONE', *, *, #11760, .F. ) ;
#10289 = PRESENTATION_LAYER_ASSIGNMENT (  '', '', ( #3489 ) ) ;
#10290 = CARTESIAN_POINT ( 'NONE',  ( 0.5158907604264441060, -0.02226315452805443032, -0.06758385864288164735 ) ) ;
#10291 =( LENGTH_UNIT ( ) NAMED_UNIT ( * ) SI_UNIT ( $, .METRE. ) );
#10292 = VECTOR ( 'NONE', #835, 39.37007874015748143 ) ;
#10293 = AXIS2_PLACEMENT_3D ( 'NONE', #1882, #7266, #5566 ) ;
#10294 = ORIENTED_EDGE ( 'NONE', *, *, #2083, .T. ) ;
#10295 = CARTESIAN_POINT ( 'NONE',  ( 0.5047076986980293389, -0.01818255847635045705, -0.04379921284727431030 ) ) ;
#10296 =( NAMED_UNIT ( * ) PLANE_ANGLE_UNIT ( ) SI_UNIT ( $, .RADIAN. ) );
#10297 = DIRECTION ( 'NONE',  ( 0.9945218953682686269, -0.1045284632676983794, 1.739022243102431967E-15 ) ) ;
#10298 = DIRECTION ( 'NONE',  ( -1.748601263784621946E-15, 0.0000000000000000000, 1.000000000000000000 ) ) ;
#10299 = EDGE_CURVE ( 'NONE', #11186, #10032, #92, .T. ) ;
#10300 = LINE ( 'NONE', #4650, #6940 ) ;
#10301 = DIRECTION ( 'NONE',  ( 1.748601263784622143E-15, 0.0000000000000000000, -1.000000000000000000 ) ) ;
#10302 = EDGE_LOOP ( 'NONE', ( #6839, #1527, #9047, #6759, #7926, #2497, #4354, #10575 ) ) ;
#10303 = EDGE_CURVE ( 'NONE', #11959, #1227, #8657, .T. ) ;
#10304 = PLANE ( 'NONE',  #10745 ) ;
#10305 = FACE_OUTER_BOUND ( 'NONE', #7716, .T. ) ;
#10306 = ORIENTED_EDGE ( 'NONE', *, *, #5288, .F. ) ;
#10307 = ADVANCED_FACE ( 'NONE', ( #6111 ), #9840, .F. ) ;
#10308 = EDGE_LOOP ( 'NONE', ( #1956, #6862, #75, #10399 ) ) ;
#10309 = CARTESIAN_POINT ( 'NONE',  ( 0.2514430687598456782, 0.04500733388959481107, -0.1837617719025922414 ) ) ;
#10310 = ORIENTED_EDGE ( 'NONE', *, *, #6392, .T. ) ;
#10311 = EDGE_CURVE ( 'NONE', #1055, #8072, #5984, .T. ) ;
#10312 =( LENGTH_UNIT ( ) NAMED_UNIT ( * ) SI_UNIT ( $, .METRE. ) );
#10313 = CARTESIAN_POINT ( 'NONE',  ( 0.4144549945979169037, 0.1060309559368543542, -0.2327755907997965668 ) ) ;
#10314 = EDGE_LOOP ( 'NONE', ( #2075, #11306, #10533, #9053 ) ) ;
#10315 = EDGE_CURVE ( 'NONE', #1409, #6179, #10658, .T. ) ;
#10316 = DIRECTION ( 'NONE',  ( -1.000000000000000000, 1.644517855226007801E-15, -8.234490263801784106E-12 ) ) ;
#10317 = DIRECTION ( 'NONE',  ( -1.000000000000000000, 1.644517855226007801E-15, -8.234490263801784106E-12 ) ) ;
#10318 = CARTESIAN_POINT ( 'NONE',  ( 0.1585494827869413370, -0.03078006768520821779, -0.2575787404068836661 ) ) ;
#10319 = EDGE_CURVE ( 'NONE', #1117, #9598, #10525, .T. ) ;
#10320 = PLANE ( 'NONE',  #7234 ) ;
#10321 = ORIENTED_EDGE ( 'NONE', *, *, #6745, .T. ) ;
#10322 = DIMENSIONAL_EXPONENTS ( 1.000000000000000000, 0.0000000000000000000, 0.0000000000000000000, 0.0000000000000000000, 0.0000000000000000000, 0.0000000000000000000, 0.0000000000000000000 ) ;
#10323 = EDGE_CURVE ( 'NONE', #7406, #6044, #2979, .T. ) ;
#10324 = EDGE_LOOP ( 'NONE', ( #10031, #2288, #3555, #4738, #9699, #9082 ) ) ;
#10325 =( LENGTH_UNIT ( ) NAMED_UNIT ( * ) SI_UNIT ( $, .METRE. ) );
#10326 = ORIENTED_EDGE ( 'NONE', *, *, #4329, .F. ) ;
#10327 = CARTESIAN_POINT ( 'NONE',  ( 0.2490536793154362605, 0.003668751212429472927, -0.4075787404069424746 ) ) ;
#10328 = CARTESIAN_POINT ( 'NONE',  ( 0.2148518768365320075, 0.03516481420455547929, -0.2878937010368047833 ) ) ;
#10329 = DIRECTION ( 'NONE',  ( -1.748601263784622143E-15, 0.0000000000000000000, 1.000000000000000000 ) ) ;
#10330 = FACE_OUTER_BOUND ( 'NONE', #6716, .T. ) ;
#10331 = CARTESIAN_POINT ( 'NONE',  ( 0.5054204884980646462, -0.02496430041343711270, -0.2398622049732527239 ) ) ;
#10332 = CARTESIAN_POINT ( 'NONE',  ( 0.5134983943101651960, -0.007659296307098530966, -0.1272637797763358503 ) ) ;
#10333 = CYLINDRICAL_SURFACE ( 'NONE', #568, 0.007874015748031482076 ) ;
#10334 = MECHANICAL_DESIGN_GEOMETRIC_PRESENTATION_REPRESENTATION (  '', ( #8962 ), #6813 ) ;
#10335 = CYLINDRICAL_SURFACE ( 'NONE', #8016, 0.007874015748031495954 ) ;
#10336 = SURFACE_STYLE_FILL_AREA ( #2873 ) ;
#10337 = AXIS2_PLACEMENT_3D ( 'NONE', #571, #1646, #3439 ) ;
#10338 = ORIENTED_EDGE ( 'NONE', *, *, #10953, .F. ) ;
#10339 = VECTOR ( 'NONE', #8148, 39.37007874015748143 ) ;
#10340 =( NAMED_UNIT ( * ) PLANE_ANGLE_UNIT ( ) SI_UNIT ( $, .RADIAN. ) );
#10341 = LINE ( 'NONE', #1922, #575 ) ;
#10342 = SURFACE_STYLE_FILL_AREA ( #6741 ) ;
#10343 = LINE ( 'NONE', #4807, #3316 ) ;
#10344 = VECTOR ( 'NONE', #3416, 39.37007874015748143 ) ;
#10345 = VERTEX_POINT ( 'NONE', #11875 ) ;
#10346 = B_SPLINE_CURVE_WITH_KNOTS ( 'NONE', 3,
 ( #9408, #10480, #8587, #4719 ),
 .UNSPECIFIED., .F., .F.,
 ( 4, 4 ),
 ( 2.030092353939220160E-16, 0.0001438460554596464964 ),
 .UNSPECIFIED. ) ;
#10347 = COLOUR_RGB ( '',0.7607843137254901578, 0.7607843137254901578, 0.0000000000000000000 ) ;
#10348 = AXIS2_PLACEMENT_3D ( 'NONE', #10719, #6171, #1289 ) ;
#10349 = CARTESIAN_POINT ( 'NONE',  ( 0.5166854000888964071, -0.02333479306674191012, -0.06741788616556741720 ) ) ;
#10350 = VECTOR ( 'NONE', #7481, 39.37007874015748143 ) ;
#10351 = EDGE_CURVE ( 'NONE', #5851, #7802, #10069, .T. ) ;
#10352 = FILL_AREA_STYLE_COLOUR ( '', #2969 ) ;
#10353 = CIRCLE ( 'NONE', #6856, 0.007874015748031516770 ) ;
#10354 = VERTEX_POINT ( 'NONE', #1772 ) ;
#10355 = CARTESIAN_POINT ( 'NONE',  ( 0.2313841284547877852, 0.03516481421120130901, -0.3197218416809252672 ) ) ;
#10356 =( GEOMETRIC_REPRESENTATION_CONTEXT ( 3 ) GLOBAL_UNCERTAINTY_ASSIGNED_CONTEXT ( ( #5999 ) ) GLOBAL_UNIT_ASSIGNED_CONTEXT ( ( #3190, #5057, #378 ) ) REPRESENTATION_CONTEXT ( 'NONE', 'WORKASPACE' ) );
#10357 = CARTESIAN_POINT ( 'NONE',  ( 0.2415117427309083908, 0.001406160534555473286, -0.2095942475937732086 ) ) ;
#10358 = CARTESIAN_POINT ( 'NONE',  ( 0.2461244040472859718, 0.03516481420455546542, 0.01210629896319520213 ) ) ;
#10359 = SURFACE_STYLE_USAGE ( .BOTH. , #3891 ) ;
#10360 = CARTESIAN_POINT ( 'NONE',  ( 0.4254818849634287581, 0.1217789874329370109, -0.2319881892249934519 ) ) ;
#10361 = CARTESIAN_POINT ( 'NONE',  ( 0.2532616618757507210, 0.04500733388959482495, -0.07814324995916692440 ) ) ;
#10362 = PLANE ( 'NONE',  #8575 ) ;
#10363 = VECTOR ( 'NONE', #11940, 39.37007874015748143 ) ;
#10364 = VERTEX_POINT ( 'NONE', #4536 ) ;
#10365 = CIRCLE ( 'NONE', #505, 0.005905511811023620231 ) ;
#10366 = CARTESIAN_POINT ( 'NONE',  ( 0.3928014512908299394, 0.1021333181416024805, -0.1791535435558992695 ) ) ;
#10367 = VECTOR ( 'NONE', #6696, 39.37007874015748143 ) ;
#10368 = VECTOR ( 'NONE', #11133, 39.37007874015748143 ) ;
#10369 = EDGE_CURVE ( 'NONE', #11607, #3256, #5396, .T. ) ;
#10370 = COLOUR_RGB ( '',0.7607843137254901578, 0.7607843137254901578, 0.0000000000000000000 ) ;
#10371 = VERTEX_POINT ( 'NONE', #6411 ) ;
#10372 = CARTESIAN_POINT ( 'NONE',  ( 0.2313841284562201672, 0.04240669873959744540, -0.3272637797758057854 ) ) ;
#10373 = PRESENTATION_LAYER_ASSIGNMENT (  '', '', ( #4139 ) ) ;
#10374 = ORIENTED_EDGE ( 'NONE', *, *, #4126, .T. ) ;
#10375 = ORIENTED_EDGE ( 'NONE', *, *, #5495, .F. ) ;
#10376 = FILL_AREA_STYLE_COLOUR ( '', #9276 ) ;
#10377 = DIRECTION ( 'NONE',  ( -0.9945218953682686269, 0.1045284632676983516, -1.739022243102431967E-15 ) ) ;
#10378 = DIRECTION ( 'NONE',  ( -1.000000000000000000, 1.734723475977064460E-15, 1.951563910474197493E-15 ) ) ;
#10379 = ORIENTED_EDGE ( 'NONE', *, *, #10581, .T. ) ;
#10380 = MECHANICAL_DESIGN_GEOMETRIC_PRESENTATION_REPRESENTATION (  '', ( #8427 ), #8042 ) ;
#10381 = CARTESIAN_POINT ( 'NONE',  ( 0.5483132623140313244, -0.03570132752772851858, -0.1272637797760491352 ) ) ;
#10382 = AXIS2_PLACEMENT_3D ( 'NONE', #240, #9504, #4866 ) ;
#10383 = VECTOR ( 'NONE', #1195, 39.37007874015748143 ) ;
#10384 = ADVANCED_FACE ( 'NONE', ( #4472 ), #10962, .F. ) ;
#10385 = LINE ( 'NONE', #202, #4110 ) ;
#10386 = EDGE_CURVE ( 'NONE', #3806, #8072, #928, .T. ) ;
#10387 = ORIENTED_EDGE ( 'NONE', *, *, #10080, .F. ) ;
#10388 = EDGE_LOOP ( 'NONE', ( #7676, #7407, #103, #2462, #3282, #9782, #9937, #11043 ) ) ;
#10389 = DIRECTION ( 'NONE',  ( -0.5730959463344971194, 0.8184658334308991812, -0.04092329167150090402 ) ) ;
#10390 = VERTEX_POINT ( 'NONE', #11084 ) ;
#10391 =( NAMED_UNIT ( * ) PLANE_ANGLE_UNIT ( ) SI_UNIT ( $, .RADIAN. ) );
#10392 = SURFACE_SIDE_STYLE ('',( #8378 ) ) ;
#10393 = DIRECTION ( 'NONE',  ( 0.9945218953682690710, 0.1045284632676950765, 8.189380864547705479E-12 ) ) ;
#10394 = CARTESIAN_POINT ( 'NONE',  ( 0.5048815532786120608, -0.01983667431789091357, -0.2458134337080575549 ) ) ;
#10395 =( NAMED_UNIT ( * ) PLANE_ANGLE_UNIT ( ) SI_UNIT ( $, .RADIAN. ) );
#10396 = LINE ( 'NONE', #3929, #10534 ) ;
#10397 = UNCERTAINTY_MEASURE_WITH_UNIT (LENGTH_MEASURE( 1.000000000000000082E-05 ), #7493, 'distance_accuracy_value', 'NONE');
#10398 = CARTESIAN_POINT ( 'NONE',  ( 0.1843617094242558652, -0.03570132752772792184, -0.1674212600919229854 ) ) ;
#10399 = ORIENTED_EDGE ( 'NONE', *, *, #11228, .T. ) ;
#10400 = CARTESIAN_POINT ( 'NONE',  ( 0.4754786166454754714, 0.03516481420467318375, -0.1878937010364894467 ) ) ;
#10401 = LINE ( 'NONE', #8500, #4797 ) ;
#10402 = CARTESIAN_POINT ( 'NONE',  ( 0.1923664450707121554, -0.01715373501898775563, -0.04379921284782839486 ) ) ;
#10403 = DIMENSIONAL_EXPONENTS ( 1.000000000000000000, 0.0000000000000000000, 0.0000000000000000000, 0.0000000000000000000, 0.0000000000000000000, 0.0000000000000000000, 0.0000000000000000000 ) ;
#10404 = CARTESIAN_POINT ( 'NONE',  ( 0.2031529521231691948, -0.008688119764420866240, -0.1272637797769623214 ) ) ;
#10405 = EDGE_CURVE ( 'NONE', #5442, #4600, #7332, .T. ) ;
#10406 = EDGE_CURVE ( 'NONE', #4842, #1704, #695, .T. ) ;
#10407 = CARTESIAN_POINT ( 'NONE',  ( 0.5134983943101647519, -0.007659296307098515354, -0.02726377977633583430 ) ) ;
#10408 = ORIENTED_EDGE ( 'NONE', *, *, #4365, .F. ) ;
#10409 = CARTESIAN_POINT ( 'NONE',  ( 0.4536010832257904024, 0.04500733388959447800, -0.1370142308545209409 ) ) ;
#10410 = CARTESIAN_POINT ( 'NONE',  ( 0.4536010832257908465, 0.04500733388959445719, -0.2781432499594028163 ) ) ;
#10411 = VECTOR ( 'NONE', #11720, 39.37007874015748854 ) ;
#10412 = DIRECTION ( 'NONE',  ( -1.000000000000000000, 1.644517855226007801E-15, -8.234490263801784106E-12 ) ) ;
#10413 = FACE_OUTER_BOUND ( 'NONE', #1042, .T. ) ;
#10414 = CARTESIAN_POINT ( 'NONE',  ( 0.4754786166447405593, 0.03516481420455505602, -0.2272637797766489109 ) ) ;
#10415 = CARTESIAN_POINT ( 'NONE',  ( 0.4144549945979160710, 0.1060309559368543958, -0.03277559079979654871 ) ) ;
#10416 = EDGE_CURVE ( 'NONE', #4653, #11173, #4351, .T. ) ;
#10417 = VERTEX_POINT ( 'NONE', #3445 ) ;
#10418 = CARTESIAN_POINT ( 'NONE',  ( 0.2506952668935066297, 0.04500733388959482495, -0.07785626009152914195 ) ) ;
#10419 = CLOSED_SHELL ( 'NONE', ( #9624, #7086, #8276, #9680, #2725, #5379, #9579, #5261, #4662, #6818 ) ) ;
#10420 =( NAMED_UNIT ( * ) PLANE_ANGLE_UNIT ( ) SI_UNIT ( $, .RADIAN. ) );
#10421 = ORIENTED_EDGE ( 'NONE', *, *, #3773, .F. ) ;
#10422 =( LENGTH_UNIT ( ) NAMED_UNIT ( * ) SI_UNIT ( $, .METRE. ) );
#10423 = VERTEX_POINT ( 'NONE', #7149 ) ;
#10424 = ORIENTED_EDGE ( 'NONE', *, *, #7208, .T. ) ;
#10425 =( NAMED_UNIT ( * ) SI_UNIT ( $, .STERADIAN. ) SOLID_ANGLE_UNIT ( ) );
#10426 = DIRECTION ( 'NONE',  ( -8.105384419199200945E-12, -1.000000000000000000, -1.460875864723001212E-11 ) ) ;
#10427 = AXIS2_PLACEMENT_3D ( 'NONE', #5522, #4831, #3742 ) ;
#10428 = DIRECTION ( 'NONE',  ( 1.644517855226008195E-15, 1.000000000000000000, 2.890435660536364269E-30 ) ) ;
#10429 = EDGE_CURVE ( 'NONE', #1260, #3214, #10165, .T. ) ;
#10430 = VERTEX_POINT ( 'NONE', #9042 ) ;
#10431 = LINE ( 'NONE', #8593, #5606 ) ;
#10432 = LINE ( 'NONE', #6958, #9316 ) ;
#10433 = CARTESIAN_POINT ( 'NONE',  ( 0.5061831144098577484, -0.02488414520015545459, -0.2477362207212779888 ) ) ;
#10434 = FACE_OUTER_BOUND ( 'NONE', #11243, .T. ) ;
#10435 = CARTESIAN_POINT ( 'NONE',  ( 0.3928014512908304390, 0.1434325307400276250, -0.2791535435558992750 ) ) ;
#10436 = AXIS2_PLACEMENT_3D ( 'NONE', #8515, #976, #7322 ) ;
#10437 = ORIENTED_EDGE ( 'NONE', *, *, #3693, .T. ) ;
#10438 = DIRECTION ( 'NONE',  ( 8.279256909673137559E-11, 0.0000000000000000000, -1.000000000000000000 ) ) ;
#10439 = EDGE_LOOP ( 'NONE', ( #396, #2015, #3796, #1611, #10978, #1620 ) ) ;
#10440 = SURFACE_SIDE_STYLE ('',( #6668 ) ) ;
#10441 = VERTEX_POINT ( 'NONE', #3792 ) ;
#10442 = SURFACE_STYLE_FILL_AREA ( #342 ) ;
#10443 = ORIENTED_EDGE ( 'NONE', *, *, #7404, .F. ) ;
#10444 = CARTESIAN_POINT ( 'NONE',  ( 0.2077620812121374894, 0.04500733388959489434, -0.08789370103680482771 ) ) ;
#10445 = CYLINDRICAL_SURFACE ( 'NONE', #4456, 0.005905511811027556318 ) ;
#10446 = CARTESIAN_POINT ( 'NONE',  ( 0.4920108682637896469, 0.02729079845652356354, 0.05177338557781805545 ) ) ;
#10447 = EDGE_CURVE ( 'NONE', #11850, #11856, #8413, .T. ) ;
#10448 = LINE ( 'NONE', #2133, #1524 ) ;
#10449 = DIRECTION ( 'NONE',  ( 1.644517855226008195E-15, 1.000000000000000000, 0.0000000000000000000 ) ) ;
#10450 = FILL_AREA_STYLE ('',( #1234 ) ) ;
#10451 =( GEOMETRIC_REPRESENTATION_CONTEXT ( 3 ) GLOBAL_UNCERTAINTY_ASSIGNED_CONTEXT ( ( #10245 ) ) GLOBAL_UNIT_ASSIGNED_CONTEXT ( ( #8879, #2579, #1630 ) ) REPRESENTATION_CONTEXT ( 'NONE', 'WORKASPACE' ) );
#10452 = CARTESIAN_POINT ( 'NONE',  ( 0.4561674782013416807, 0.04500733388959446413, -0.1778562600921587411 ) ) ;
#10453 = ORIENTED_EDGE ( 'NONE', *, *, #4885, .F. ) ;
#10454 =( GEOMETRIC_REPRESENTATION_CONTEXT ( 3 ) GLOBAL_UNCERTAINTY_ASSIGNED_CONTEXT ( ( #11814 ) ) GLOBAL_UNIT_ASSIGNED_CONTEXT ( ( #10638, #10580, #9626 ) ) REPRESENTATION_CONTEXT ( 'NONE', 'WORKASPACE' ) );
#10455 = FILL_AREA_STYLE ('',( #355 ) ) ;
#10456 = EDGE_CURVE ( 'NONE', #8004, #4771, #5687, .T. ) ;
#10457 = PRESENTATION_STYLE_ASSIGNMENT (( #69 ) ) ;
#10458 = CARTESIAN_POINT ( 'NONE',  ( 0.5148390528695243606, -0.01990283707880563871, -0.06850873463916559714 ) ) ;
#10459 = STYLED_ITEM ( 'NONE', ( #8403 ), #1282 ) ;
#10460 = CARTESIAN_POINT ( 'NONE',  ( 0.2532616618757514426, 0.03516481420455542378, -0.2370142308537339093 ) ) ;
#10461 = EDGE_LOOP ( 'NONE', ( #8090, #1503, #8171, #6599 ) ) ;
#10462 = EDGE_CURVE ( 'NONE', #10128, #6044, #1100, .T. ) ;
#10463 = PRESENTATION_LAYER_ASSIGNMENT (  '', '', ( #9698 ) ) ;
#10464 = DIRECTION ( 'NONE',  ( -5.288613215250233666E-09, 1.765092102736000626E-08, 0.9999999999999997780 ) ) ;
#10465 = DIRECTION ( 'NONE',  ( 8.234490263801784106E-12, -1.353889066150678573E-26, -1.000000000000000000 ) ) ;
#10466 = DIRECTION ( 'NONE',  ( 1.000000000000000000, -1.644517855226007801E-15, 1.748601263784621748E-15 ) ) ;
#10467 =( NAMED_UNIT ( * ) PLANE_ANGLE_UNIT ( ) SI_UNIT ( $, .RADIAN. ) );
#10468 = DIRECTION ( 'NONE',  ( -1.000000000000000000, 1.644517855226007801E-15, -8.234490263801784106E-12 ) ) ;
#10469 = ORIENTED_EDGE ( 'NONE', *, *, #1482, .T. ) ;
#10470 = DIRECTION ( 'NONE',  ( 0.4273849607902093228, -7.028421990745689274E-16, 0.9040697402802237992 ) ) ;
#10471 = AXIS2_PLACEMENT_3D ( 'NONE', #9334, #11937, #1194 ) ;
#10472 = UNCERTAINTY_MEASURE_WITH_UNIT (LENGTH_MEASURE( 1.000000000000000082E-05 ), #843, 'distance_accuracy_value', 'NONE');
#10473 = COLOUR_RGB ( '',0.7607843137254901578, 0.7607843137254901578, 0.0000000000000000000 ) ;
#10474 = ORIENTED_EDGE ( 'NONE', *, *, #4803, .T. ) ;
#10475 = CARTESIAN_POINT ( 'NONE',  ( 0.5483132623140308803, -0.03570132752772850471, -0.02726377977604912614 ) ) ;
#10476 = ORIENTED_EDGE ( 'NONE', *, *, #1002, .T. ) ;
#10477 = SURFACE_STYLE_FILL_AREA ( #8526 ) ;
#10478 = ORIENTED_EDGE ( 'NONE', *, *, #2189, .T. ) ;
#10479 = VECTOR ( 'NONE', #4166, 39.37007874015748143 ) ;
#10480 = CARTESIAN_POINT ( 'NONE',  ( 0.2018299626881692732, -0.02127552341816712350, -0.2680906281502946076 ) ) ;
#10481 = CARTESIAN_POINT ( 'NONE',  ( 0.4561674782086246882, 0.03516481420455511153, -0.08376177190318229160 ) ) ;
#10482 = VERTEX_POINT ( 'NONE', #135 ) ;
#10483 = CARTESIAN_POINT ( 'NONE',  ( 0.5225010356778665432, -0.01798479209465760759, -0.2669308663904348955 ) ) ;
#10484 = VECTOR ( 'NONE', #327, 39.37007874015748143 ) ;
#10485 = ORIENTED_EDGE ( 'NONE', *, *, #377, .F. ) ;
#10486 = DIRECTION ( 'NONE',  ( 3.222191032513205850E-10, 0.0000000000000000000, 1.000000000000000000 ) ) ;
#10487 = ADVANCED_FACE ( 'NONE', ( #1152 ), #5746, .T. ) ;
#10488 = ORIENTED_EDGE ( 'NONE', *, *, #3962, .T. ) ;
#10489 = LINE ( 'NONE', #2920, #3875 ) ;
#10490 = ORIENTED_EDGE ( 'NONE', *, *, #10067, .T. ) ;
#10491 = CARTESIAN_POINT ( 'NONE',  ( 0.4754786166447402262, 0.04500733388959444331, -0.1272637797766489332 ) ) ;
#10492 = LENGTH_MEASURE_WITH_UNIT ( LENGTH_MEASURE( 0.02539999999999999897 ), #5148 );
#10493 = FILL_AREA_STYLE ('',( #343 ) ) ;
#10494 = CARTESIAN_POINT ( 'NONE',  ( 0.2924077505034283209, 0.1060309559368545762, -0.1319881892249936406 ) ) ;
#10495 = DIRECTION ( 'NONE',  ( -0.6691306063588805531, -0.7431448254773741491, -5.510156374387435141E-12 ) ) ;
#10496 =( NAMED_UNIT ( * ) SI_UNIT ( $, .STERADIAN. ) SOLID_ANGLE_UNIT ( ) );
#10497 = CARTESIAN_POINT ( 'NONE',  ( 0.5037097929783018735, -0.008688119764421345023, -0.08789370103625893105 ) ) ;
#10498 = UNCERTAINTY_MEASURE_WITH_UNIT (LENGTH_MEASURE( 1.000000000000000082E-05 ), #8492, 'distance_accuracy_value', 'NONE');
#10499 = DIRECTION ( 'NONE',  ( 0.9040697402015722695, -1.084202172486048354E-15, -0.4273849609565851249 ) ) ;
#10500 = VERTEX_POINT ( 'NONE', #9512 ) ;
#10501 = EDGE_CURVE ( 'NONE', #8769, #9422, #249, .T. ) ;
#10502 = ORIENTED_EDGE ( 'NONE', *, *, #10405, .T. ) ;
#10503 = VECTOR ( 'NONE', #11622, 39.37007874015748143 ) ;
#10504 =( NAMED_UNIT ( * ) PLANE_ANGLE_UNIT ( ) SI_UNIT ( $, .RADIAN. ) );
#10505 = DIRECTION ( 'NONE',  ( -0.9945218953682686269, 0.1045284632676983516, -1.739022243102431967E-15 ) ) ;
#10506 = CARTESIAN_POINT ( 'NONE',  ( 0.4696401291281136481, 0.04500733388959443637, -0.2272637797769618828 ) ) ;
#10507 = CARTESIAN_POINT ( 'NONE',  ( 0.2514430687598459557, 0.03516481420455542378, -0.2313957089104267950 ) ) ;
#10508 = EDGE_CURVE ( 'NONE', #5803, #6462, #6530, .T. ) ;
#10509 = CARTESIAN_POINT ( 'NONE',  ( 0.4679366774458565970, 0.03516481420506866601, -0.3272637797758074507 ) ) ;
#10510 = ORIENTED_EDGE ( 'NONE', *, *, #9544, .T. ) ;
#10511 = ADVANCED_FACE ( 'NONE', ( #10305 ), #2953, .T. ) ;
#10512 = EDGE_CURVE ( 'NONE', #191, #9759, #3020, .T. ) ;
#10513 = DIRECTION ( 'NONE',  ( -1.748601263784622143E-15, 0.0000000000000000000, 1.000000000000000000 ) ) ;
#10514 = CARTESIAN_POINT ( 'NONE',  ( 0.4615064727374045273, 0.04500733388959445719, -0.1339196358458594749 ) ) ;
#10515 = CARTESIAN_POINT ( 'NONE',  ( 0.3140612938105263319, 0.1060309559368545623, -0.03277559079979674994 ) ) ;
#10516 = CARTESIAN_POINT ( 'NONE',  ( 0.2006796306912831396, -0.02488414520015490641, -0.06742126009192291047 ) ) ;
#10517 = AXIS2_PLACEMENT_3D ( 'NONE', #10604, #2294, #1532 ) ;
#10518 = CARTESIAN_POINT ( 'NONE',  ( 0.4561674782056326372, 0.03516481420455511153, -0.07785626009207995135 ) ) ;
#10519 = CARTESIAN_POINT ( 'NONE',  ( 0.2924077505034283209, 0.1060309559368545762, -0.1327755907997967555 ) ) ;
#10520 = EDGE_LOOP ( 'NONE', ( #8645, #10919, #3302, #6884 ) ) ;
#10521 = PRESENTATION_LAYER_ASSIGNMENT (  '', '', ( #8987 ) ) ;
#10522 =( CONVERSION_BASED_UNIT ( 'INCH', #2895 ) LENGTH_UNIT ( ) NAMED_UNIT ( #114 ) );
#10523 = DIRECTION ( 'NONE',  ( 1.644517855226008195E-15, 1.000000000000000000, -2.890435660536364269E-30 ) ) ;
#10524 = EDGE_CURVE ( 'NONE', #3086, #4490, #3933, .T. ) ;
#10525 =( BOUNDED_CURVE ( )  B_SPLINE_CURVE ( 3, ( #2780, #1595, #11815, #809 ),
 .UNSPECIFIED., .F., .T. ) 
 B_SPLINE_CURVE_WITH_KNOTS ( ( 4, 4 ),
 ( 3.224255440381115445, 3.968322528260086024 ),
 .UNSPECIFIED. ) 
 CURVE ( )  GEOMETRIC_REPRESENTATION_ITEM ( )  RATIONAL_B_SPLINE_CURVE ( ( 1.000000000000000000, 0.9543933716775627740, 0.9543933716775627740, 1.000000000000000000 ) ) 
 REPRESENTATION_ITEM ( '' )  );
#10526 = FILL_AREA_STYLE ('',( #9572 ) ) ;
#10527 = VECTOR ( 'NONE', #744, 39.37007874015748143 ) ;
#10528 = ORIENTED_EDGE ( 'NONE', *, *, #1798, .F. ) ;
#10529 = CARTESIAN_POINT ( 'NONE',  ( 0.4536010832257908465, 0.03516481420455509072, -0.2781432499594028163 ) ) ;
#10530 = VECTOR ( 'NONE', #468, 39.37007874015748143 ) ;
#10531 = ORIENTED_EDGE ( 'NONE', *, *, #547, .F. ) ;
#10532 = CARTESIAN_POINT ( 'NONE',  ( 0.5146701546111720482, -0.01880785086055410810, -0.2693440471045037143 ) ) ;
#10533 = ORIENTED_EDGE ( 'NONE', *, *, #2806, .F. ) ;
#10534 = VECTOR ( 'NONE', #532, 39.37007874015748143 ) ;
#10535 = CARTESIAN_POINT ( 'NONE',  ( 0.4754786166447397266, 0.03516481420455509072, -0.02726377977664890331 ) ) ;
#10536 = CARTESIAN_POINT ( 'NONE',  ( 0.2506952668933105088, 0.03516481420455542378, -0.2373012207214504066 ) ) ;
#10537 = FACE_OUTER_BOUND ( 'NONE', #4236, .T. ) ;
#10538 =( GEOMETRIC_REPRESENTATION_CONTEXT ( 3 ) GLOBAL_UNCERTAINTY_ASSIGNED_CONTEXT ( ( #10856 ) ) GLOBAL_UNIT_ASSIGNED_CONTEXT ( ( #2269, #5046, #6080 ) ) REPRESENTATION_CONTEXT ( 'NONE', 'WORKASPACE' ) );
#10539 = ORIENTED_EDGE ( 'NONE', *, *, #6223, .T. ) ;
#10540 = DIRECTION ( 'NONE',  ( 0.1045284632676983655, 0.9945218953682685159, 1.827786029713617844E-16 ) ) ;
#10541 =( NAMED_UNIT ( * ) SI_UNIT ( $, .STERADIAN. ) SOLID_ANGLE_UNIT ( ) );
#10542 = AXIS2_PLACEMENT_3D ( 'NONE', #3234, #3054, #4979 ) ;
#10543 = CARTESIAN_POINT ( 'NONE',  ( 0.1896577093114374113, -0.02375406862796415261, -0.2674212600919229632 ) ) ;
#10544 = EDGE_CURVE ( 'NONE', #4090, #8305, #8577, .T. ) ;
#10545 = CARTESIAN_POINT ( 'NONE',  ( 0.5048815532786112836, -0.01983667431789086846, -0.04581343370805756460 ) ) ;
#10546 = VECTOR ( 'NONE', #2551, 39.37007874015748143 ) ;
#10547 = STYLED_ITEM ( 'NONE', ( #4228 ), #7487 ) ;
#10548 = DIRECTION ( 'NONE',  ( 2.521108322106260382E-13, 1.000000000000000000, 4.408561494778652430E-28 ) ) ;
#10549 = AXIS2_PLACEMENT_3D ( 'NONE', #7871, #11683, #7147 ) ;
#10550 = ORIENTED_EDGE ( 'NONE', *, *, #6785, .F. ) ;
#10551 = DIRECTION ( 'NONE',  ( 0.9945218953682689600, 0.1045284632676950626, 8.189380864547705479E-12 ) ) ;
#10552 = EDGE_LOOP ( 'NONE', ( #4199, #10550, #9619, #9635 ) ) ;
#10553 = CARTESIAN_POINT ( 'NONE',  ( 0.4920108682644405151, 0.03516481420455506990, -0.02726377977651272058 ) ) ;
#10554 = ORIENTED_EDGE ( 'NONE', *, *, #3966, .T. ) ;
#10555 = FACE_OUTER_BOUND ( 'NONE', #254, .T. ) ;
#10556 = MECHANICAL_DESIGN_GEOMETRIC_PRESENTATION_REPRESENTATION (  '', ( #1858 ), #3398 ) ;
#10557 = FACE_OUTER_BOUND ( 'NONE', #8503, .T. ) ;
#10558 = DIRECTION ( 'NONE',  ( -1.000000000000000000, -6.824337234613477078E-11, -1.067819642909784613E-12 ) ) ;
#10559 = CIRCLE ( 'NONE', #11920, 0.005905511811027564124 ) ;
#10560 = VERTEX_POINT ( 'NONE', #10190 ) ;
#10561 =( GEOMETRIC_REPRESENTATION_CONTEXT ( 3 ) GLOBAL_UNCERTAINTY_ASSIGNED_CONTEXT ( ( #6816 ) ) GLOBAL_UNIT_ASSIGNED_CONTEXT ( ( #1827, #11938, #1888 ) ) REPRESENTATION_CONTEXT ( 'NONE', 'WORKASPACE' ) );
#10562 = CARTESIAN_POINT ( 'NONE',  ( 0.4554196763415381821, 0.04500733388959449188, -0.08376177190290670649 ) ) ;
#10563 = DIRECTION ( 'NONE',  ( 0.9945218953682689600, 0.1045284632676950626, 8.189380864547705479E-12 ) ) ;
#10564 = ADVANCED_FACE ( 'NONE', ( #6475 ), #1892, .F. ) ;
#10565 = CARTESIAN_POINT ( 'NONE',  ( 0.1897414014858934961, -0.02373449098435563565, -0.1674212600919229299 ) ) ;
#10566 = EDGE_LOOP ( 'NONE', ( #2625, #11497, #7682, #10288 ) ) ;
#10567 = ORIENTED_EDGE ( 'NONE', *, *, #2690, .T. ) ;
#10568 =( NAMED_UNIT ( * ) SI_UNIT ( $, .STERADIAN. ) SOLID_ANGLE_UNIT ( ) );
#10569 = FACE_OUTER_BOUND ( 'NONE', #10439, .T. ) ;
#10570 = CARTESIAN_POINT ( 'NONE',  ( 0.3142156862761680269, 0.1020939480628585000, -0.007578740406095896970 ) ) ;
#10571 = ADVANCED_FACE ( 'NONE', ( #2163 ), #5909, .F. ) ;
#10572 = FILL_AREA_STYLE ('',( #7053 ) ) ;
#10573 = DIRECTION ( 'NONE',  ( 4.118119432544784945E-12, -6.769445330773128887E-27, -1.000000000000000000 ) ) ;
#10574 = DIMENSIONAL_EXPONENTS ( 1.000000000000000000, 0.0000000000000000000, 0.0000000000000000000, 0.0000000000000000000, 0.0000000000000000000, 0.0000000000000000000, 0.0000000000000000000 ) ;
#10575 = ORIENTED_EDGE ( 'NONE', *, *, #7644, .F. ) ;
#10576 =( CONVERSION_BASED_UNIT ( 'INCH', #3421 ) LENGTH_UNIT ( ) NAMED_UNIT ( #8830 ) );
#10577 = CARTESIAN_POINT ( 'NONE',  ( 0.4920108682644405151, 0.03516481420455506990, -0.02726377977651272058 ) ) ;
#10578 = CARTESIAN_POINT ( 'NONE',  ( 0.4254818849634287581, 0.1217789874329370109, -0.2319881892249934519 ) ) ;
#10579 = LENGTH_MEASURE_WITH_UNIT ( LENGTH_MEASURE( 0.02539999999999999897 ), #7977 );
#10580 =( NAMED_UNIT ( * ) PLANE_ANGLE_UNIT ( ) SI_UNIT ( $, .RADIAN. ) );
#10581 = EDGE_CURVE ( 'NONE', #3419, #3641, #7741, .T. ) ;
#10582 = EDGE_LOOP ( 'NONE', ( #222, #2047, #5023, #9704 ) ) ;
#10583 = PRESENTATION_STYLE_ASSIGNMENT (( #10768 ) ) ;
#10584 = FACE_OUTER_BOUND ( 'NONE', #8677, .T. ) ;
#10585 = UNCERTAINTY_MEASURE_WITH_UNIT (LENGTH_MEASURE( 1.000000000000000082E-05 ), #10669, 'distance_accuracy_value', 'NONE');
#10586 = LENGTH_MEASURE_WITH_UNIT ( LENGTH_MEASURE( 0.02539999999999999897 ), #11554 );
#10587 = COLOUR_RGB ( '',0.7607843137254901578, 0.7607843137254901578, 0.0000000000000000000 ) ;
#10588 = ORIENTED_EDGE ( 'NONE', *, *, #4289, .T. ) ;
#10589 = DIRECTION ( 'NONE',  ( 1.644517855226008195E-15, 1.000000000000000000, 2.890435660536364269E-30 ) ) ;
#10590 = VERTEX_POINT ( 'NONE', #3308 ) ;
#10591 = CARTESIAN_POINT ( 'NONE',  ( 0.5150364717968908268, -0.02049086673026027580, -0.2682142817552007341 ) ) ;
#10592 = CARTESIAN_POINT ( 'NONE',  ( 0.4920108682637904796, 0.02729079845652353231, -0.1482266144221819626 ) ) ;
#10593 = EDGE_LOOP ( 'NONE', ( #5456, #4062, #8239 ) ) ;
#10594 = VECTOR ( 'NONE', #4434, 39.37007874015748143 ) ;
#10595 = FACE_OUTER_BOUND ( 'NONE', #10893, .T. ) ;
#10596 = LINE ( 'NONE', #8059, #9176 ) ;
#10597 = ADVANCED_FACE ( 'NONE', ( #2338 ), #9754, .F. ) ;
#10598 = ORIENTED_EDGE ( 'NONE', *, *, #11934, .T. ) ;
#10599 = CARTESIAN_POINT ( 'NONE',  ( 0.3928014512908303835, 0.1434325307400276250, -0.2360039372566872795 ) ) ;
#10600 = DIRECTION ( 'NONE',  ( 1.000000000000000000, -1.644517855226007801E-15, 1.748601263784622143E-15 ) ) ;
#10601 = SURFACE_STYLE_FILL_AREA ( #4952 ) ;
#10602 = VECTOR ( 'NONE', #7584, 39.37007874015748143 ) ;
#10603 = DIMENSIONAL_EXPONENTS ( 1.000000000000000000, 0.0000000000000000000, 0.0000000000000000000, 0.0000000000000000000, 0.0000000000000000000, 0.0000000000000000000, 0.0000000000000000000 ) ;
#10604 = CARTESIAN_POINT ( 'NONE',  ( 0.3928014512908295508, 0.1434325307400276528, -0.03600393725668725453 ) ) ;
#10605 = VERTEX_POINT ( 'NONE', #7860 ) ;
#10606 = ORIENTED_EDGE ( 'NONE', *, *, #8341, .F. ) ;
#10607 = AXIS2_PLACEMENT_3D ( 'NONE', #8667, #1540, #7946 ) ;
#10608 = FILL_AREA_STYLE ('',( #5073 ) ) ;
#10609 = ORIENTED_EDGE ( 'NONE', *, *, #7588, .T. ) ;
#10610 =( NAMED_UNIT ( * ) PLANE_ANGLE_UNIT ( ) SI_UNIT ( $, .RADIAN. ) );
#10611 = EDGE_CURVE ( 'NONE', #3040, #7017, #11127, .T. ) ;
#10612 = SURFACE_STYLE_USAGE ( .BOTH. , #2184 ) ;
#10613 = EDGE_LOOP ( 'NONE', ( #8167, #10437, #6709, #989, #3736, #3607, #5828, #8430 ) ) ;
#10614 = FACE_OUTER_BOUND ( 'NONE', #1740, .T. ) ;
#10615 = UNCERTAINTY_MEASURE_WITH_UNIT (LENGTH_MEASURE( 1.000000000000000082E-05 ), #11747, 'distance_accuracy_value', 'NONE');
#10616 = CARTESIAN_POINT ( 'NONE',  ( 0.4754786166452393825, 0.04500733388959444331, -0.1878937010364914451 ) ) ;
#10617 = ORIENTED_EDGE ( 'NONE', *, *, #5471, .F. ) ;
#10618 = ORIENTED_EDGE ( 'NONE', *, *, #4489, .F. ) ;
#10619 = SURFACE_SIDE_STYLE ('',( #594 ) ) ;
#10620 = EDGE_CURVE ( 'NONE', #230, #805, #11701, .T. ) ;
#10621 = LINE ( 'NONE', #2314, #5947 ) ;
#10622 = CARTESIAN_POINT ( 'NONE',  ( 0.2021550464030787697, -0.01818255847634997827, -0.1713582679659386987 ) ) ;
#10623 = AXIS2_PLACEMENT_3D ( 'NONE', #1883, #5567, #2889 ) ;
#10624 = DIRECTION ( 'NONE',  ( 1.000000000000000000, -1.644517855226007998E-15, -1.748601263784621946E-15 ) ) ;
#10625 = CARTESIAN_POINT ( 'NONE',  ( 0.1843617094242558652, -0.02585880784268854496, -0.1477362207218441970 ) ) ;
#10626 = LINE ( 'NONE', #10867, #3228 ) ;
#10627 = CARTESIAN_POINT ( 'NONE',  ( 0.2506952668933096762, 0.03516481420455545848, -0.03730122072145040241 ) ) ;
#10628 = LINE ( 'NONE', #11592, #7278 ) ;
#10629 = VERTEX_POINT ( 'NONE', #7981 ) ;
#10630 = DIRECTION ( 'NONE',  ( 1.644517855226008195E-15, 1.000000000000000000, 2.890435660536364269E-30 ) ) ;
#10631 = EDGE_LOOP ( 'NONE', ( #3430, #5913, #4078, #5781, #11834, #341, #2918, #336, #536, #4760 ) ) ;
#10632 = EDGE_CURVE ( 'NONE', #651, #10371, #4205, .T. ) ;
#10633 = CARTESIAN_POINT ( 'NONE',  ( 0.4754786166452190099, 0.04240671319253163513, 0.01210629896319561152 ) ) ;
#10634 = LINE ( 'NONE', #5049, #14 ) ;
#10635 = CARTESIAN_POINT ( 'NONE',  ( 0.5172050357898655415, -0.02375406862796464874, -0.06742126009126593600 ) ) ;
#10636 = MECHANICAL_DESIGN_GEOMETRIC_PRESENTATION_REPRESENTATION (  '', ( #4667 ), #11242 ) ;
#10637 = FACE_OUTER_BOUND ( 'NONE', #5814, .T. ) ;
#10638 =( CONVERSION_BASED_UNIT ( 'INCH', #5902 ) LENGTH_UNIT ( ) NAMED_UNIT ( #3409 ) );
#10639 = VECTOR ( 'NONE', #2456, 39.37007874015748143 ) ;
#10640 = ORIENTED_EDGE ( 'NONE', *, *, #3807, .T. ) ;
#10641 = CARTESIAN_POINT ( 'NONE',  ( 0.2313841284562633827, 0.04500733388959482495, -0.2878937010362536131 ) ) ;
#10642 = CARTESIAN_POINT ( 'NONE',  ( 0.1896577093114373835, -0.02375406862796415261, -0.2477362207218442025 ) ) ;
#10643 = VECTOR ( 'NONE', #9735, 39.37007874015748143 ) ;
#10644 = ORIENTED_EDGE ( 'NONE', *, *, #11695, .T. ) ;
#10645 = FILL_AREA_STYLE_COLOUR ( '', #1251 ) ;
#10646 = EDGE_CURVE ( 'NONE', #7554, #2438, #8698, .T. ) ;
#10647 = VERTEX_POINT ( 'NONE', #1386 ) ;
#10648 = CARTESIAN_POINT ( 'NONE',  ( 0.1918262733044194535, -0.02049086673025977273, -0.2469431990579271929 ) ) ;
#10649 = VERTEX_POINT ( 'NONE', #9824 ) ;
#10650 = ORIENTED_EDGE ( 'NONE', *, *, #418, .T. ) ;
#10651 = EDGE_CURVE ( 'NONE', #5938, #10251, #1515, .T. ) ;
#10652 = ORIENTED_EDGE ( 'NONE', *, *, #4217, .F. ) ;
#10653 = LINE ( 'NONE', #5200, #1560 ) ;
#10654 =( NAMED_UNIT ( * ) PLANE_ANGLE_UNIT ( ) SI_UNIT ( $, .RADIAN. ) );
#10655 = VECTOR ( 'NONE', #11328, 39.37007874015748143 ) ;
#10656 = FILL_AREA_STYLE_COLOUR ( '', #9203 ) ;
#10657 = FACE_OUTER_BOUND ( 'NONE', #7242, .T. ) ;
#10658 = LINE ( 'NONE', #2354, #9573 ) ;
#10659 = VERTEX_POINT ( 'NONE', #8888 ) ;
#10660 = ADVANCED_FACE ( 'NONE', ( #3125 ), #5847, .T. ) ;
#10661 = VERTEX_POINT ( 'NONE', #6154 ) ;
#10662 = AXIS2_PLACEMENT_3D ( 'NONE', #9877, #1574, #5901 ) ;
#10663 = VERTEX_POINT ( 'NONE', #7075 ) ;
#10664 = EDGE_CURVE ( 'NONE', #11260, #1031, #7193, .T. ) ;
#10665 = LINE ( 'NONE', #4169, #5587 ) ;
#10666 =( LENGTH_UNIT ( ) NAMED_UNIT ( * ) SI_UNIT ( $, .METRE. ) );
#10667 = VERTEX_POINT ( 'NONE', #11859 ) ;
#10668 = FILL_AREA_STYLE ('',( #2492 ) ) ;
#10669 =( CONVERSION_BASED_UNIT ( 'INCH', #5082 ) LENGTH_UNIT ( ) NAMED_UNIT ( #6187 ) );
#10670 = DIRECTION ( 'NONE',  ( -1.000000000000000000, 1.644517855226007801E-15, -1.778650912061784734E-12 ) ) ;
#10671 =( GEOMETRIC_REPRESENTATION_CONTEXT ( 3 ) GLOBAL_UNCERTAINTY_ASSIGNED_CONTEXT ( ( #5846 ) ) GLOBAL_UNIT_ASSIGNED_CONTEXT ( ( #7942, #6967, #5145 ) ) REPRESENTATION_CONTEXT ( 'NONE', 'WORKASPACE' ) );
#10672 = SURFACE_SIDE_STYLE ('',( #9730 ) ) ;
#10673 = EDGE_CURVE ( 'NONE', #6002, #7850, #6657, .T. ) ;
#10674 = ORIENTED_EDGE ( 'NONE', *, *, #1168, .F. ) ;
#10675 = DIMENSIONAL_EXPONENTS ( 1.000000000000000000, 0.0000000000000000000, 0.0000000000000000000, 0.0000000000000000000, 0.0000000000000000000, 0.0000000000000000000, 0.0000000000000000000 ) ;
#10676 = ORIENTED_EDGE ( 'NONE', *, *, #8811, .T. ) ;
#10677 = CARTESIAN_POINT ( 'NONE',  ( 0.4625214697563023170, 0.03516481420455509072, -0.1833849212005051743 ) ) ;
#10678 = AXIS2_PLACEMENT_3D ( 'NONE', #10481, #10428, #4881 ) ;
#10679 = PRESENTATION_STYLE_ASSIGNMENT (( #4371 ) ) ;
#10680 = CARTESIAN_POINT ( 'NONE',  ( 0.4536010832257907910, 0.04500733388959445719, -0.2370142308545209464 ) ) ;
#10681 = DIRECTION ( 'NONE',  ( -0.4273849607944149032, 7.028421990814850682E-16, -0.9040697402782356118 ) ) ;
#10682 = B_SPLINE_CURVE_WITH_KNOTS ( 'NONE', 3,
 ( #8559, #11183, #5893, #4000, #7667, #7724 ),
 .UNSPECIFIED., .F., .F.,
 ( 4, 2, 4 ),
 ( 1.305552300251627978E-18, 7.684400780240885007E-05, 0.0001536880156048163991 ),
 .UNSPECIFIED. ) ;
#10683 = DIRECTION ( 'NONE',  ( 1.000000000000000000, -1.644517855226007801E-15, 1.748601263784621748E-15 ) ) ;
#10684 = EDGE_LOOP ( 'NONE', ( #379, #3686, #7398, #9167, #7087, #5599, #817, #6287 ) ) ;
#10685 = DIRECTION ( 'NONE',  ( 1.644517855226008195E-15, 1.000000000000000000, 2.890435660536364269E-30 ) ) ;
#10686 = VERTEX_POINT ( 'NONE', #2528 ) ;
#10687 = CARTESIAN_POINT ( 'NONE',  ( 0.3928014512908295508, 0.1434325307400276528, -0.03600393725668725453 ) ) ;
#10688 = LINE ( 'NONE', #8093, #2026 ) ;
#10689 = CARTESIAN_POINT ( 'NONE',  ( 0.5054204884983556356, -0.02496430041343707454, -0.07529527583939450708 ) ) ;
#10690 = CARTESIAN_POINT ( 'NONE',  ( 0.2514430687598452341, 0.04500733388959482495, -0.08376177190259220806 ) ) ;
#10691 = FILL_AREA_STYLE_COLOUR ( '', #2998 ) ;
#10692 =( NAMED_UNIT ( * ) PLANE_ANGLE_UNIT ( ) SI_UNIT ( $, .RADIAN. ) );
#10693 = CARTESIAN_POINT ( 'NONE',  ( 0.5092218448041275769, -0.01405121771457883313, -0.1375000002488119544 ) ) ;
#10694 = ORIENTED_EDGE ( 'NONE', *, *, #1832, .F. ) ;
#10695 = AXIS2_PLACEMENT_3D ( 'NONE', #8172, #1648, #11869 ) ;
#10696 = FACE_OUTER_BOUND ( 'NONE', #6280, .T. ) ;
#10697 = ADVANCED_FACE ( 'NONE', ( #9883 ), #11797, .T. ) ;
#10698 = UNCERTAINTY_MEASURE_WITH_UNIT (LENGTH_MEASURE( 1.000000000000000082E-05 ), #4794, 'distance_accuracy_value', 'NONE');
#10699 = CARTESIAN_POINT ( 'NONE',  ( 0.1916536552706496754, -0.02393547695607437659, -0.1752952758399544120 ) ) ;
#10700 = COLOUR_RGB ( '',1.000000000000000000, 1.000000000000000000, 1.000000000000000000 ) ;
#10701 = VERTEX_POINT ( 'NONE', #1579 ) ;
#10702 = CARTESIAN_POINT ( 'NONE',  ( 0.4625214697563027055, 0.03516481420455506990, -0.2833849212005051799 ) ) ;
#10703 = VERTEX_POINT ( 'NONE', #10109 ) ;
#10704 = DIRECTION ( 'NONE',  ( 0.4273849607752874813, -7.028421990500299298E-16, 0.9040697402872777122 ) ) ;
#10705 =( CONVERSION_BASED_UNIT ( 'INCH', #8957 ) LENGTH_UNIT ( ) NAMED_UNIT ( #10997 ) );
#10706 = ORIENTED_EDGE ( 'NONE', *, *, #2557, .T. ) ;
#10707 = ORIENTED_EDGE ( 'NONE', *, *, #5556, .F. ) ;
#10708 = FILL_AREA_STYLE ('',( #1761 ) ) ;
#10709 = SURFACE_SIDE_STYLE ('',( #11620 ) ) ;
#10710 = ORIENTED_EDGE ( 'NONE', *, *, #1604, .F. ) ;
#10711 = LINE ( 'NONE', #6829, #4502 ) ;
#10712 = AXIS2_PLACEMENT_3D ( 'NONE', #8201, #11904, #3595 ) ;
#10713 = LINE ( 'NONE', #5389, #7182 ) ;
#10714 =( CONVERSION_BASED_UNIT ( 'INCH', #4409 ) LENGTH_UNIT ( ) NAMED_UNIT ( #3715 ) );
#10715 = EDGE_CURVE ( 'NONE', #1393, #7397, #1702, .T. ) ;
#10716 = VECTOR ( 'NONE', #8455, 39.37007874015748143 ) ;
#10717 =( GEOMETRIC_REPRESENTATION_CONTEXT ( 3 ) GLOBAL_UNCERTAINTY_ASSIGNED_CONTEXT ( ( #6976 ) ) GLOBAL_UNIT_ASSIGNED_CONTEXT ( ( #6662, #10261, #3083 ) ) REPRESENTATION_CONTEXT ( 'NONE', 'WORKASPACE' ) );
#10718 = EDGE_CURVE ( 'NONE', #2775, #10931, #1635, .T. ) ;
#10719 = CARTESIAN_POINT ( 'NONE',  ( 0.2506952668926412664, 0.03516481420455542378, -0.2837617719025922192 ) ) ;
#10720 = STYLED_ITEM ( 'NONE', ( #2143 ), #8075 ) ;
#10721 = ORIENTED_EDGE ( 'NONE', *, *, #8902, .F. ) ;
#10722 = CARTESIAN_POINT ( 'NONE',  ( 0.2006796306912839722, -0.02488414520015494111, -0.2674212600919229077 ) ) ;
#10723 = MECHANICAL_DESIGN_GEOMETRIC_PRESENTATION_REPRESENTATION (  '', ( #5099 ), #1259 ) ;
#10724 = VERTEX_POINT ( 'NONE', #8953 ) ;
#10725 = VERTEX_POINT ( 'NONE', #794 ) ;
#10726 = CIRCLE ( 'NONE', #2791, 0.01771653543307088671 ) ;
#10727 = STYLED_ITEM ( 'NONE', ( #8467 ), #10487 ) ;
#10728 = FACE_OUTER_BOUND ( 'NONE', #8259, .T. ) ;
#10729 = CARTESIAN_POINT ( 'NONE',  ( 0.2372226159768145437, 0.04500733388959481801, -0.2878937010363323834 ) ) ;
#10730 = ORIENTED_EDGE ( 'NONE', *, *, #11636, .F. ) ;
#10731 = VECTOR ( 'NONE', #9539, 39.37007874015748143 ) ;
#10732 = LINE ( 'NONE', #5025, #4448 ) ;
#10733 = LINE ( 'NONE', #11764, #2029 ) ;
#10734 = MECHANICAL_DESIGN_GEOMETRIC_PRESENTATION_REPRESENTATION (  '', ( #8406 ), #7054 ) ;
#10735 = EDGE_CURVE ( 'NONE', #4862, #1156, #844, .T. ) ;
#10736 = EDGE_CURVE ( 'NONE', #7348, #1219, #5319, .T. ) ;
#10737 = UNCERTAINTY_MEASURE_WITH_UNIT (LENGTH_MEASURE( 1.000000000000000082E-05 ), #3338, 'distance_accuracy_value', 'NONE');
#10738 = CARTESIAN_POINT ( 'NONE',  ( 0.2148518768365315912, 0.02729079845652399722, -0.1878937010368047777 ) ) ;
#10739 = AXIS2_PLACEMENT_3D ( 'NONE', #296, #10685, #11595 ) ;
#10740 = ORIENTED_EDGE ( 'NONE', *, *, #3474, .T. ) ;
#10741 = VECTOR ( 'NONE', #4989, 39.37007874015748143 ) ;
#10742 = AXIS2_PLACEMENT_3D ( 'NONE', #3089, #6670, #5821 ) ;
#10743 = ORIENTED_EDGE ( 'NONE', *, *, #3417, .T. ) ;
#10744 = STYLED_ITEM ( 'NONE', ( #625 ), #5584 ) ;
#10745 = AXIS2_PLACEMENT_3D ( 'NONE', #7130, #9938, #8881 ) ;
#10746 = DIRECTION ( 'NONE',  ( 0.9945218953682689600, 0.1045284632676950626, 8.189380864547705479E-12 ) ) ;
#10747 = CARTESIAN_POINT ( 'NONE',  ( 0.4144549945979169037, 0.1060309559368543542, -0.2319881892249934519 ) ) ;
#10748 = ADVANCED_FACE ( 'NONE', ( #9081 ), #4393, .T. ) ;
#10749 = DIRECTION ( 'NONE',  ( 1.555145074134650487E-15, 0.9987523388778386524, 0.04993761694401192830 ) ) ;
#10750 = DIRECTION ( 'NONE',  ( -1.090273704650698649E-09, 0.0000000000000000000, 1.000000000000000000 ) ) ;
#10751 = ADVANCED_FACE ( 'NONE', ( #5558 ), #1931, .F. ) ;
#10752 = AXIS2_PLACEMENT_3D ( 'NONE', #10043, #7303, #8210 ) ;
#10753 =( LENGTH_UNIT ( ) NAMED_UNIT ( * ) SI_UNIT ( $, .METRE. ) );
#10754 = AXIS2_PLACEMENT_3D ( 'NONE', #10578, #6084, #1320 ) ;
#10755 = ORIENTED_EDGE ( 'NONE', *, *, #4581, .F. ) ;
#10756 = VERTEX_POINT ( 'NONE', #3834 ) ;
#10757 = SHAPE_DEFINITION_REPRESENTATION ( #4429, #8979 ) ;
#10758 =( LENGTH_UNIT ( ) NAMED_UNIT ( * ) SI_UNIT ( $, .METRE. ) );
#10759 = DIRECTION ( 'NONE',  ( 0.4273849607902093228, -7.028421990745689274E-16, 0.9040697402802237992 ) ) ;
#10760 = DIRECTION ( 'NONE',  ( -1.000000000000000000, 1.644517855226007801E-15, -1.748601263784621748E-15 ) ) ;
#10761 = DIRECTION ( 'NONE',  ( -1.712519015484303964E-10, -1.000000000000000000, 0.0000000000000000000 ) ) ;
#10762 = PLANE ( 'NONE',  #11727 ) ;
#10763 =( LENGTH_UNIT ( ) NAMED_UNIT ( * ) SI_UNIT ( $, .METRE. ) );
#10764 = EDGE_CURVE ( 'NONE', #7035, #10701, #6515, .T. ) ;
#10765 = SURFACE_STYLE_USAGE ( .BOTH. , #2330 ) ;
#10766 = PRESENTATION_STYLE_ASSIGNMENT (( #740 ) ) ;
#10767 = ORIENTED_EDGE ( 'NONE', *, *, #8621, .T. ) ;
#10768 = SURFACE_STYLE_USAGE ( .BOTH. , #11485 ) ;
#10769 =( LENGTH_UNIT ( ) NAMED_UNIT ( * ) SI_UNIT ( $, .METRE. ) );
#10770 = ORIENTED_EDGE ( 'NONE', *, *, #5620, .T. ) ;
#10771 = ORIENTED_EDGE ( 'NONE', *, *, #7585, .F. ) ;
#10772 = CARTESIAN_POINT ( 'NONE',  ( 0.5148390528695251378, -0.01990283707880568381, -0.2685087346391656360 ) ) ;
#10773 = CARTESIAN_POINT ( 'NONE',  ( 0.5163375968542009975, -0.03467250407036626819, -0.2272637797763124856 ) ) ;
#10774 = EDGE_CURVE ( 'NONE', #6138, #5817, #5734, .T. ) ;
#10775 = ORIENTED_EDGE ( 'NONE', *, *, #8438, .T. ) ;
#10776 = LINE ( 'NONE', #11931, #1930 ) ;
#10777 = FACE_OUTER_BOUND ( 'NONE', #152, .T. ) ;
#10778 = ORIENTED_EDGE ( 'NONE', *, *, #7916, .T. ) ;
#10779 = CARTESIAN_POINT ( 'NONE',  ( 0.2506952668928372763, 0.03516481420455545848, -0.03139570891042674922 ) ) ;
#10780 = CARTESIAN_POINT ( 'NONE',  ( 0.2514430687594907954, 0.03516481420455545848, -0.03730122072145040241 ) ) ;
#10781 = DIRECTION ( 'NONE',  ( 0.0000000000000000000, 0.0000000000000000000, 1.000000000000000000 ) ) ;
#10782 = DIRECTION ( 'NONE',  ( -1.748601263784621946E-15, 0.0000000000000000000, 1.000000000000000000 ) ) ;
#10783 = DIRECTION ( 'NONE',  ( 1.748601263784621748E-15, 1.482966057179117483E-32, -1.000000000000000000 ) ) ;
#10784 = STYLED_ITEM ( 'NONE', ( #3729 ), #8887 ) ;
#10785 = ORIENTED_EDGE ( 'NONE', *, *, #11213, .F. ) ;
#10786 = CARTESIAN_POINT ( 'NONE',  ( 0.5483132623143616158, -0.02585880784268912436, -0.06742126009100976591 ) ) ;
#10787 = VECTOR ( 'NONE', #11704, 39.37007874015748143 ) ;
#10788 = ORIENTED_EDGE ( 'NONE', *, *, #2514, .T. ) ;
#10789 = CARTESIAN_POINT ( 'NONE',  ( 0.1896720897116644378, -0.02376973408140352351, -0.06742127273290378364 ) ) ;
#10790 = EDGE_LOOP ( 'NONE', ( #8464, #5033, #2063, #10009 ) ) ;
#10791 = EDGE_CURVE ( 'NONE', #9518, #5507, #60, .T. ) ;
#10792 = EDGE_CURVE ( 'NONE', #8835, #4366, #2765, .T. ) ;
#10793 = DIRECTION ( 'NONE',  ( -8.234490263801784106E-12, 1.353889066150678860E-26, 1.000000000000000000 ) ) ;
#10794 = CARTESIAN_POINT ( 'NONE',  ( 0.5146701546109767600, -0.01880785086054938618, -0.04581343370799370596 ) ) ;
#10795 = CARTESIAN_POINT ( 'NONE',  ( 0.2813808601379166330, 0.1217789874329412020, -0.1831692915873953942 ) ) ;
#10796 = AXIS2_PLACEMENT_3D ( 'NONE', #215, #3926, #2810 ) ;
#10797 = ORIENTED_EDGE ( 'NONE', *, *, #547, .T. ) ;
#10798 = PLANE ( 'NONE',  #8125 ) ;
#10799 = DIRECTION ( 'NONE',  ( 0.1045284632676983655, 0.9945218953682685159, 1.827786029713617844E-16 ) ) ;
#10800 = DIRECTION ( 'NONE',  ( -1.644517855226008195E-15, -1.000000000000000000, -2.890435660536364269E-30 ) ) ;
#10801 = EDGE_CURVE ( 'NONE', #4862, #11459, #8453, .T. ) ;
#10802 = DIRECTION ( 'NONE',  ( -1.000000000000000000, -6.824337234613477078E-11, -1.067819642909784613E-12 ) ) ;
#10803 = PRESENTATION_LAYER_ASSIGNMENT (  '', '', ( #11370 ) ) ;
#10804 = EDGE_LOOP ( 'NONE', ( #9098, #4663, #6492, #8601 ) ) ;
#10805 = ORIENTED_EDGE ( 'NONE', *, *, #4934, .T. ) ;
#10806 = EDGE_CURVE ( 'NONE', #3963, #4583, #3885, .T. ) ;
#10807 =( CONVERSION_BASED_UNIT ( 'INCH', #7110 ) LENGTH_UNIT ( ) NAMED_UNIT ( #2390 ) );
#10808 = LINE ( 'NONE', #11588, #5645 ) ;
#10809 = DIRECTION ( 'NONE',  ( -0.9945218953682689600, -0.1045284632676950626, -8.189380864547703863E-12 ) ) ;
#10810 = DIRECTION ( 'NONE',  ( 1.748601263784621946E-15, 0.0000000000000000000, -1.000000000000000000 ) ) ;
#10811 = SURFACE_SIDE_STYLE ('',( #8939 ) ) ;
#10812 = ORIENTED_EDGE ( 'NONE', *, *, #219, .T. ) ;
#10813 = STYLED_ITEM ( 'NONE', ( #11436 ), #602 ) ;
#10814 = LINE ( 'NONE', #8039, #9519 ) ;
#10815 = EDGE_CURVE ( 'NONE', #11253, #1596, #2421, .T. ) ;
#10816 = DIRECTION ( 'NONE',  ( 1.644517855226008195E-15, 1.000000000000000000, 2.890435660536364269E-30 ) ) ;
#10817 = CARTESIAN_POINT ( 'NONE',  ( 0.2148518768365314524, 0.02729079845652399722, -0.1272637797769622658 ) ) ;
#10818 = CARTESIAN_POINT ( 'NONE',  ( 0.5152090898304260147, -0.02393547695607489006, -0.03986220497317212452 ) ) ;
#10819 = ORIENTED_EDGE ( 'NONE', *, *, #9348, .T. ) ;
#10820 = SURFACE_STYLE_FILL_AREA ( #5122 ) ;
#10821 = MECHANICAL_DESIGN_GEOMETRIC_PRESENTATION_REPRESENTATION (  '', ( #1356 ), #6 ) ;
#10822 = COLOUR_RGB ( '',0.7607843137254901578, 0.7607843137254901578, 0.0000000000000000000 ) ;
#10823 = UNCERTAINTY_MEASURE_WITH_UNIT (LENGTH_MEASURE( 1.000000000000000082E-05 ), #9541, 'distance_accuracy_value', 'NONE');
#10824 = VECTOR ( 'NONE', #6419, 39.37007874015748143 ) ;
#10825 = DIRECTION ( 'NONE',  ( -0.3079484342811882325, 0.0000000000000000000, -0.9514030490931616457 ) ) ;
#10826 = EDGE_CURVE ( 'NONE', #11860, #4167, #9264, .T. ) ;
#10827 = ORIENTED_EDGE ( 'NONE', *, *, #1714, .F. ) ;
#10828 = SURFACE_STYLE_USAGE ( .BOTH. , #676 ) ;
#10829 = VECTOR ( 'NONE', #5440, 39.37007874015748143 ) ;
#10830 = DIRECTION ( 'NONE',  ( 8.234490263801784106E-12, -1.353889066150678573E-26, -1.000000000000000000 ) ) ;
#10831 = CARTESIAN_POINT ( 'NONE',  ( 0.2148518768365311749, 0.03516481420455551399, -0.08789370103680475832 ) ) ;
#10832 = LINE ( 'NONE', #5823, #5630 ) ;
#10833 = CYLINDRICAL_SURFACE ( 'NONE', #9051, 0.01771653543307089712 ) ;
#10834 = CARTESIAN_POINT ( 'NONE',  ( 0.2924077505034288205, 0.1060309559368545623, -0.2823818900125920628 ) ) ;
#10835 = ORIENTED_EDGE ( 'NONE', *, *, #10447, .F. ) ;
#10836 = PLANE ( 'NONE',  #3901 ) ;
#10837 = CARTESIAN_POINT ( 'NONE',  ( 0.1585494827869405043, -0.03570132752772788021, -0.04773622072184426079 ) ) ;
#10838 = LINE ( 'NONE', #6035, #3379 ) ;
#10839 = DIMENSIONAL_EXPONENTS ( 1.000000000000000000, 0.0000000000000000000, 0.0000000000000000000, 0.0000000000000000000, 0.0000000000000000000, 0.0000000000000000000, 0.0000000000000000000 ) ;
#10840 = STYLED_ITEM ( 'NONE', ( #11273 ), #2494 ) ;
#10841 = ADVANCED_FACE ( 'NONE', ( #10171 ), #173, .F. ) ;
#10842 = CARTESIAN_POINT ( 'NONE',  ( 0.2014422566030113770, -0.02496430041343658535, -0.07529527583995439255 ) ) ;
#10843 = VERTEX_POINT ( 'NONE', #3113 ) ;
#10844 = CARTESIAN_POINT ( 'NONE',  ( 0.2514430687598455672, 0.03516481420455543766, -0.1313957089104267617 ) ) ;
#10845 = VERTEX_POINT ( 'NONE', #4189 ) ;
#10846 = DIRECTION ( 'NONE',  ( 0.3079484342921974260, 0.0000000000000000000, 0.9514030490895979408 ) ) ;
#10847 = VERTEX_POINT ( 'NONE', #10509 ) ;
#10848 =( CONVERSION_BASED_UNIT ( 'INCH', #9960 ) LENGTH_UNIT ( ) NAMED_UNIT ( #8828 ) );
#10849 = CARTESIAN_POINT ( 'NONE',  ( 0.4754786166453184304, 0.04500733388959442249, -0.2272637797769618828 ) ) ;
#10850 =( GEOMETRIC_REPRESENTATION_CONTEXT ( 3 ) GLOBAL_UNCERTAINTY_ASSIGNED_CONTEXT ( ( #5267 ) ) GLOBAL_UNIT_ASSIGNED_CONTEXT ( ( #8436, #11341, #8610 ) ) REPRESENTATION_CONTEXT ( 'NONE', 'WORKASPACE' ) );
#10851 = CARTESIAN_POINT ( 'NONE',  ( 0.3140612938105267204, 0.1021333181416025776, -0.1329724411934974648 ) ) ;
#10852 = ORIENTED_EDGE ( 'NONE', *, *, #1169, .T. ) ;
#10853 = FACE_OUTER_BOUND ( 'NONE', #2648, .T. ) ;
#10854 = DIRECTION ( 'NONE',  ( -9.092110181669310719E-13, -9.570555026740999025E-12, -1.000000000000000000 ) ) ;
#10855 = ADVANCED_FACE ( 'NONE', ( #2322 ), #1311, .F. ) ;
#10856 = UNCERTAINTY_MEASURE_WITH_UNIT (LENGTH_MEASURE( 1.000000000000000082E-05 ), #2269, 'distance_accuracy_value', 'NONE');
#10857 = CARTESIAN_POINT ( 'NONE',  ( 0.2372226159726404382, 0.04500733388959485270, -0.02726377977696224642 ) ) ;
#10858 = VECTOR ( 'NONE', #10389, 39.37007874015748854 ) ;
#10859 = PRESENTATION_LAYER_ASSIGNMENT (  '', '', ( #1790 ) ) ;
#10860 = ORIENTED_EDGE ( 'NONE', *, *, #2153, .F. ) ;
#10861 = ORIENTED_EDGE ( 'NONE', *, *, #3894, .T. ) ;
#10862 = SURFACE_STYLE_USAGE ( .BOTH. , #4369 ) ;
#10863 = LINE ( 'NONE', #3225, #10530 ) ;
#10864 = LINE ( 'NONE', #11839, #5243 ) ;
#10865 =( CONVERSION_BASED_UNIT ( 'INCH', #11045 ) LENGTH_UNIT ( ) NAMED_UNIT ( #9474 ) );
#10866 = DIRECTION ( 'NONE',  ( 1.748601263784621946E-15, 0.0000000000000000000, -1.000000000000000000 ) ) ;
#10867 = CARTESIAN_POINT ( 'NONE',  ( 0.3928014512908299394, 0.1020939480628583473, -0.1821850396188912091 ) ) ;
#10868 = AXIS2_PLACEMENT_3D ( 'NONE', #8474, #3133, #3075 ) ;
#10869 = MECHANICAL_DESIGN_GEOMETRIC_PRESENTATION_REPRESENTATION (  '', ( #238 ), #360 ) ;
#10870 = FACE_OUTER_BOUND ( 'NONE', #8018, .T. ) ;
#10871 = EDGE_CURVE ( 'NONE', #11809, #11540, #9618, .T. ) ;
#10872 = VERTEX_POINT ( 'NONE', #1258 ) ;
#10873 = FILL_AREA_STYLE ('',( #4311 ) ) ;
#10874 = DIRECTION ( 'NONE',  ( 0.0000000000000000000, 0.0000000000000000000, 1.000000000000000000 ) ) ;
#10875 = PLANE ( 'NONE',  #6095 ) ;
#10876 = CARTESIAN_POINT ( 'NONE',  ( 0.1923664450707125995, -0.01715373501898777298, -0.1713582679659386987 ) ) ;
#10877 = CARTESIAN_POINT ( 'NONE',  ( 0.5225010356770466435, -0.03570132752772847001, -0.06742126009122235974 ) ) ;
#10878 =( NAMED_UNIT ( * ) PLANE_ANGLE_UNIT ( ) SI_UNIT ( $, .RADIAN. ) );
#10879 = CARTESIAN_POINT ( 'NONE',  ( 0.2443412753448061248, 0.03516481420455544460, -0.1317725596127890531 ) ) ;
#10880 = VERTEX_POINT ( 'NONE', #5043 ) ;
#10881 = CARTESIAN_POINT ( 'NONE',  ( 0.2685386460637516071, 0.04008607404707512090, -0.08789370103680468893 ) ) ;
#10882 = ADVANCED_FACE ( 'NONE', ( #3948 ), #8744, .T. ) ;
#10883 = CARTESIAN_POINT ( 'NONE',  ( 0.4554196763416175076, 0.03516481420455509072, -0.2313957089112138044 ) ) ;
#10884 = VERTEX_POINT ( 'NONE', #6877 ) ;
#10885 = CARTESIAN_POINT ( 'NONE',  ( 0.4554196763416171190, 0.03516481420455510459, -0.1313957089112138266 ) ) ;
#10886 = CARTESIAN_POINT ( 'NONE',  ( 0.5098570882031397966, -0.02450745300942765506, -0.1477362207212477019 ) ) ;
#10887 = FACE_OUTER_BOUND ( 'NONE', #5868, .T. ) ;
#10888 = ORIENTED_EDGE ( 'NONE', *, *, #5636, .T. ) ;
#10889 = DIRECTION ( 'NONE',  ( 0.0000000000000000000, 0.0000000000000000000, 1.000000000000000000 ) ) ;
#10890 = AXIS2_PLACEMENT_3D ( 'NONE', #3383, #687, #4278 ) ;
#10891 = SURFACE_SIDE_STYLE ('',( #11807 ) ) ;
#10892 = FACE_OUTER_BOUND ( 'NONE', #6656, .T. ) ;
#10893 = EDGE_LOOP ( 'NONE', ( #2531, #7599, #6865, #11878 ) ) ;
#10894 = CARTESIAN_POINT ( 'NONE',  ( 0.4254818849634287581, 0.1217789874329370109, -0.2319881892249934519 ) ) ;
#10895 = EDGE_CURVE ( 'NONE', #8911, #10605, #9741, .T. ) ;
#10896 =( NAMED_UNIT ( * ) PLANE_ANGLE_UNIT ( ) SI_UNIT ( $, .RADIAN. ) );
#10897 = LENGTH_MEASURE_WITH_UNIT ( LENGTH_MEASURE( 0.02539999999999999897 ), #7209 );
#10898 = VECTOR ( 'NONE', #3281, 39.37007874015748143 ) ;
#10899 = EDGE_LOOP ( 'NONE', ( #11255, #9338, #4829, #6357 ) ) ;
#10900 = DIRECTION ( 'NONE',  ( 1.748601263784621946E-15, -2.465190328815662439E-32, -1.000000000000000000 ) ) ;
#10901 = EDGE_LOOP ( 'NONE', ( #4313, #5335, #8880, #9894 ) ) ;
#10902 = DIRECTION ( 'NONE',  ( -1.748601263784621946E-15, 0.0000000000000000000, 1.000000000000000000 ) ) ;
#10903 = VERTEX_POINT ( 'NONE', #4125 ) ;
#10904 = COLOUR_RGB ( '',0.7607843137254901578, 0.7607843137254901578, 0.0000000000000000000 ) ;
#10905 = FACE_OUTER_BOUND ( 'NONE', #9022, .T. ) ;
#10906 = EDGE_CURVE ( 'NONE', #170, #9742, #7450, .T. ) ;
#10907 = AXIS2_PLACEMENT_3D ( 'NONE', #2730, #3567, #11086 ) ;
#10908 = ORIENTED_EDGE ( 'NONE', *, *, #8424, .F. ) ;
#10909 = DIRECTION ( 'NONE',  ( -5.450240952997740675E-10, 0.0000000000000000000, -1.000000000000000000 ) ) ;
#10910 = MECHANICAL_DESIGN_GEOMETRIC_PRESENTATION_REPRESENTATION (  '', ( #5499 ), #8578 ) ;
#10911 = CARTESIAN_POINT ( 'NONE',  ( 0.2412266368237435954, 0.1020939480628625523, -0.4075787404069424746 ) ) ;
#10912 = COLOUR_RGB ( '',0.7607843137254901578, 0.7607843137254901578, 0.0000000000000000000 ) ;
#10913 = STYLED_ITEM ( 'NONE', ( #6274 ), #4860 ) ;
#10914 = AXIS2_PLACEMENT_3D ( 'NONE', #2254, #3986, #1417 ) ;
#10915 = VERTEX_POINT ( 'NONE', #10460 ) ;
#10916 = DIMENSIONAL_EXPONENTS ( 1.000000000000000000, 0.0000000000000000000, 0.0000000000000000000, 0.0000000000000000000, 0.0000000000000000000, 0.0000000000000000000, 0.0000000000000000000 ) ;
#10917 = AXIS2_PLACEMENT_3D ( 'NONE', #6157, #622, #8836 ) ;
#10918 = AXIS2_PLACEMENT_3D ( 'NONE', #5125, #3251, #1451 ) ;
#10919 = ORIENTED_EDGE ( 'NONE', *, *, #1315, .F. ) ;
#10920 = DIRECTION ( 'NONE',  ( -1.748601263784622143E-15, 0.0000000000000000000, 1.000000000000000000 ) ) ;
#10921 = COLOUR_RGB ( '',0.7607843137254901578, 0.7607843137254901578, 0.0000000000000000000 ) ;
#10922 = VECTOR ( 'NONE', #6546, 39.37007874015748143 ) ;
#10923 = DIRECTION ( 'NONE',  ( -1.748601263784621748E-15, -1.482966057179117483E-32, 1.000000000000000000 ) ) ;
#10924 = DIRECTION ( 'NONE',  ( 0.9578264256925002051, -0.2873474173281004851, 0.0000000000000000000 ) ) ;
#10925 = DIRECTION ( 'NONE',  ( 1.644517855226008195E-15, 1.000000000000000000, 2.890435660536364269E-30 ) ) ;
#10926 = DIRECTION ( 'NONE',  ( 1.000000000000000000, -1.582776894139425349E-15, -1.503638049432454012E-14 ) ) ;
#10927 = ADVANCED_FACE ( 'NONE', ( #6077 ), #11541, .F. ) ;
#10928 = LINE ( 'NONE', #96, #6526 ) ;
#10929 = CARTESIAN_POINT ( 'NONE',  ( 0.1962212990249129207, -0.02755782159619247704, -0.04773622072184419141 ) ) ;
#10930 = COLOUR_RGB ( '',0.7607843137254901578, 0.7607843137254901578, 0.0000000000000000000 ) ;
#10931 = VERTEX_POINT ( 'NONE', #6012 ) ;
#10932 = AXIS2_PLACEMENT_3D ( 'NONE', #1572, #1697, #8948 ) ;
#10933 =( NAMED_UNIT ( * ) PLANE_ANGLE_UNIT ( ) SI_UNIT ( $, .RADIAN. ) );
#10934 = VECTOR ( 'NONE', #3065, 39.37007874015748143 ) ;
#10935 = PLANE ( 'NONE',  #2432 ) ;
#10936 = CARTESIAN_POINT ( 'NONE',  ( 0.4536010832257904024, 0.04500733388959447800, -0.1370142308545209409 ) ) ;
#10937 = ORIENTED_EDGE ( 'NONE', *, *, #11873, .F. ) ;
#10938 = SURFACE_SIDE_STYLE ('',( #8040 ) ) ;
#10939 = FILL_AREA_STYLE_COLOUR ( '', #1126 ) ;
#10940 =( NAMED_UNIT ( * ) SI_UNIT ( $, .STERADIAN. ) SOLID_ANGLE_UNIT ( ) );
#10941 = EDGE_CURVE ( 'NONE', #9841, #3738, #9813, .T. ) ;
#10942 = PRESENTATION_LAYER_ASSIGNMENT (  '', '', ( #11518 ) ) ;
#10943 = LINE ( 'NONE', #11918, #7362 ) ;
#10944 =( GEOMETRIC_REPRESENTATION_CONTEXT ( 3 ) GLOBAL_UNCERTAINTY_ASSIGNED_CONTEXT ( ( #559 ) ) GLOBAL_UNIT_ASSIGNED_CONTEXT ( ( #848, #6461, #1090 ) ) REPRESENTATION_CONTEXT ( 'NONE', 'WORKASPACE' ) );
#10945 = ORIENTED_EDGE ( 'NONE', *, *, #8520, .F. ) ;
#10946 = CYLINDRICAL_SURFACE ( 'NONE', #6296, 0.007874015748031495954 ) ;
#10947 = UNCERTAINTY_MEASURE_WITH_UNIT (LENGTH_MEASURE( 1.000000000000000082E-05 ), #6551, 'distance_accuracy_value', 'NONE');
#10948 = EDGE_LOOP ( 'NONE', ( #4897, #3859, #5490, #7699 ) ) ;
#10949 = CARTESIAN_POINT ( 'NONE',  ( 0.2006796306912831396, -0.02488414520015490641, -0.06742126009192291047 ) ) ;
#10950 = LENGTH_MEASURE_WITH_UNIT ( LENGTH_MEASURE( 0.02539999999999999897 ), #4648 );
#10951 = CARTESIAN_POINT ( 'NONE',  ( 0.1901773450124064624, -0.02333479306674138970, -0.2477395946475469402 ) ) ;
#10952 = SURFACE_SIDE_STYLE ('',( #7263 ) ) ;
#10953 = EDGE_CURVE ( 'NONE', #5014, #11532, #4861, .T. ) ;
#10954 = EDGE_LOOP ( 'NONE', ( #3781, #2345, #2611, #11635 ) ) ;
#10955 =( NAMED_UNIT ( * ) PLANE_ANGLE_UNIT ( ) SI_UNIT ( $, .RADIAN. ) );
#10956 = EDGE_CURVE ( 'NONE', #8861, #3276, #5108, .T. ) ;
#10957 = ORIENTED_EDGE ( 'NONE', *, *, #10351, .T. ) ;
#10958 = DIRECTION ( 'NONE',  ( -1.582776894139422588E-15, 3.382678050229430240E-31, -1.000000000000000000 ) ) ;
#10959 =( CONVERSION_BASED_UNIT ( 'INCH', #1945 ) LENGTH_UNIT ( ) NAMED_UNIT ( #9154 ) );
#10960 = CARTESIAN_POINT ( 'NONE',  ( 0.3926470588251995686, 0.1217789874329370942, -0.007578740406095759059 ) ) ;
#10961 = UNCERTAINTY_MEASURE_WITH_UNIT (LENGTH_MEASURE( 1.000000000000000082E-05 ), #6548, 'distance_accuracy_value', 'NONE');
#10962 = PLANE ( 'NONE',  #6834 ) ;
#10963 = VERTEX_POINT ( 'NONE', #6930 ) ;
#10964 = EDGE_LOOP ( 'NONE', ( #4869, #2715, #5863, #2253, #11458, #8665, #7309, #7820, #3074, #4578, #3970, #11203, #9866, #9445 ) ) ;
#10965 =( CONVERSION_BASED_UNIT ( 'INCH', #2610 ) LENGTH_UNIT ( ) NAMED_UNIT ( #264 ) );
#10966 = ORIENTED_EDGE ( 'NONE', *, *, #6683, .T. ) ;
#10967 = ADVANCED_FACE ( 'NONE', ( #9557 ), #11359, .F. ) ;
#10968 = DIRECTION ( 'NONE',  ( -1.644517855226007801E-15, -1.000000000000000000, 6.888556729901404633E-28 ) ) ;
#10969 = CARTESIAN_POINT ( 'NONE',  ( 0.2313841284562319633, 0.04500733388959485964, -0.08789370103680475832 ) ) ;
#10970 = ORIENTED_EDGE ( 'NONE', *, *, #470, .F. ) ;
#10971 = PRESENTATION_STYLE_ASSIGNMENT (( #11097 ) ) ;
#10972 = DIRECTION ( 'NONE',  ( 1.644517855226007801E-15, 1.000000000000000000, 2.875605999964572744E-30 ) ) ;
#10973 = STYLED_ITEM ( 'NONE', ( #3050 ), #6001 ) ;
#10974 = DIRECTION ( 'NONE',  ( -8.234490263801784106E-12, 1.353889066150678860E-26, 1.000000000000000000 ) ) ;
#10975 = ORIENTED_EDGE ( 'NONE', *, *, #11669, .T. ) ;
#10976 = EDGE_CURVE ( 'NONE', #9420, #3221, #6750, .T. ) ;
#10977 = VERTEX_POINT ( 'NONE', #362 ) ;
#10978 = ORIENTED_EDGE ( 'NONE', *, *, #9913, .F. ) ;
#10979 = DIRECTION ( 'NONE',  ( -2.080127042981477371E-11, 1.000000000000000000, -6.394884622287363119E-13 ) ) ;
#10980 = CARTESIAN_POINT ( 'NONE',  ( 0.4554196763416171190, 0.03516481420455510459, -0.1373012207222373826 ) ) ;
#10981 = DIRECTION ( 'NONE',  ( -0.05226423163383198817, -0.4972609476841254317, -0.8660254037844445918 ) ) ;
#10982 = DIRECTION ( 'NONE',  ( 1.000000000000000000, -1.261858067872522700E-11, 3.775193864338215445E-12 ) ) ;
#10983 = FILL_AREA_STYLE ('',( #1971 ) ) ;
#10984 = MECHANICAL_DESIGN_GEOMETRIC_PRESENTATION_REPRESENTATION (  '', ( #8282 ), #2474 ) ;
#10985 = FILL_AREA_STYLE ('',( #5363 ) ) ;
#10986 = LINE ( 'NONE', #7360, #2398 ) ;
#10987 =( BOUNDED_CURVE ( )  B_SPLINE_CURVE ( 3, ( #3057, #3782, #2048, #971 ),
 .UNSPECIFIED., .F., .T. ) 
 B_SPLINE_CURVE_WITH_KNOTS ( ( 4, 4 ),
 ( 5.456455938445438747, 6.200522249646922113 ),
 .UNSPECIFIED. ) 
 CURVE ( )  GEOMETRIC_REPRESENTATION_ITEM ( )  RATIONAL_B_SPLINE_CURVE ( ( 1.000000000000000000, 0.9543934657876853578, 0.9543934657876853578, 1.000000000000000000 ) ) 
 REPRESENTATION_ITEM ( '' )  );
#10988 = FILL_AREA_STYLE ('',( #9124 ) ) ;
#10989 = ORIENTED_EDGE ( 'NONE', *, *, #2353, .T. ) ;
#10990 = EDGE_CURVE ( 'NONE', #9597, #7289, #4001, .T. ) ;
#10991 = LINE ( 'NONE', #2693, #9984 ) ;
#10992 = LINE ( 'NONE', #9353, #10098 ) ;
#10993 = ORIENTED_EDGE ( 'NONE', *, *, #11230, .F. ) ;
#10994 = CLOSED_SHELL ( 'NONE', ( #5626, #6135, #10307, #6529, #5906, #4633, #10855, #8607, #9953, #11174 ) ) ;
#10995 =( CONVERSION_BASED_UNIT ( 'INCH', #11978 ) LENGTH_UNIT ( ) NAMED_UNIT ( #2643 ) );
#10996 = LINE ( 'NONE', #5373, #9632 ) ;
#10997 = DIMENSIONAL_EXPONENTS ( 1.000000000000000000, 0.0000000000000000000, 0.0000000000000000000, 0.0000000000000000000, 0.0000000000000000000, 0.0000000000000000000, 0.0000000000000000000 ) ;
#10998 = DIRECTION ( 'NONE',  ( -0.9040697403481670058, 1.445602896646373154E-15, -0.4273849606464854012 ) ) ;
#10999 = VERTEX_POINT ( 'NONE', #11412 ) ;
#11000 =( LENGTH_UNIT ( ) NAMED_UNIT ( * ) SI_UNIT ( $, .METRE. ) );
#11001 = AXIS2_PLACEMENT_3D ( 'NONE', #2433, #3211, #5930 ) ;
#11002 = ADVANCED_FACE ( 'NONE', ( #9681 ), #1502, .F. ) ;
#11003 = VERTEX_POINT ( 'NONE', #7236 ) ;
#11004 = DIRECTION ( 'NONE',  ( 1.644517855226008195E-15, 1.000000000000000000, 2.890435660536364269E-30 ) ) ;
#11005 = CARTESIAN_POINT ( 'NONE',  ( 0.1843617094242552823, -0.01798479209465702819, 0.05177338557736839431 ) ) ;
#11006 = DIRECTION ( 'NONE',  ( -1.000000000000000000, 1.644517855226007801E-15, -8.234490263801784106E-12 ) ) ;
#11007 = ORIENTED_EDGE ( 'NONE', *, *, #4686, .T. ) ;
#11008 = SURFACE_STYLE_USAGE ( .BOTH. , #2593 ) ;
#11009 = FACE_OUTER_BOUND ( 'NONE', #9440, .T. ) ;
#11010 = CARTESIAN_POINT ( 'NONE',  ( 0.2006796306912806138, -0.02488414520016166837, -0.1477362207218441692 ) ) ;
#11011 = COLOUR_RGB ( '',0.7607843137254901578, 0.7607843137254901578, 0.0000000000000000000 ) ;
#11012 = DIRECTION ( 'NONE',  ( 1.644517855226008195E-15, 1.000000000000000000, 2.890435660536364269E-30 ) ) ;
#11013 = ORIENTED_EDGE ( 'NONE', *, *, #9828, .T. ) ;
#11014 = LINE ( 'NONE', #923, #2372 ) ;
#11015 = LINE ( 'NONE', #2776, #11631 ) ;
#11016 = CIRCLE ( 'NONE', #7917, 0.005905511811023620231 ) ;
#11017 = SURFACE_STYLE_FILL_AREA ( #924 ) ;
#11018 = CARTESIAN_POINT ( 'NONE',  ( 0.2453562723636247278, 0.03516481420455546542, -0.08123784496837958835 ) ) ;
#11019 = EDGE_CURVE ( 'NONE', #191, #2070, #8941, .T. ) ;
#11020 = CARTESIAN_POINT ( 'NONE',  ( 0.3928014512908299394, 0.1021333181416024388, -0.1791535435558992695 ) ) ;
#11021 = STYLED_ITEM ( 'NONE', ( #8420 ), #1050 ) ;
#11022 = EDGE_LOOP ( 'NONE', ( #7210, #556, #11655, #3769 ) ) ;
#11023 = CARTESIAN_POINT ( 'NONE',  ( 0.1962212990249137534, -0.02755782159619251173, -0.2477362207218442025 ) ) ;
#11024 = EDGE_CURVE ( 'NONE', #6175, #1753, #2513, .T. ) ;
#11025 = ORIENTED_EDGE ( 'NONE', *, *, #4748, .F. ) ;
#11026 = VERTEX_POINT ( 'NONE', #9930 ) ;
#11027 = DIRECTION ( 'NONE',  ( 0.05226423164096304086, -0.4972609476841247100, -0.8660254037840147134 ) ) ;
#11028 = DIRECTION ( 'NONE',  ( 4.215779961798154935E-13, -6.961681480880728311E-28, 1.000000000000000000 ) ) ;
#11029 = DIMENSIONAL_EXPONENTS ( 1.000000000000000000, 0.0000000000000000000, 0.0000000000000000000, 0.0000000000000000000, 0.0000000000000000000, 0.0000000000000000000, 0.0000000000000000000 ) ;
#11030 = ORIENTED_EDGE ( 'NONE', *, *, #6417, .T. ) ;
#11031 = CIRCLE ( 'NONE', #6388, 0.005905511811027564992 ) ;
#11032 = FACE_OUTER_BOUND ( 'NONE', #2874, .T. ) ;
#11033 = PRESENTATION_LAYER_ASSIGNMENT (  '', '', ( #5008 ) ) ;
#11034 = EDGE_CURVE ( 'NONE', #2488, #6711, #8871, .T. ) ;
#11035 =( NAMED_UNIT ( * ) SI_UNIT ( $, .STERADIAN. ) SOLID_ANGLE_UNIT ( ) );
#11036 = VERTEX_POINT ( 'NONE', #5368 ) ;
#11037 = EDGE_CURVE ( 'NONE', #6106, #5807, #857, .T. ) ;
#11038 = PRESENTATION_LAYER_ASSIGNMENT (  '', '', ( #3856 ) ) ;
#11039 = ORIENTED_EDGE ( 'NONE', *, *, #1817, .T. ) ;
#11040 = ORIENTED_EDGE ( 'NONE', *, *, #8456, .T. ) ;
#11041 = SURFACE_STYLE_FILL_AREA ( #7293 ) ;
#11042 = CARTESIAN_POINT ( 'NONE',  ( 0.4554196763414994353, 0.03516481420455509072, -0.2373012207222373882 ) ) ;
#11043 = ORIENTED_EDGE ( 'NONE', *, *, #9544, .F. ) ;
#11044 = LINE ( 'NONE', #9242, #2795 ) ;
#11045 = LENGTH_MEASURE_WITH_UNIT ( LENGTH_MEASURE( 0.02539999999999999897 ), #5473 );
#11046 = DIRECTION ( 'NONE',  ( -1.000000000000000000, 1.644517855226007801E-15, -8.234490263801784106E-12 ) ) ;
#11047 = LINE ( 'NONE', #218, #3357 ) ;
#11049 = ADVANCED_FACE ( 'NONE', ( #7301 ), #8150, .T. ) ;
#11048 = AXIS2_PLACEMENT_3D ( 'NONE', #7272, #806, #10064 ) ;
#11050 = PLANE ( 'NONE',  #6069 ) ;
#11051 = MECHANICAL_DESIGN_GEOMETRIC_PRESENTATION_REPRESENTATION (  '', ( #2326 ), #5818 ) ;
#11052 = CARTESIAN_POINT ( 'NONE',  ( 0.2372226159726404382, 0.04500733388959485270, -0.02726377977696224642 ) ) ;
#11053 = VERTEX_POINT ( 'NONE', #8091 ) ;
#11054 = CARTESIAN_POINT ( 'NONE',  ( 0.5149982620534931943, -0.02037404134002669329, -0.04688347909477697667 ) ) ;
#11055 = DIRECTION ( 'NONE',  ( -9.092110181669310719E-13, -9.570555026740999025E-12, -1.000000000000000000 ) ) ;
#11056 = CIRCLE ( 'NONE', #7575, 0.005905511811027564124 ) ;
#11057 = EDGE_LOOP ( 'NONE', ( #7818, #9218, #420, #6669 ) ) ;
#11058 = STYLED_ITEM ( 'NONE', ( #6699 ), #2090 ) ;
#11059 = DIRECTION ( 'NONE',  ( 1.748601263784621748E-15, 0.0000000000000000000, -1.000000000000000000 ) ) ;
#11060 = SURFACE_STYLE_FILL_AREA ( #1742 ) ;
#11061 = DIRECTION ( 'NONE',  ( 0.09052430460837394832, 0.8612812260087769900, 0.4999999999999884537 ) ) ;
#11062 = LINE ( 'NONE', #1871, #5801 ) ;
#11063 = EDGE_LOOP ( 'NONE', ( #11893, #11013, #4206, #5071 ) ) ;
#11064 = ADVANCED_FACE ( 'NONE', ( #1565 ), #1736, .T. ) ;
#11065 = EDGE_CURVE ( 'NONE', #7634, #4768, #2637, .T. ) ;
#11066 = CARTESIAN_POINT ( 'NONE',  ( 0.5037097929778033834, -0.008688119764421379718, -0.2272637797764164302 ) ) ;
#11067 = AXIS2_PLACEMENT_3D ( 'NONE', #1783, #11094, #4481 ) ;
#11068 = UNCERTAINTY_MEASURE_WITH_UNIT (LENGTH_MEASURE( 1.000000000000000082E-05 ), #9805, 'distance_accuracy_value', 'NONE');
#11069 = CARTESIAN_POINT ( 'NONE',  ( 0.4920108682644414033, 0.04500733388959440168, -0.2272637797765127421 ) ) ;
#11070 = EDGE_LOOP ( 'NONE', ( #10957, #8159, #33, #7094, #10443, #702 ) ) ;
#11071 = LINE ( 'NONE', #9207, #8576 ) ;
#11072 = CARTESIAN_POINT ( 'NONE',  ( 0.2703607577135457296, -0.06735471599197999371, -0.02687027388247394469 ) ) ;
#11073 = FACE_OUTER_BOUND ( 'NONE', #5535, .T. ) ;
#11074 = CARTESIAN_POINT ( 'NONE',  ( 0.2514430687598451231, 0.04500733388959482495, -0.03139570891042674922 ) ) ;
#11075 = ORIENTED_EDGE ( 'NONE', *, *, #11095, .F. ) ;
#11076 = FILL_AREA_STYLE_COLOUR ( '', #2919 ) ;
#11077 = CARTESIAN_POINT ( 'NONE',  ( 0.2019811918225122294, -0.01983667431789455649, -0.1458134337085990051 ) ) ;
#11078 = DIRECTION ( 'NONE',  ( -8.234490263801784106E-12, 1.353889066150678860E-26, 1.000000000000000000 ) ) ;
#11079 = EDGE_CURVE ( 'NONE', #10915, #10500, #10991, .T. ) ;
#11080 = ORIENTED_EDGE ( 'NONE', *, *, #836, .F. ) ;
#11081 = CARTESIAN_POINT ( 'NONE',  ( 0.1843617094242554211, -0.03570132752772790796, -0.04773622072184419141 ) ) ;
#11082 = DIMENSIONAL_EXPONENTS ( 1.000000000000000000, 0.0000000000000000000, 0.0000000000000000000, 0.0000000000000000000, 0.0000000000000000000, 0.0000000000000000000, 0.0000000000000000000 ) ;
#11083 = FACE_OUTER_BOUND ( 'NONE', #10248, .T. ) ;
#11084 = CARTESIAN_POINT ( 'NONE',  ( 0.3140612938105267204, 0.1060309559368545484, -0.1327755907997967555 ) ) ;
#11085 = ORIENTED_EDGE ( 'NONE', *, *, #2820, .T. ) ;
#11086 = DIRECTION ( 'NONE',  ( 0.0000000000000000000, -0.2873478937908954256, -0.9578262827537863400 ) ) ;
#11087 = PRESENTATION_LAYER_ASSIGNMENT (  '', '', ( #10135 ) ) ;
#11088 = ORIENTED_EDGE ( 'NONE', *, *, #6860, .T. ) ;
#11089 =( NAMED_UNIT ( * ) PLANE_ANGLE_UNIT ( ) SI_UNIT ( $, .RADIAN. ) );
#11090 = ORIENTED_EDGE ( 'NONE', *, *, #6392, .F. ) ;
#11091 = DIRECTION ( 'NONE',  ( 1.644517855226008195E-15, 1.000000000000000000, 2.890435660536364269E-30 ) ) ;
#11092 = SURFACE_SIDE_STYLE ('',( #6415 ) ) ;
#11093 =( LENGTH_UNIT ( ) NAMED_UNIT ( * ) SI_UNIT ( $, .METRE. ) );
#11094 = DIRECTION ( 'NONE',  ( 1.000000000000000000, -1.644517855226008195E-15, -1.387778780775897814E-15 ) ) ;
#11095 = EDGE_CURVE ( 'NONE', #9178, #8072, #7206, .T. ) ;
#11096 = ORIENTED_EDGE ( 'NONE', *, *, #7872, .T. ) ;
#11097 = SURFACE_STYLE_USAGE ( .BOTH. , #3578 ) ;
#11098 = PRESENTATION_LAYER_ASSIGNMENT (  '', '', ( #8196 ) ) ;
#11099 = ORIENTED_EDGE ( 'NONE', *, *, #392, .F. ) ;
#11100 = ORIENTED_EDGE ( 'NONE', *, *, #677, .F. ) ;
#11101 = ORIENTED_EDGE ( 'NONE', *, *, #11136, .F. ) ;
#11102 = FILL_AREA_STYLE_COLOUR ( '', #3583 ) ;
#11103 = CIRCLE ( 'NONE', #10907, 0.007874015748031506362 ) ;
#11104 = COLOUR_RGB ( '',0.7607843137254901578, 0.7607843137254901578, 0.0000000000000000000 ) ;
#11105 = EDGE_CURVE ( 'NONE', #7650, #10345, #4735, .T. ) ;
#11106 =( CONVERSION_BASED_UNIT ( 'INCH', #889 ) LENGTH_UNIT ( ) NAMED_UNIT ( #7 ) );
#11107 = VECTOR ( 'NONE', #9312, 39.37007874015748143 ) ;
#11108 = LENGTH_MEASURE_WITH_UNIT ( LENGTH_MEASURE( 0.02539999999999999897 ), #2986 );
#11109 = EDGE_CURVE ( 'NONE', #8659, #10880, #11503, .T. ) ;
#11110 = CARTESIAN_POINT ( 'NONE',  ( 0.2148518768365320075, 0.04500733388959485270, -0.2878937010368047833 ) ) ;
#11111 = CARTESIAN_POINT ( 'NONE',  ( 0.5225010356770469766, -0.03570132752772849083, -0.1674212600912223792 ) ) ;
#11112 = CIRCLE ( 'NONE', #5870, 0.007874015748031489015 ) ;
#11113 =( LENGTH_UNIT ( ) NAMED_UNIT ( * ) SI_UNIT ( $, .METRE. ) );
#11114 =( GEOMETRIC_REPRESENTATION_CONTEXT ( 3 ) GLOBAL_UNCERTAINTY_ASSIGNED_CONTEXT ( ( #5283 ) ) GLOBAL_UNIT_ASSIGNED_CONTEXT ( ( #7680, #10420, #4658 ) ) REPRESENTATION_CONTEXT ( 'NONE', 'WORKASPACE' ) );
#11115 = ORIENTED_EDGE ( 'NONE', *, *, #2454, .T. ) ;
#11116 = FILL_AREA_STYLE_COLOUR ( '', #6060 ) ;
#11117 = STYLED_ITEM ( 'NONE', ( #5413 ), #8225 ) ;
#11118 = VECTOR ( 'NONE', #11897, 39.37007874015748143 ) ;
#11119 = DIRECTION ( 'NONE',  ( -1.644517855226007801E-15, -1.000000000000000000, -2.890435660536363919E-30 ) ) ;
#11120 = MECHANICAL_DESIGN_GEOMETRIC_PRESENTATION_REPRESENTATION (  '', ( #5316 ), #8035 ) ;
#11121 = EDGE_CURVE ( 'NONE', #10590, #1932, #1441, .T. ) ;
#11122 = VECTOR ( 'NONE', #1673, 39.37007874015748143 ) ;
#11123 = ORIENTED_EDGE ( 'NONE', *, *, #8751, .F. ) ;
#11124 = CARTESIAN_POINT ( 'NONE',  ( 0.3928014512908295508, 0.1020939480628583751, -0.08218503961889118969 ) ) ;
#11125 = LINE ( 'NONE', #9369, #1713 ) ;
#11126 = EDGE_CURVE ( 'NONE', #6190, #5750, #1226, .T. ) ;
#11127 = CIRCLE ( 'NONE', #878, 0.007874015748031494219 ) ;
#11128 = ORIENTED_EDGE ( 'NONE', *, *, #4310, .F. ) ;
#11129 = DIRECTION ( 'NONE',  ( -1.644517855226008392E-15, -1.000000000000000000, -6.123233995736766036E-17 ) ) ;
#11130 = STYLED_ITEM ( 'NONE', ( #8877 ), #5379 ) ;
#11131 = COLOUR_RGB ( '',0.2509803921568627416, 0.2509803921568627416, 0.2509803921568627416 ) ;
#11132 = EDGE_CURVE ( 'NONE', #5576, #1876, #8205, .T. ) ;
#11133 = DIRECTION ( 'NONE',  ( 1.000000000000000000, -1.644517855226007801E-15, 1.748601263784622143E-15 ) ) ;
#11134 = ORIENTED_EDGE ( 'NONE', *, *, #8788, .T. ) ;
#11135 = CARTESIAN_POINT ( 'NONE',  ( 0.3928014512908295508, 0.1434325307400276528, -0.03600393725668725453 ) ) ;
#11136 = EDGE_CURVE ( 'NONE', #3722, #6029, #6833, .T. ) ;
#11137 = SURFACE_SIDE_STYLE ('',( #9327 ) ) ;
#11138 = DIRECTION ( 'NONE',  ( 1.000000000000000000, 0.0000000000000000000, -7.913884470697103077E-16 ) ) ;
#11139 = AXIS2_PLACEMENT_3D ( 'NONE', #1202, #4932, #2052 ) ;
#11140 = VECTOR ( 'NONE', #4391, 39.37007874015748143 ) ;
#11141 = CARTESIAN_POINT ( 'NONE',  ( 0.2070209957706382609, 0.02811385722240983265, -0.1878937010368048610 ) ) ;
#11142 = CARTESIAN_POINT ( 'NONE',  ( 0.2490536793154355388, 0.001406169371563333135, -0.3171361863258071456 ) ) ;
#11143 = LINE ( 'NONE', #8569, #9770 ) ;
#11144 = EDGE_LOOP ( 'NONE', ( #138, #3069, #7105, #7827 ) ) ;
#11145 = CARTESIAN_POINT ( 'NONE',  ( 0.2070209957706386772, 0.02811385722240981530, -0.2878937010368048388 ) ) ;
#11146 = FILL_AREA_STYLE_COLOUR ( '', #5876 ) ;
#11147 = ORIENTED_EDGE ( 'NONE', *, *, #3693, .F. ) ;
#11148 = DIRECTION ( 'NONE',  ( 1.555145074134650487E-15, 0.9987523388778386524, 0.04993761694401192830 ) ) ;
#11149 = EDGE_CURVE ( 'NONE', #11036, #8441, #3620, .T. ) ;
#11150 = ORIENTED_EDGE ( 'NONE', *, *, #5394, .F. ) ;
#11151 =( LENGTH_UNIT ( ) NAMED_UNIT ( * ) SI_UNIT ( $, .METRE. ) );
#11152 = ORIENTED_EDGE ( 'NONE', *, *, #991, .T. ) ;
#11153 = PRESENTATION_STYLE_ASSIGNMENT (( #4666 ) ) ;
#11154 =( NAMED_UNIT ( * ) SI_UNIT ( $, .STERADIAN. ) SOLID_ANGLE_UNIT ( ) );
#11155 = CARTESIAN_POINT ( 'NONE',  ( 0.3140612938105266649, 0.1020939480628624135, -0.1821850396188910703 ) ) ;
#11156 = EDGE_LOOP ( 'NONE', ( #7922, #580, #9920, #3128, #4390, #2348 ) ) ;
#11157 =( NAMED_UNIT ( * ) PLANE_ANGLE_UNIT ( ) SI_UNIT ( $, .RADIAN. ) );
#11158 = ORIENTED_EDGE ( 'NONE', *, *, #2468, .F. ) ;
#11159 = EDGE_CURVE ( 'NONE', #4542, #6179, #2978, .T. ) ;
#11160 = DIMENSIONAL_EXPONENTS ( 1.000000000000000000, 0.0000000000000000000, 0.0000000000000000000, 0.0000000000000000000, 0.0000000000000000000, 0.0000000000000000000, 0.0000000000000000000 ) ;
#11161 = EDGE_CURVE ( 'NONE', #1001, #7306, #8660, .T. ) ;
#11162 = ORIENTED_EDGE ( 'NONE', *, *, #6086, .F. ) ;
#11163 = ORIENTED_EDGE ( 'NONE', *, *, #11566, .F. ) ;
#11164 = DIRECTION ( 'NONE',  ( -1.644517855226008195E-15, -1.000000000000000000, -6.123233995736766036E-17 ) ) ;
#11165 = LINE ( 'NONE', #3757, #4745 ) ;
#11166 =( NAMED_UNIT ( * ) SI_UNIT ( $, .STERADIAN. ) SOLID_ANGLE_UNIT ( ) );
#11167 = LENGTH_MEASURE_WITH_UNIT ( LENGTH_MEASURE( 0.02539999999999999897 ), #7704 );
#11168 = LINE ( 'NONE', #6498, #4049 ) ;
#11169 = FACE_OUTER_BOUND ( 'NONE', #4995, .T. ) ;
#11170 = DIRECTION ( 'NONE',  ( -0.4273849608099042907, 7.028421991069578798E-16, -0.9040697402709132469 ) ) ;
#11171 = LINE ( 'NONE', #101, #2772 ) ;
#11172 = PRESENTATION_LAYER_ASSIGNMENT (  '', '', ( #10973 ) ) ;
#11173 = VERTEX_POINT ( 'NONE', #10216 ) ;
#11174 = ADVANCED_FACE ( 'NONE', ( #958 ), #7419, .F. ) ;
#11175 = DIRECTION ( 'NONE',  ( 1.644517855226008195E-15, 1.000000000000000000, 2.890435660536364269E-30 ) ) ;
#11176 = VECTOR ( 'NONE', #2927, 39.37007874015748143 ) ;
#11177 = DIRECTION ( 'NONE',  ( -1.748601263784622143E-15, 0.0000000000000000000, 1.000000000000000000 ) ) ;
#11178 = CARTESIAN_POINT ( 'NONE',  ( 0.4561674782056329702, 0.03516481420455509765, -0.1778562600920799708 ) ) ;
#11179 = DIRECTION ( 'NONE',  ( -1.644517855226206988E-15, -1.000000000000000000, 1.136868377216000001E-13 ) ) ;
#11180 =( CONVERSION_BASED_UNIT ( 'INCH', #113 ) LENGTH_UNIT ( ) NAMED_UNIT ( #11939 ) );
#11181 = ORIENTED_EDGE ( 'NONE', *, *, #7200, .T. ) ;
#11182 = AXIS2_PLACEMENT_3D ( 'NONE', #1062, #2132, #4624 ) ;
#11183 = CARTESIAN_POINT ( 'NONE',  ( 0.1904872377637641390, -0.02303665104868026295, -0.2674212600919229077 ) ) ;
#11184 = ADVANCED_FACE ( 'NONE', ( #5547 ), #11972, .F. ) ;
#11185 = CLOSED_SHELL ( 'NONE', ( #7019, #1928, #1279, #10384, #5584, #10748, #1916, #981, #3286, #9946, #11193, #5530, #5186, #535, #6001, #3230, #8160, #10564, #8075, #6649 ) ) ;
#11186 = VERTEX_POINT ( 'NONE', #2817 ) ;
#11187 = CARTESIAN_POINT ( 'NONE',  ( 0.5483132623143623929, -0.03570132752772853940, -0.2674212600910098048 ) ) ;
#11188 = LENGTH_MEASURE_WITH_UNIT ( LENGTH_MEASURE( 0.02539999999999999897 ), #6459 );
#11189 = DIRECTION ( 'NONE',  ( -0.09052430461248961446, 0.8612812260087774341, 0.4999999999992426614 ) ) ;
#11190 = FACE_OUTER_BOUND ( 'NONE', #5961, .T. ) ;
#11191 = LENGTH_MEASURE_WITH_UNIT ( LENGTH_MEASURE( 0.02539999999999999897 ), #9330 );
#11192 = LINE ( 'NONE', #1939, #3985 ) ;
#11193 = ADVANCED_FACE ( 'NONE', ( #4630 ), #10155, .F. ) ;
#11194 = SURFACE_SIDE_STYLE ('',( #3121 ) ) ;
#11195 = ORIENTED_EDGE ( 'NONE', *, *, #3407, .T. ) ;
#11196 = FILL_AREA_STYLE_COLOUR ( '', #5710 ) ;
#11197 =( GEOMETRIC_REPRESENTATION_CONTEXT ( 3 ) GLOBAL_UNCERTAINTY_ASSIGNED_CONTEXT ( ( #9156 ) ) GLOBAL_UNIT_ASSIGNED_CONTEXT ( ( #11882, #5275, #11757 ) ) REPRESENTATION_CONTEXT ( 'NONE', 'WORKASPACE' ) );
#11198 = ADVANCED_FACE ( 'NONE', ( #1534 ), #449, .T. ) ;
#11199 = DIRECTION ( 'NONE',  ( -1.748601263784621946E-15, 0.0000000000000000000, 1.000000000000000000 ) ) ;
#11200 =( NAMED_UNIT ( * ) SI_UNIT ( $, .STERADIAN. ) SOLID_ANGLE_UNIT ( ) );
#11201 = ORIENTED_EDGE ( 'NONE', *, *, #285, .F. ) ;
#11202 = LINE ( 'NONE', #2166, #3734 ) ;
#11203 = ORIENTED_EDGE ( 'NONE', *, *, #7115, .T. ) ;
#11204 = STYLED_ITEM ( 'NONE', ( #3496 ), #700 ) ;
#11205 = VERTEX_POINT ( 'NONE', #3329 ) ;
#11206 = PRESENTATION_STYLE_ASSIGNMENT (( #4776 ) ) ;
#11207 = CYLINDRICAL_SURFACE ( 'NONE', #1087, 0.01771653543307087283 ) ;
#11208 = SURFACE_STYLE_USAGE ( .BOTH. , #8708 ) ;
#11209 = ORIENTED_EDGE ( 'NONE', *, *, #4686, .F. ) ;
#11210 = DIRECTION ( 'NONE',  ( -1.644517855226008195E-15, -1.000000000000000000, -2.890435660536364269E-30 ) ) ;
#11211 = CARTESIAN_POINT ( 'NONE',  ( 0.3928014512908295508, 0.1060309559368544235, -0.03277559079979661116 ) ) ;
#11212 = LINE ( 'NONE', #2913, #2811 ) ;
#11213 = EDGE_CURVE ( 'NONE', #11798, #10072, #3268, .T. ) ;
#11214 = DIMENSIONAL_EXPONENTS ( 1.000000000000000000, 0.0000000000000000000, 0.0000000000000000000, 0.0000000000000000000, 0.0000000000000000000, 0.0000000000000000000, 0.0000000000000000000 ) ;
#11215 = CARTESIAN_POINT ( 'NONE',  ( 0.4554196763413806415, 0.04500733388959449188, -0.03730122072223737706 ) ) ;
#11216 = PRESENTATION_LAYER_ASSIGNMENT (  '', '', ( #4437 ) ) ;
#11217 = ORIENTED_EDGE ( 'NONE', *, *, #1628, .F. ) ;
#11218 = ORIENTED_EDGE ( 'NONE', *, *, #6860, .F. ) ;
#11219 = DIRECTION ( 'NONE',  ( 0.1045284632676983655, 0.9945218953682685159, 1.827786029713617844E-16 ) ) ;
#11220 = ORIENTED_EDGE ( 'NONE', *, *, #3204, .F. ) ;
#11221 = CARTESIAN_POINT ( 'NONE',  ( 0.1921925904901468085, -0.01880785086055354258, -0.04581343370862728942 ) ) ;
#11222 = LINE ( 'NONE', #1057, #7455 ) ;
#11223 = FACE_OUTER_BOUND ( 'NONE', #1564, .T. ) ;
#11224 = FACE_OUTER_BOUND ( 'NONE', #7627, .T. ) ;
#11225 = CARTESIAN_POINT ( 'NONE',  ( 0.5225010356770475317, -0.02585880784268912436, -0.2674212600912223570 ) ) ;
#11226 = DIRECTION ( 'NONE',  ( 0.0000000000000000000, 0.0000000000000000000, 1.000000000000000000 ) ) ;
#11227 = SURFACE_SIDE_STYLE ('',( #953 ) ) ;
#11228 = EDGE_CURVE ( 'NONE', #434, #11260, #2428, .T. ) ;
#11229 = SURFACE_STYLE_USAGE ( .BOTH. , #1184 ) ;
#11230 = EDGE_CURVE ( 'NONE', #11981, #1802, #5013, .T. ) ;
#11231 = VERTEX_POINT ( 'NONE', #9717 ) ;
#11232 = CARTESIAN_POINT ( 'NONE',  ( 0.2514430687595310410, 0.04500733388959479025, -0.2373012207214504066 ) ) ;
#11233 = SURFACE_SIDE_STYLE ('',( #10342 ) ) ;
#11234 = FACE_OUTER_BOUND ( 'NONE', #3991, .T. ) ;
#11235 = DIMENSIONAL_EXPONENTS ( 1.000000000000000000, 0.0000000000000000000, 0.0000000000000000000, 0.0000000000000000000, 0.0000000000000000000, 0.0000000000000000000, 0.0000000000000000000 ) ;
#11236 = VECTOR ( 'NONE', #10317, 39.37007874015748143 ) ;
#11237 = ORIENTED_EDGE ( 'NONE', *, *, #8644, .F. ) ;
#11238 = MECHANICAL_DESIGN_GEOMETRIC_PRESENTATION_REPRESENTATION (  '', ( #3489 ), #7557 ) ;
#11239 = EDGE_CURVE ( 'NONE', #7467, #3965, #7018, .T. ) ;
#11240 = DIRECTION ( 'NONE',  ( 8.679147678325226582E-12, 1.000000000000000000, 1.517638342855342944E-26 ) ) ;
#11241 = VECTOR ( 'NONE', #11219, 39.37007874015748143 ) ;
#11242 =( GEOMETRIC_REPRESENTATION_CONTEXT ( 3 ) GLOBAL_UNCERTAINTY_ASSIGNED_CONTEXT ( ( #7556 ) ) GLOBAL_UNIT_ASSIGNED_CONTEXT ( ( #4766, #10467, #8461 ) ) REPRESENTATION_CONTEXT ( 'NONE', 'WORKASPACE' ) );
#11243 = EDGE_LOOP ( 'NONE', ( #1835, #3540, #6026, #9284 ) ) ;
#11244 = CARTESIAN_POINT ( 'NONE',  ( 0.3140612938105231677, 0.1060309559368545207, -0.2319881892249936461 ) ) ;
#11245 = DIRECTION ( 'NONE',  ( 0.9040697401960466895, -1.445602896647340100E-15, -0.4273849609682733863 ) ) ;
#11246 = CARTESIAN_POINT ( 'NONE',  ( 0.2148518768365317577, 0.02729079845652399722, -0.2669308663911354462 ) ) ;
#11247 = DIRECTION ( 'NONE',  ( 0.0000000000000000000, 0.0000000000000000000, 1.000000000000000000 ) ) ;
#11248 = DIRECTION ( 'NONE',  ( -0.05226423163383491638, -0.4972609476841245435, 0.8660254037844449249 ) ) ;
#11249 = FACE_OUTER_BOUND ( 'NONE', #5058, .T. ) ;
#11250 = LINE ( 'NONE', #5742, #87 ) ;
#11251 = EDGE_CURVE ( 'NONE', #15, #7260, #1058, .T. ) ;
#11252 = ORIENTED_EDGE ( 'NONE', *, *, #11161, .F. ) ;
#11253 = VERTEX_POINT ( 'NONE', #10722 ) ;
#11254 = DIRECTION ( 'NONE',  ( 1.748601263784622143E-15, 0.0000000000000000000, -1.000000000000000000 ) ) ;
#11255 = ORIENTED_EDGE ( 'NONE', *, *, #11974, .T. ) ;
#11256 = LENGTH_MEASURE_WITH_UNIT ( LENGTH_MEASURE( 0.02539999999999999897 ), #9405 );
#11257 = ORIENTED_EDGE ( 'NONE', *, *, #11461, .T. ) ;
#11258 =( LENGTH_UNIT ( ) NAMED_UNIT ( * ) SI_UNIT ( $, .METRE. ) );
#11259 = CARTESIAN_POINT ( 'NONE',  ( 0.3140612938105270535, 0.1020939480628623997, -0.2821850396188910759 ) ) ;
#11260 = VERTEX_POINT ( 'NONE', #10786 ) ;
#11261 = CARTESIAN_POINT ( 'NONE',  ( 0.2372226159726412154, 0.04500733388959481801, -0.2272637797769622714 ) ) ;
#11262 = ORIENTED_EDGE ( 'NONE', *, *, #4259, .F. ) ;
#11263 = VERTEX_POINT ( 'NONE', #8780 ) ;
#11264 = CARTESIAN_POINT ( 'NONE',  ( 0.2031529521231693058, -0.008688119764420866240, -0.1878937010368048610 ) ) ;
#11265 = ORIENTED_EDGE ( 'NONE', *, *, #6797, .T. ) ;
#11266 = LENGTH_MEASURE_WITH_UNIT ( LENGTH_MEASURE( 0.02539999999999999897 ), #2805 );
#11267 = EDGE_CURVE ( 'NONE', #496, #11313, #8977, .T. ) ;
#11268 = ORIENTED_EDGE ( 'NONE', *, *, #6589, .F. ) ;
#11269 = CARTESIAN_POINT ( 'NONE',  ( 0.4998417493308330850, 0.02811385722240937468, -0.08789370103629075281 ) ) ;
#11270 = SURFACE_STYLE_FILL_AREA ( #3761 ) ;
#11271 = CARTESIAN_POINT ( 'NONE',  ( 0.4615064727374442732, 0.03516481420455506990, -0.2339196358458595359 ) ) ;
#11272 = SPHERICAL_SURFACE ( 'NONE', #11966, 0.007874015748031495954 ) ;
#11273 = PRESENTATION_STYLE_ASSIGNMENT (( #40 ) ) ;
#11274 = MECHANICAL_DESIGN_GEOMETRIC_PRESENTATION_REPRESENTATION (  '', ( #6433 ), #6039 ) ;
#11275 = CARTESIAN_POINT ( 'NONE',  ( 0.4615064727376408382, 0.04500733388959445719, -0.1812378449690091042 ) ) ;
#11276 = DIRECTION ( 'NONE',  ( 1.644517855226008195E-15, 1.000000000000000000, 2.890435660536364269E-30 ) ) ;
#11277 = EDGE_LOOP ( 'NONE', ( #9611, #7623, #7531, #7466 ) ) ;
#11278 = AXIS2_PLACEMENT_3D ( 'NONE', #3174, #10573, #5949 ) ;
#11279 = DIMENSIONAL_EXPONENTS ( 1.000000000000000000, 0.0000000000000000000, 0.0000000000000000000, 0.0000000000000000000, 0.0000000000000000000, 0.0000000000000000000, 0.0000000000000000000 ) ;
#11280 = DIRECTION ( 'NONE',  ( 0.9945218953682690710, 0.1045284632676950765, 8.189380864547705479E-12 ) ) ;
#11281 = ADVANCED_FACE ( 'NONE', ( #1406 ), #1597, .F. ) ;
#11282 = AXIS2_PLACEMENT_3D ( 'NONE', #8512, #4004, #239 ) ;
#11283 = CARTESIAN_POINT ( 'NONE',  ( 0.3496518449916177218, 0.1021333181416025082, -0.2791535435558992750 ) ) ;
#11284 = LENGTH_MEASURE_WITH_UNIT ( LENGTH_MEASURE( 0.02539999999999999897 ), #9436 );
#11285 = CARTESIAN_POINT ( 'NONE',  ( 0.1843617094242562815, -0.03570132752772794266, -0.2674212600919229632 ) ) ;
#11286 = VECTOR ( 'NONE', #11933, 39.37007874015748143 ) ;
#11287 = MECHANICAL_DESIGN_GEOMETRIC_PRESENTATION_REPRESENTATION (  '', ( #7232 ), #3349 ) ;
#11288 = COLOUR_RGB ( '',0.7607843137254901578, 0.7607843137254901578, 0.0000000000000000000 ) ;
#11289 = CARTESIAN_POINT ( 'NONE',  ( 0.3928014512908304390, 0.1021333181416024249, -0.2329724411934976092 ) ) ;
#11290 = PRESENTATION_LAYER_ASSIGNMENT (  '', '', ( #9976 ) ) ;
#11291 =( GEOMETRIC_REPRESENTATION_CONTEXT ( 3 ) GLOBAL_UNCERTAINTY_ASSIGNED_CONTEXT ( ( #11668 ) ) GLOBAL_UNIT_ASSIGNED_CONTEXT ( ( #9006, #954, #1619 ) ) REPRESENTATION_CONTEXT ( 'NONE', 'WORKASPACE' ) );
#11292 = B_SPLINE_CURVE_WITH_KNOTS ( 'NONE', 3,
 ( #7882, #5213, #9656, #525, #11393, #11450 ),
 .UNSPECIFIED., .F., .F.,
 ( 4, 2, 4 ),
 ( 0.001980311538730919908, 0.001981246981108068794, 0.001982182423485217681 ),
 .UNSPECIFIED. ) ;
#11293 = ORIENTED_EDGE ( 'NONE', *, *, #1462, .T. ) ;
#11294 = DIRECTION ( 'NONE',  ( 1.748601263784621748E-15, 0.0000000000000000000, -1.000000000000000000 ) ) ;
#11295 = EDGE_CURVE ( 'NONE', #5483, #4366, #11817, .T. ) ;
#11296 = AXIS2_PLACEMENT_3D ( 'NONE', #8165, #1754, #5439 ) ;
#11297 = ADVANCED_FACE ( 'NONE', ( #10126 ), #6298, .T. ) ;
#11298 = LINE ( 'NONE', #10357, #8200 ) ;
#11299 = LENGTH_MEASURE_WITH_UNIT ( LENGTH_MEASURE( 0.02539999999999999897 ), #4765 );
#11300 = VECTOR ( 'NONE', #4608, 39.37007874015748143 ) ;
#11301 = LENGTH_MEASURE_WITH_UNIT ( LENGTH_MEASURE( 0.02539999999999999897 ), #6574 );
#11302 = PLANE ( 'NONE',  #9291 ) ;
#11303 = CARTESIAN_POINT ( 'NONE',  ( 0.1916536552706495922, -0.02393547695607437659, -0.1398622049738126871 ) ) ;
#11304 = PRESENTATION_LAYER_ASSIGNMENT (  '', '', ( #8406 ) ) ;
#11305 = AXIS2_PLACEMENT_3D ( 'NONE', #6473, #10068, #10244 ) ;
#11306 = ORIENTED_EDGE ( 'NONE', *, *, #9394, .T. ) ;
#11307 = CARTESIAN_POINT ( 'NONE',  ( 0.4561674782084680357, 0.03516481420455507684, -0.2373012207222373882 ) ) ;
#11308 = DIMENSIONAL_EXPONENTS ( 1.000000000000000000, 0.0000000000000000000, 0.0000000000000000000, 0.0000000000000000000, 0.0000000000000000000, 0.0000000000000000000, 0.0000000000000000000 ) ;
#11309 = VECTOR ( 'NONE', #8626, 39.37007874015748143 ) ;
#11310 = DIRECTION ( 'NONE',  ( 1.644517855226007801E-15, 1.000000000000000000, 2.890435660536363919E-30 ) ) ;
#11311 = AXIS2_PLACEMENT_3D ( 'NONE', #5698, #1839, #8363 ) ;
#11312 = CIRCLE ( 'NONE', #1674, 0.005905511811027547645 ) ;
#11313 = VERTEX_POINT ( 'NONE', #7334 ) ;
#11314 = CARTESIAN_POINT ( 'NONE',  ( 0.5048815532786112836, -0.01983667431789086846, -0.04581343370805756460 ) ) ;
#11315 = EDGE_CURVE ( 'NONE', #5092, #10345, #11942, .T. ) ;
#11316 = VECTOR ( 'NONE', #3845, 39.37007874015748143 ) ;
#11317 = ORIENTED_EDGE ( 'NONE', *, *, #6210, .F. ) ;
#11318 = CARTESIAN_POINT ( 'NONE',  ( 0.3140612938105267204, 0.1020939480628624135, -0.1329724411934974648 ) ) ;
#11319 = ORIENTED_EDGE ( 'NONE', *, *, #11251, .F. ) ;
#11320 = EDGE_CURVE ( 'NONE', #2152, #10880, #1774, .T. ) ;
#11321 = DIRECTION ( 'NONE',  ( -1.644517855226008195E-15, -1.000000000000000000, -6.123233995736766036E-17 ) ) ;
#11322 = LINE ( 'NONE', #8530, #4134 ) ;
#11323 = DIRECTION ( 'NONE',  ( 0.9945218953682685159, -0.1045284632676983655, 1.927470528863118161E-15 ) ) ;
#11324 = DIRECTION ( 'NONE',  ( 1.000000000000000000, -1.644517855226007801E-15, 1.748601263784622143E-15 ) ) ;
#11325 = VERTEX_POINT ( 'NONE', #11877 ) ;
#11326 =( NAMED_UNIT ( * ) PLANE_ANGLE_UNIT ( ) SI_UNIT ( $, .RADIAN. ) );
#11327 = VECTOR ( 'NONE', #10157, 39.37007874015748143 ) ;
#11328 = DIRECTION ( 'NONE',  ( -0.9945218953682685159, 0.1045284632676983655, -1.739022243102431967E-15 ) ) ;
#11329 = CARTESIAN_POINT ( 'NONE',  ( 0.5061831144098568602, -0.02488414520015541989, -0.04773622072127796379 ) ) ;
#11330 = MECHANICAL_DESIGN_GEOMETRIC_PRESENTATION_REPRESENTATION (  '', ( #8053 ), #10944 ) ;
#11331 = ADVANCED_FACE ( 'NONE', ( #8304 ), #3447, .T. ) ;
#11332 = DIRECTION ( 'NONE',  ( -1.000000000000000000, 1.644517855226007801E-15, -4.329683484489847320E-13 ) ) ;
#11333 = EDGE_LOOP ( 'NONE', ( #3490, #9633, #11737, #5351, #11868, #3513 ) ) ;
#11334 = EDGE_CURVE ( 'NONE', #9722, #6138, #8178, .T. ) ;
#11335 = VERTEX_POINT ( 'NONE', #988 ) ;
#11336 = CARTESIAN_POINT ( 'NONE',  ( 0.3928014512908303835, 0.1020939480628622609, -0.2791535435558992750 ) ) ;
#11337 = ORIENTED_EDGE ( 'NONE', *, *, #6022, .F. ) ;
#11338 = CARTESIAN_POINT ( 'NONE',  ( 0.3140612938105267204, 0.1021333181416025776, -0.1329724411934974648 ) ) ;
#11339 = ORIENTED_EDGE ( 'NONE', *, *, #2945, .F. ) ;
#11340 =( LENGTH_UNIT ( ) NAMED_UNIT ( * ) SI_UNIT ( $, .METRE. ) );
#11341 =( NAMED_UNIT ( * ) PLANE_ANGLE_UNIT ( ) SI_UNIT ( $, .RADIAN. ) );
#11342 = DIRECTION ( 'NONE',  ( 1.000000000000000000, -1.734723475977064460E-15, -1.734723475977064460E-15 ) ) ;
#11343 = DIRECTION ( 'NONE',  ( -1.537728278044881501E-09, 0.0000000000000000000, 1.000000000000000000 ) ) ;
#11344 = LENGTH_MEASURE_WITH_UNIT ( LENGTH_MEASURE( 0.02539999999999999897 ), #1122 );
#11345 = CARTESIAN_POINT ( 'NONE',  ( 0.4144549945979165706, 0.1060309559368543680, -0.1823818900125918629 ) ) ;
#11346 = DIMENSIONAL_EXPONENTS ( 1.000000000000000000, 0.0000000000000000000, 0.0000000000000000000, 0.0000000000000000000, 0.0000000000000000000, 0.0000000000000000000, 0.0000000000000000000 ) ;
#11347 = UNCERTAINTY_MEASURE_WITH_UNIT (LENGTH_MEASURE( 1.000000000000000082E-05 ), #3275, 'distance_accuracy_value', 'NONE');
#11348 = DIRECTION ( 'NONE',  ( -8.234490263801784106E-12, 1.353889066150678860E-26, 1.000000000000000000 ) ) ;
#11349 = ORIENTED_EDGE ( 'NONE', *, *, #2994, .T. ) ;
#11350 = PRESENTATION_STYLE_ASSIGNMENT (( #1190 ) ) ;
#11351 =( CONVERSION_BASED_UNIT ( 'INCH', #11284 ) LENGTH_UNIT ( ) NAMED_UNIT ( #911 ) );
#11352 = SURFACE_STYLE_USAGE ( .BOTH. , #4856 ) ;
#11353 =( NAMED_UNIT ( * ) PLANE_ANGLE_UNIT ( ) SI_UNIT ( $, .RADIAN. ) );
#11354 = FACE_OUTER_BOUND ( 'NONE', #960, .T. ) ;
#11355 = DIRECTION ( 'NONE',  ( -1.748601263784622143E-15, 0.0000000000000000000, 1.000000000000000000 ) ) ;
#11356 =( NAMED_UNIT ( * ) SI_UNIT ( $, .STERADIAN. ) SOLID_ANGLE_UNIT ( ) );
#11357 = PRESENTATION_LAYER_ASSIGNMENT (  '', '', ( #555 ) ) ;
#11358 = VECTOR ( 'NONE', #9271, 39.37007874015748143 ) ;
#11359 = PLANE ( 'NONE',  #11278 ) ;
#11360 = EDGE_LOOP ( 'NONE', ( #7374, #9201, #1112, #5663 ) ) ;
#11361 = DIRECTION ( 'NONE',  ( -1.748601263784622143E-15, 0.0000000000000000000, 1.000000000000000000 ) ) ;
#11362 = CARTESIAN_POINT ( 'NONE',  ( 0.5225010356768845510, -0.01798479209465759024, -0.04773622072114360598 ) ) ;
#11363 = CARTESIAN_POINT ( 'NONE',  ( 0.4754786166449901930, 0.04008607404707474620, -0.2575787404065701947 ) ) ;
#11364 = SURFACE_SIDE_STYLE ('',( #9328 ) ) ;
#11365 = DIRECTION ( 'NONE',  ( 0.9945218953682689600, 0.1045284632676950626, 8.189380864547705479E-12 ) ) ;
#11366 = DIMENSIONAL_EXPONENTS ( 1.000000000000000000, 0.0000000000000000000, 0.0000000000000000000, 0.0000000000000000000, 0.0000000000000000000, 0.0000000000000000000, 0.0000000000000000000 ) ;
#11367 = ORIENTED_EDGE ( 'NONE', *, *, #3217, .F. ) ;
#11368 = VECTOR ( 'NONE', #6236, 39.37007874015748143 ) ;
#11369 = EDGE_CURVE ( 'NONE', #837, #9742, #3625, .T. ) ;
#11370 = STYLED_ITEM ( 'NONE', ( #3868 ), #287 ) ;
#11371 = DIRECTION ( 'NONE',  ( 0.9945218953682685159, -0.1045284632676983655, 1.927470528863118161E-15 ) ) ;
#11372 = VERTEX_POINT ( 'NONE', #1659 ) ;
#11373 = DIRECTION ( 'NONE',  ( 1.644517855226008195E-15, 1.000000000000000000, 2.890435660536364269E-30 ) ) ;
#11374 = ORIENTED_EDGE ( 'NONE', *, *, #6268, .T. ) ;
#11375 = DIRECTION ( 'NONE',  ( 1.387778780775897814E-15, 0.0000000000000000000, 1.000000000000000000 ) ) ;
#11376 = ORIENTED_EDGE ( 'NONE', *, *, #2882, .F. ) ;
#11377 =( NAMED_UNIT ( * ) PLANE_ANGLE_UNIT ( ) SI_UNIT ( $, .RADIAN. ) );
#11378 = FILL_AREA_STYLE ('',( #1339 ) ) ;
#11379 = ORIENTED_EDGE ( 'NONE', *, *, #146, .F. ) ;
#11380 = CARTESIAN_POINT ( 'NONE',  ( 0.2372226159726799066, 0.03516481420455547929, -0.08001968528830076532 ) ) ;
#11381 = PLANE ( 'NONE',  #5031 ) ;
#11382 = DIRECTION ( 'NONE',  ( -1.644517855226008195E-15, -1.000000000000000000, -2.890435660536364269E-30 ) ) ;
#11383 = EDGE_CURVE ( 'NONE', #759, #149, #11103, .T. ) ;
#11384 =( LENGTH_UNIT ( ) NAMED_UNIT ( * ) SI_UNIT ( $, .METRE. ) );
#11385 = LINE ( 'NONE', #8599, #9187 ) ;
#11386 = VECTOR ( 'NONE', #2169, 39.37007874015748143 ) ;
#11387 = EDGE_LOOP ( 'NONE', ( #2707, #198, #3472, #10294 ) ) ;
#11388 = CARTESIAN_POINT ( 'NONE',  ( 0.5146701546109767600, -0.01880785086054938618, -0.04581343370799370596 ) ) ;
#11389 = ORIENTED_EDGE ( 'NONE', *, *, #11398, .T. ) ;
#11390 = DIRECTION ( 'NONE',  ( -1.748601263784622143E-15, 0.0000000000000000000, 1.000000000000000000 ) ) ;
#11391 = ORIENTED_EDGE ( 'NONE', *, *, #9462, .T. ) ;
#11392 =( LENGTH_UNIT ( ) NAMED_UNIT ( * ) SI_UNIT ( $, .METRE. ) );
#11393 = CARTESIAN_POINT ( 'NONE',  ( 0.1897323222241441842, -0.02374298597397120000, -0.2674212600919229077 ) ) ;
#11394 = LINE ( 'NONE', #6787, #6074 ) ;
#11395 = DIRECTION ( 'NONE',  ( 0.5735764363501911767, -0.8191520442895903198, 1.002956481479023946E-15 ) ) ;
#11396 = CARTESIAN_POINT ( 'NONE',  ( 0.4561674782085069491, 0.04500733388959446413, -0.1373012207222373826 ) ) ;
#11397 = VECTOR ( 'NONE', #6149, 39.37007874015748143 ) ;
#11398 = EDGE_CURVE ( 'NONE', #9289, #6371, #2608, .T. ) ;
#11399 = MECHANICAL_DESIGN_GEOMETRIC_PRESENTATION_REPRESENTATION (  '', ( #7534 ), #10262 ) ;
#11400 = ORIENTED_EDGE ( 'NONE', *, *, #5055, .T. ) ;
#11401 = COLOUR_RGB ( '',0.7607843137254901578, 0.7607843137254901578, 0.0000000000000000000 ) ;
#11402 = ORIENTED_EDGE ( 'NONE', *, *, #1846, .T. ) ;
#11403 = PRESENTATION_STYLE_ASSIGNMENT (( #4801 ) ) ;
#11404 = DIRECTION ( 'NONE',  ( 4.107068851677783533E-12, -1.000000000000000000, -5.449862783279992659E-12 ) ) ;
#11405 = DIRECTION ( 'NONE',  ( -1.000000000000000000, 1.644517855226007801E-15, -1.778650910260784742E-12 ) ) ;
#11406 =( NAMED_UNIT ( * ) SI_UNIT ( $, .STERADIAN. ) SOLID_ANGLE_UNIT ( ) );
#11407 = FACE_OUTER_BOUND ( 'NONE', #9719, .T. ) ;
#11408 = ADVANCED_FACE ( 'NONE', ( #4414 ), #811, .T. ) ;
#11409 = MECHANICAL_DESIGN_GEOMETRIC_PRESENTATION_REPRESENTATION (  '', ( #10083 ), #2709 ) ;
#11410 = DIRECTION ( 'NONE',  ( 1.777675229241740150E-13, -1.000000000000000000, 3.108296855845006447E-28 ) ) ;
#11411 = AXIS2_PLACEMENT_3D ( 'NONE', #11587, #7779, #11465 ) ;
#11412 = CARTESIAN_POINT ( 'NONE',  ( 0.5096303506631995051, 0.02914268067976763174, -0.08789370103621023389 ) ) ;
#11413 = ORIENTED_EDGE ( 'NONE', *, *, #2287, .F. ) ;
#11414 = CARTESIAN_POINT ( 'NONE',  ( 0.5147208482177773048, -0.01929016831111300331, -0.1462335930107938609 ) ) ;
#11415 =( GEOMETRIC_REPRESENTATION_CONTEXT ( 3 ) GLOBAL_UNCERTAINTY_ASSIGNED_CONTEXT ( ( #10585 ) ) GLOBAL_UNIT_ASSIGNED_CONTEXT ( ( #10669, #8797, #10496 ) ) REPRESENTATION_CONTEXT ( 'NONE', 'WORKASPACE' ) );
#11416 =( GEOMETRIC_REPRESENTATION_CONTEXT ( 3 ) GLOBAL_UNCERTAINTY_ASSIGNED_CONTEXT ( ( #9395 ) ) GLOBAL_UNIT_ASSIGNED_CONTEXT ( ( #10807, #4562, #9059 ) ) REPRESENTATION_CONTEXT ( 'NONE', 'WORKASPACE' ) );
#11417 = CARTESIAN_POINT ( 'NONE',  ( 0.5037097929783027617, -0.008688119764421379718, -0.2878937010362589977 ) ) ;
#11418 = CARTESIAN_POINT ( 'NONE',  ( 0.2490536793154355943, 0.003668751212429472927, -0.3095942470915551414 ) ) ;
#11419 = CARTESIAN_POINT ( 'NONE',  ( 0.4144549945979165151, 0.1060309559368543680, -0.1327755907997965612 ) ) ;
#11420 = EDGE_CURVE ( 'NONE', #10590, #9135, #4772, .T. ) ;
#11421 = LINE ( 'NONE', #10518, #9880 ) ;
#11422 = FILL_AREA_STYLE ('',( #2057 ) ) ;
#11423 = ORIENTED_EDGE ( 'NONE', *, *, #7713, .T. ) ;
#11424 = PRESENTATION_STYLE_ASSIGNMENT (( #7677 ) ) ;
#11425 = FACE_OUTER_BOUND ( 'NONE', #5207, .T. ) ;
#11426 = VECTOR ( 'NONE', #10958, 39.37007874015748143 ) ;
#11427 = UNCERTAINTY_MEASURE_WITH_UNIT (LENGTH_MEASURE( 1.000000000000000082E-05 ), #9117, 'distance_accuracy_value', 'NONE');
#11428 = VECTOR ( 'NONE', #7068, 39.37007874015748143 ) ;
#11429 = DIRECTION ( 'NONE',  ( 8.234490263801784106E-12, -1.353889066150678860E-26, -1.000000000000000000 ) ) ;
#11430 = ORIENTED_EDGE ( 'NONE', *, *, #1315, .T. ) ;
#11431 = ORIENTED_EDGE ( 'NONE', *, *, #9847, .T. ) ;
#11432 = DIRECTION ( 'NONE',  ( 6.585704204198398416E-14, -1.000000000000000000, 1.151428772831583798E-28 ) ) ;
#11433 = ORIENTED_EDGE ( 'NONE', *, *, #4803, .F. ) ;
#11434 = EDGE_CURVE ( 'NONE', #6098, #6126, #11202, .T. ) ;
#11435 = PRESENTATION_LAYER_ASSIGNMENT (  '', '', ( #4273 ) ) ;
#11436 = PRESENTATION_STYLE_ASSIGNMENT (( #7803 ) ) ;
#11437 = FACE_OUTER_BOUND ( 'NONE', #10964, .T. ) ;
#11438 = CARTESIAN_POINT ( 'NONE',  ( 0.4561674782085072821, 0.03516481420455507684, -0.2373012207222373882 ) ) ;
#11439 = ORIENTED_EDGE ( 'NONE', *, *, #11946, .T. ) ;
#11440 = CARTESIAN_POINT ( 'NONE',  ( 0.3140612938105263319, 0.1021333181416026054, -0.03297244119349746622 ) ) ;
#11441 = SURFACE_STYLE_FILL_AREA ( #9646 ) ;
#11442 = DIRECTION ( 'NONE',  ( -1.644517855226007801E-15, -1.000000000000000000, -2.890435660536363919E-30 ) ) ;
#11443 = VERTEX_POINT ( 'NONE', #9575 ) ;
#11444 = CARTESIAN_POINT ( 'NONE',  ( 0.5171906553894755065, -0.02376973408140405433, -0.04773620808020646866 ) ) ;
#11445 = ORIENTED_EDGE ( 'NONE', *, *, #7363, .T. ) ;
#11446 = LINE ( 'NONE', #11264, #822 ) ;
#11447 = ORIENTED_EDGE ( 'NONE', *, *, #1124, .T. ) ;
#11448 =( NAMED_UNIT ( * ) PLANE_ANGLE_UNIT ( ) SI_UNIT ( $, .RADIAN. ) );
#11449 = EDGE_CURVE ( 'NONE', #4361, #10023, #6368, .T. ) ;
#11450 = CARTESIAN_POINT ( 'NONE',  ( 0.1897414014858939402, -0.02373449098435562871, -0.2674212600919229077 ) ) ;
#11451 = DIRECTION ( 'NONE',  ( -1.000000000000000000, 1.644517855226007801E-15, -8.234490263801784106E-12 ) ) ;
#11452 = SURFACE_SIDE_STYLE ('',( #6789 ) ) ;
#11453 = ORIENTED_EDGE ( 'NONE', *, *, #9788, .F. ) ;
#11454 = DIRECTION ( 'NONE',  ( -1.644517855226008392E-15, -1.000000000000000000, -6.123233995736766036E-17 ) ) ;
#11455 = DIRECTION ( 'NONE',  ( 6.585704204198398416E-14, -1.000000000000000000, 1.151428772831583798E-28 ) ) ;
#11456 = UNCERTAINTY_MEASURE_WITH_UNIT (LENGTH_MEASURE( 1.000000000000000082E-05 ), #6694, 'distance_accuracy_value', 'NONE');
#11457 = DIRECTION ( 'NONE',  ( 0.2761719275641929539, 0.9205747438996728649, -0.2761724231698924337 ) ) ;
#11458 = ORIENTED_EDGE ( 'NONE', *, *, #1023, .F. ) ;
#11459 = VERTEX_POINT ( 'NONE', #1275 ) ;
#11460 = FACE_OUTER_BOUND ( 'NONE', #10308, .T. ) ;
#11461 = EDGE_CURVE ( 'NONE', #9162, #11856, #7454, .T. ) ;
#11462 = COLOUR_RGB ( '',1.000000000000000000, 1.000000000000000000, 1.000000000000000000 ) ;
#11463 = CARTESIAN_POINT ( 'NONE',  ( 0.4518565694010655553, 0.05642465672427559448, -0.007578740406095623751 ) ) ;
#11464 = CARTESIAN_POINT ( 'NONE',  ( 0.3140612938105223906, 0.1060309559368545623, -0.03198818922499363504 ) ) ;
#11465 = DIRECTION ( 'NONE',  ( -0.09052430461248961446, 0.8612812260087774341, 0.4999999999992426614 ) ) ;
#11466 = DIRECTION ( 'NONE',  ( -1.644517855226007801E-15, -1.000000000000000000, 6.888556729901404633E-28 ) ) ;
#11467 = DIRECTION ( 'NONE',  ( -0.4273849608040032333, 7.028421990972483826E-16, 0.9040697402737026822 ) ) ;
#11468 =( GEOMETRIC_REPRESENTATION_CONTEXT ( 3 ) GLOBAL_UNCERTAINTY_ASSIGNED_CONTEXT ( ( #8162 ) ) GLOBAL_UNIT_ASSIGNED_CONTEXT ( ( #4154, #1466, #7929 ) ) REPRESENTATION_CONTEXT ( 'NONE', 'WORKASPACE' ) );
#11469 = PLANE ( 'NONE',  #6468 ) ;
#11470 = MECHANICAL_DESIGN_GEOMETRIC_PRESENTATION_REPRESENTATION (  '', ( #2379 ), #9181 ) ;
#11471 = DIRECTION ( 'NONE',  ( -1.000000000000000000, 1.644517855226007801E-15, -8.234490263801784106E-12 ) ) ;
#11472 = EDGE_CURVE ( 'NONE', #5174, #5312, #10138, .T. ) ;
#11473 = ORIENTED_EDGE ( 'NONE', *, *, #10202, .T. ) ;
#11474 = ADVANCED_FACE ( 'NONE', ( #2900 ), #2955, .F. ) ;
#11475 = CIRCLE ( 'NONE', #11881, 0.005905511811027547645 ) ;
#11476 = CARTESIAN_POINT ( 'NONE',  ( 0.2313841284562234701, 0.03516481420601216823, -0.1272637797769622658 ) ) ;
#11477 = CARTESIAN_POINT ( 'NONE',  ( 0.3829589316058804593, 0.001406169436130047957, -0.3171361863450987140 ) ) ;
#11478 = CARTESIAN_POINT ( 'NONE',  ( 0.5096303506632003932, 0.02914268067976759705, -0.2878937010362102589 ) ) ;
#11479 = VECTOR ( 'NONE', #6438, 39.37007874015748143 ) ;
#11480 = CARTESIAN_POINT ( 'NONE',  ( 0.2031529521231696112, -0.008688119764420883587, -0.2272637797769623269 ) ) ;
#11481 = VECTOR ( 'NONE', #8176, 39.37007874015748143 ) ;
#11482 = DIRECTION ( 'NONE',  ( -1.748601263784621946E-15, 0.0000000000000000000, 1.000000000000000000 ) ) ;
#11483 = VERTEX_POINT ( 'NONE', #10372 ) ;
#11484 =( GEOMETRIC_REPRESENTATION_CONTEXT ( 3 ) GLOBAL_UNCERTAINTY_ASSIGNED_CONTEXT ( ( #1301 ) ) GLOBAL_UNIT_ASSIGNED_CONTEXT ( ( #6880, #4063, #3478 ) ) REPRESENTATION_CONTEXT ( 'NONE', 'WORKASPACE' ) );
#11485 = SURFACE_SIDE_STYLE ('',( #10820 ) ) ;
#11486 = STYLED_ITEM ( 'NONE', ( #11725 ), #5053 ) ;
#11487 = PRESENTATION_LAYER_ASSIGNMENT (  '', '', ( #5498 ) ) ;
#11488 = CARTESIAN_POINT ( 'NONE',  ( 0.4696401291287826130, 0.04500733388959445025, -0.1351377955249933038 ) ) ;
#11489 = EDGE_CURVE ( 'NONE', #9597, #6340, #11685, .T. ) ;
#11490 = PRESENTATION_LAYER_ASSIGNMENT (  '', '', ( #4535 ) ) ;
#11491 = ORIENTED_EDGE ( 'NONE', *, *, #3249, .T. ) ;
#11492 = SURFACE_STYLE_USAGE ( .BOTH. , #6945 ) ;
#11493 = AXIS2_PLACEMENT_3D ( 'NONE', #11464, #2933, #3163 ) ;
#11494 = EDGE_LOOP ( 'NONE', ( #11162, #5447, #686, #5278 ) ) ;
#11495 = PRESENTATION_LAYER_ASSIGNMENT (  '', '', ( #9793 ) ) ;
#11496 = CARTESIAN_POINT ( 'NONE',  ( 0.3928014512908304390, 0.1020939480628622609, -0.2329724411934976092 ) ) ;
#11497 = ORIENTED_EDGE ( 'NONE', *, *, #2468, .T. ) ;
#11498 = VECTOR ( 'NONE', #5857, 39.37007874015748143 ) ;
#11499 = FILL_AREA_STYLE_COLOUR ( '', #11011 ) ;
#11500 = FILL_AREA_STYLE ('',( #5975 ) ) ;
#11501 =( NAMED_UNIT ( * ) PLANE_ANGLE_UNIT ( ) SI_UNIT ( $, .RADIAN. ) );
#11502 = ORIENTED_EDGE ( 'NONE', *, *, #9204, .T. ) ;
#11503 = CIRCLE ( 'NONE', #1078, 0.005905511811027547645 ) ;
#11504 = DIRECTION ( 'NONE',  ( -2.633310236532794139E-11, 0.0000000000000000000, -1.000000000000000000 ) ) ;
#11505 = CYLINDRICAL_SURFACE ( 'NONE', #7444, 0.005905511811027564992 ) ;
#11506 =( GEOMETRIC_REPRESENTATION_CONTEXT ( 3 ) GLOBAL_UNCERTAINTY_ASSIGNED_CONTEXT ( ( #6124 ) ) GLOBAL_UNIT_ASSIGNED_CONTEXT ( ( #7582, #8488, #9426 ) ) REPRESENTATION_CONTEXT ( 'NONE', 'WORKASPACE' ) );
#11507 = PRESENTATION_LAYER_ASSIGNMENT (  '', '', ( #10547 ) ) ;
#11508 = VECTOR ( 'NONE', #3814, 39.37007874015748143 ) ;
#11509 = ADVANCED_FACE ( 'NONE', ( #3022 ), #6708, .T. ) ;
#11510 = DIRECTION ( 'NONE',  ( -1.000000000000000000, 1.644517855226007801E-15, -1.778650910268784726E-12 ) ) ;
#11511 = CIRCLE ( 'NONE', #7841, 0.01771653543307088324 ) ;
#11512 = ORIENTED_EDGE ( 'NONE', *, *, #5929, .F. ) ;
#11513 = CARTESIAN_POINT ( 'NONE',  ( 0.5148390528695246937, -0.01990283707880566647, -0.1685087346391656304 ) ) ;
#11514 = ORIENTED_EDGE ( 'NONE', *, *, #4991, .T. ) ;
#11515 = SURFACE_STYLE_USAGE ( .BOTH. , #8721 ) ;
#11516 = ORIENTED_EDGE ( 'NONE', *, *, #9189, .T. ) ;
#11517 = DIRECTION ( 'NONE',  ( -1.748601263784622143E-15, 0.0000000000000000000, 1.000000000000000000 ) ) ;
#11518 = STYLED_ITEM ( 'NONE', ( #143 ), #6704 ) ;
#11519 = CARTESIAN_POINT ( 'NONE',  ( 0.4536010832257903469, 0.03516481420455510459, -0.1036417325328673755 ) ) ;
#11520 = FILL_AREA_STYLE ('',( #7825 ) ) ;
#11521 = DIRECTION ( 'NONE',  ( 1.644517855226008195E-15, 1.000000000000000000, 2.890435660536364269E-30 ) ) ;
#11522 =( CONVERSION_BASED_UNIT ( 'INCH', #345 ) LENGTH_UNIT ( ) NAMED_UNIT ( #6348 ) );
#11523 = ORIENTED_EDGE ( 'NONE', *, *, #1810, .F. ) ;
#11524 = VECTOR ( 'NONE', #6760, 39.37007874015748854 ) ;
#11525 = DIRECTION ( 'NONE',  ( 0.0000000000000000000, 1.000000000000000000, 0.0000000000000000000 ) ) ;
#11526 = SURFACE_STYLE_FILL_AREA ( #8614 ) ;
#11527 = ADVANCED_FACE ( 'NONE', ( #3070 ), #380, .F. ) ;
#11528 = EDGE_CURVE ( 'NONE', #7217, #6050, #5701, .T. ) ;
#11529 = ORIENTED_EDGE ( 'NONE', *, *, #2580, .T. ) ;
#11530 = EDGE_CURVE ( 'NONE', #8493, #5910, #2030, .T. ) ;
#11531 = DIMENSIONAL_EXPONENTS ( 1.000000000000000000, 0.0000000000000000000, 0.0000000000000000000, 0.0000000000000000000, 0.0000000000000000000, 0.0000000000000000000, 0.0000000000000000000 ) ;
#11532 = VERTEX_POINT ( 'NONE', #2341 ) ;
#11533 = FILL_AREA_STYLE_COLOUR ( '', #3369 ) ;
#11534 = DIRECTION ( 'NONE',  ( 2.698884520361153650E-13, -4.467119842926643659E-28, 1.000000000000000000 ) ) ;
#11535 = LENGTH_MEASURE_WITH_UNIT ( LENGTH_MEASURE( 0.02539999999999999897 ), #7842 );
#11536 = CARTESIAN_POINT ( 'NONE',  ( 0.2461244040472859718, 0.003668751212429472927, -0.3095942470915551414 ) ) ;
#11537 = CYLINDRICAL_SURFACE ( 'NONE', #8844, 0.005905511811019693684 ) ;
#11538 = DIRECTION ( 'NONE',  ( -1.644517855226008195E-15, -1.000000000000000000, -2.890435660536364269E-30 ) ) ;
#11539 = EDGE_CURVE ( 'NONE', #4944, #8454, #3372, .T. ) ;
#11540 = VERTEX_POINT ( 'NONE', #7921 ) ;
#11541 = CYLINDRICAL_SURFACE ( 'NONE', #10542, 0.007874015748031482076 ) ;
#11542 = EDGE_LOOP ( 'NONE', ( #6326, #8020, #3809, #4736, #5169, #10740, #10652, #7798 ) ) ;
#11543 = FILL_AREA_STYLE ('',( #9743 ) ) ;
#11544 = CARTESIAN_POINT ( 'NONE',  ( 0.2003137495791377509, -0.03570132752772795653, -0.1878937010368048610 ) ) ;
#11545 = CARTESIAN_POINT ( 'NONE',  ( 0.3140612938105263874, 0.1020939480628585000, -0.08218503961889132847 ) ) ;
#11546 = FACE_OUTER_BOUND ( 'NONE', #3635, .T. ) ;
#11547 = PLANE ( 'NONE',  #2336 ) ;
#11548 = CARTESIAN_POINT ( 'NONE',  ( 0.2506952668935066297, 0.04500733388959482495, -0.07785626009152914195 ) ) ;
#11549 = ORIENTED_EDGE ( 'NONE', *, *, #6432, .T. ) ;
#11550 = CARTESIAN_POINT ( 'NONE',  ( 0.2313841284562328238, 0.03516481420455545848, -0.2878937010368047833 ) ) ;
#11551 = CYLINDRICAL_SURFACE ( 'NONE', #5723, 0.005905511811019693684 ) ;
#11552 = ADVANCED_FACE ( 'NONE', ( #11612 ), #6820, .T. ) ;
#11553 = UNCERTAINTY_MEASURE_WITH_UNIT (LENGTH_MEASURE( 1.000000000000000082E-05 ), #8145, 'distance_accuracy_value', 'NONE');
#11554 =( LENGTH_UNIT ( ) NAMED_UNIT ( * ) SI_UNIT ( $, .METRE. ) );
#11555 = COLOUR_RGB ( '',0.7607843137254901578, 0.7607843137254901578, 0.0000000000000000000 ) ;
#11556 = ORIENTED_EDGE ( 'NONE', *, *, #8697, .T. ) ;
#11557 = ORIENTED_EDGE ( 'NONE', *, *, #5170, .F. ) ;
#11558 = LINE ( 'NONE', #7924, #1556 ) ;
#11559 = ORIENTED_EDGE ( 'NONE', *, *, #9807, .F. ) ;
#11560 = ORIENTED_EDGE ( 'NONE', *, *, #7572, .F. ) ;
#11561 = COLOUR_RGB ( '',0.7607843137254901578, 0.7607843137254901578, 0.0000000000000000000 ) ;
#11562 = CARTESIAN_POINT ( 'NONE',  ( 0.1918262733044190094, -0.02049086673025977273, -0.1469431990579272151 ) ) ;
#11563 = DIRECTION ( 'NONE',  ( 0.9945218953682689600, 0.1045284632676950626, 8.189380864547705479E-12 ) ) ;
#11564 = VERTEX_POINT ( 'NONE', #10529 ) ;
#11565 = SURFACE_SIDE_STYLE ('',( #8654 ) ) ;
#11566 = EDGE_CURVE ( 'NONE', #2899, #7715, #9700, .T. ) ;
#11567 = STYLED_ITEM ( 'NONE', ( #5540 ), #6350 ) ;
#11568 = LINE ( 'NONE', #4347, #309 ) ;
#11569 = DIRECTION ( 'NONE',  ( -1.644517855226008195E-15, -1.000000000000000000, -6.123233995736766036E-17 ) ) ;
#11570 = ORIENTED_EDGE ( 'NONE', *, *, #10620, .F. ) ;
#11571 =( LENGTH_UNIT ( ) NAMED_UNIT ( * ) SI_UNIT ( $, .METRE. ) );
#11572 = ORIENTED_EDGE ( 'NONE', *, *, #9913, .T. ) ;
#11573 = AXIS2_PLACEMENT_3D ( 'NONE', #6560, #1074, #4689 ) ;
#11574 = CARTESIAN_POINT ( 'NONE',  ( 0.3496518449916177773, 0.1434325307400277083, -0.2791535435558992750 ) ) ;
#11575 = VERTEX_POINT ( 'NONE', #2230 ) ;
#11576 = PLANE ( 'NONE',  #4912 ) ;
#11577 = CARTESIAN_POINT ( 'NONE',  ( 0.4578091021359867452, 0.003668751212429131620, -0.005563233721056288356 ) ) ;
#11578 = ORIENTED_EDGE ( 'NONE', *, *, #1189, .F. ) ;
#11579 = CARTESIAN_POINT ( 'NONE',  ( 0.3140612938105263874, 0.1060309559368545623, -0.08238189001259203781 ) ) ;
#11580 = CARTESIAN_POINT ( 'NONE',  ( 0.3496518449916168891, 0.1021333181416025498, -0.07915354355589923618 ) ) ;
#11581 = UNCERTAINTY_MEASURE_WITH_UNIT (LENGTH_MEASURE( 1.000000000000000082E-05 ), #6249, 'distance_accuracy_value', 'NONE');
#11582 = SURFACE_STYLE_FILL_AREA ( #2307 ) ;
#11583 = ORIENTED_EDGE ( 'NONE', *, *, #2896, .T. ) ;
#11584 = ORIENTED_EDGE ( 'NONE', *, *, #10040, .T. ) ;
#11585 = FACE_OUTER_BOUND ( 'NONE', #140, .T. ) ;
#11586 = COLOUR_RGB ( '',0.2509803921568627416, 0.2509803921568627416, 0.2509803921568627416 ) ;
#11587 = CARTESIAN_POINT ( 'NONE',  ( 0.5054204884983559687, -0.02496430041343709189, -0.1752952758393945265 ) ) ;
#11588 = CARTESIAN_POINT ( 'NONE',  ( 0.3928014512908299394, 0.1434325307400276528, -0.1360039372566872462 ) ) ;
#11589 = ADVANCED_FACE ( 'NONE', ( #9756 ), #1330, .F. ) ;
#11590 = SURFACE_STYLE_FILL_AREA ( #4185 ) ;
#11591 = AXIS2_PLACEMENT_3D ( 'NONE', #8112, #5505, #3616 ) ;
#11592 = CARTESIAN_POINT ( 'NONE',  ( 0.3142156862761679159, 0.1020939480628585000, 0.01210629896398272669 ) ) ;
#11593 = VECTOR ( 'NONE', #11432, 39.37007874015748143 ) ;
#11594 = ORIENTED_EDGE ( 'NONE', *, *, #2526, .T. ) ;
#11595 = DIRECTION ( 'NONE',  ( 0.0000000000000000000, 0.0000000000000000000, 1.000000000000000000 ) ) ;
#11596 = CIRCLE ( 'NONE', #6376, 0.01771653543307086937 ) ;
#11597 = ORIENTED_EDGE ( 'NONE', *, *, #8290, .T. ) ;
#11598 = CARTESIAN_POINT ( 'NONE',  ( 0.2372226159726408268, 0.03516481420455546542, -0.1272637797769622658 ) ) ;
#11599 = SURFACE_STYLE_USAGE ( .BOTH. , #4194 ) ;
#11600 = LINE ( 'NONE', #5115, #9887 ) ;
#11601 = DIRECTION ( 'NONE',  ( 1.000000000000000000, -1.644517855226007801E-15, 1.748601263784622143E-15 ) ) ;
#11602 = EDGE_CURVE ( 'NONE', #9105, #9049, #497, .T. ) ;
#11603 = DIMENSIONAL_EXPONENTS ( 1.000000000000000000, 0.0000000000000000000, 0.0000000000000000000, 0.0000000000000000000, 0.0000000000000000000, 0.0000000000000000000, 0.0000000000000000000 ) ;
#11604 = AXIS2_PLACEMENT_3D ( 'NONE', #10879, #841, #5553 ) ;
#11605 = CARTESIAN_POINT ( 'NONE',  ( 0.4754786166451601126, 0.1020939480628582363, 0.01210629896398299730 ) ) ;
#11606 = VECTOR ( 'NONE', #7973, 39.37007874015748143 ) ;
#11607 = VERTEX_POINT ( 'NONE', #8702 ) ;
#11608 = LINE ( 'NONE', #5185, #11911 ) ;
#11609 = LINE ( 'NONE', #558, #10741 ) ;
#11610 = COLOUR_RGB ( '',0.7607843137254901578, 0.7607843137254901578, 0.0000000000000000000 ) ;
#11611 = VERTEX_POINT ( 'NONE', #7078 ) ;
#11612 = FACE_OUTER_BOUND ( 'NONE', #3267, .T. ) ;
#11613 = ORIENTED_EDGE ( 'NONE', *, *, #939, .T. ) ;
#11614 = CARTESIAN_POINT ( 'NONE',  ( 0.2506952668935074624, 0.04500733388959479025, -0.2778562600915291947 ) ) ;
#11615 =( CONVERSION_BASED_UNIT ( 'INCH', #2409 ) LENGTH_UNIT ( ) NAMED_UNIT ( #2951 ) );
#11616 = ORIENTED_EDGE ( 'NONE', *, *, #7136, .T. ) ;
#11617 = EDGE_CURVE ( 'NONE', #11186, #9722, #435, .T. ) ;
#11618 = ADVANCED_FACE ( 'NONE', ( #4146 ), #3253, .F. ) ;
#11619 =( NAMED_UNIT ( * ) PLANE_ANGLE_UNIT ( ) SI_UNIT ( $, .RADIAN. ) );
#11620 = SURFACE_STYLE_FILL_AREA ( #11500 ) ;
#11621 = ORIENTED_EDGE ( 'NONE', *, *, #9141, .F. ) ;
#11622 = DIRECTION ( 'NONE',  ( -0.5730959463344974525, 0.8184658334308990701, 0.04092329167149891256 ) ) ;
#11623 = CARTESIAN_POINT ( 'NONE',  ( 0.2313841284562319633, 0.03516481420455548623, -0.08789370103680475832 ) ) ;
#11624 = VECTOR ( 'NONE', #445, 39.37007874015748143 ) ;
#11625 = FILL_AREA_STYLE ('',( #1399 ) ) ;
#11626 = COLOUR_RGB ( '',0.7607843137254901578, 0.7607843137254901578, 0.0000000000000000000 ) ;
#11627 = SURFACE_SIDE_STYLE ('',( #6110 ) ) ;
#11628 = CARTESIAN_POINT ( 'NONE',  ( 0.2372226159726404382, 0.03516481420455547929, -0.02726377977696224642 ) ) ;
#11629 = VERTEX_POINT ( 'NONE', #796 ) ;
#11630 = DIRECTION ( 'NONE',  ( -2.147404981299067777E-15, -0.2873478855662903175, -0.9578262852211679723 ) ) ;
#11631 = VECTOR ( 'NONE', #4858, 39.37007874015748143 ) ;
#11632 = ORIENTED_EDGE ( 'NONE', *, *, #2568, .T. ) ;
#11633 = VECTOR ( 'NONE', #7910, 39.37007874015748143 ) ;
#11634 = DIRECTION ( 'NONE',  ( 1.748601263784621946E-15, 0.0000000000000000000, -1.000000000000000000 ) ) ;
#11635 = ORIENTED_EDGE ( 'NONE', *, *, #9339, .F. ) ;
#11636 = EDGE_CURVE ( 'NONE', #8177, #10560, #5647, .T. ) ;
#11637 = CARTESIAN_POINT ( 'NONE',  ( 0.4754786166454754714, 0.03516481420467318375, -0.1878937010364894467 ) ) ;
#11638 = DIRECTION ( 'NONE',  ( 1.750032549430448036E-10, -1.000000000000000000, 3.060108979301698982E-25 ) ) ;
#11639 = PRESENTATION_STYLE_ASSIGNMENT (( #8854 ) ) ;
#11640 = B_SPLINE_CURVE_WITH_KNOTS ( 'NONE', 3,
 ( #11772, #5290, #11651, #8814, #6923, #6066, #5095, #539, #1365, #7958 ),
 .UNSPECIFIED., .F., .F.,
 ( 4, 3, 3, 4 ),
 ( 2.333535818903994216E-17, 5.232092011450765041E-05, 0.0001048841986583170041, 0.0001556114547149433497 ),
 .UNSPECIFIED. ) ;
#11641 = ORIENTED_EDGE ( 'NONE', *, *, #3045, .T. ) ;
#11642 = LENGTH_MEASURE_WITH_UNIT ( LENGTH_MEASURE( 0.02539999999999999897 ), #5152 );
#11643 = DIRECTION ( 'NONE',  ( 0.9040697402015712703, -1.084202172486047170E-15, -0.4273849609565868457 ) ) ;
#11644 = CARTESIAN_POINT ( 'NONE',  ( 0.2514430687595301528, 0.04500733388959482495, -0.03730122072145040241 ) ) ;
#11645 = COLOUR_RGB ( '',1.000000000000000000, 1.000000000000000000, 1.000000000000000000 ) ;
#11646 = CARTESIAN_POINT ( 'NONE',  ( 0.1897323222241437679, -0.02374298597397118266, -0.1674212600919229854 ) ) ;
#11647 = ORIENTED_EDGE ( 'NONE', *, *, #2751, .F. ) ;
#11648 = ADVANCED_FACE ( 'NONE', ( #3431 ), #6214, .T. ) ;
#11649 = ORIENTED_EDGE ( 'NONE', *, *, #4836, .T. ) ;
#11650 = CARTESIAN_POINT ( 'NONE',  ( 0.4625214697567746613, 0.04500733388959445719, -0.1317725596127886367 ) ) ;
#11651 = CARTESIAN_POINT ( 'NONE',  ( 0.1920236922317867245, -0.01990283707880516686, -0.04664874617396397305 ) ) ;
#11652 = FILL_AREA_STYLE ('',( #7959 ) ) ;
#11653 = DIRECTION ( 'NONE',  ( -4.243133622236449984E-11, 0.0000000000000000000, -1.000000000000000000 ) ) ;
#11654 = LINE ( 'NONE', #2506, #1129 ) ;
#11655 = ORIENTED_EDGE ( 'NONE', *, *, #4012, .F. ) ;
#11656 = EDGE_CURVE ( 'NONE', #6973, #1704, #6071, .T. ) ;
#11657 = ORIENTED_EDGE ( 'NONE', *, *, #4675, .T. ) ;
#11658 = DIRECTION ( 'NONE',  ( 1.000000000000000000, 0.0000000000000000000, -7.913884470697103077E-16 ) ) ;
#11659 = DIRECTION ( 'NONE',  ( -0.9040697402802237992, 1.486758830260366439E-15, 0.4273849607902093228 ) ) ;
#11660 = DIRECTION ( 'NONE',  ( -1.000000000000000000, 1.644517855226007801E-15, -8.234490263801784106E-12 ) ) ;
#11661 = LINE ( 'NONE', #11545, #10639 ) ;
#11662 = CARTESIAN_POINT ( 'NONE',  ( 0.3928014512908303835, 0.1434325307400276250, -0.2360039372566872795 ) ) ;
#11663 = DIRECTION ( 'NONE',  ( 0.05226423162670049832, -0.4972609476841248211, 0.8660254037848753583 ) ) ;
#11664 = CARTESIAN_POINT ( 'NONE',  ( 0.2490536793154355943, 0.003668751212508218531, -0.3095942470915551414 ) ) ;
#11665 = SURFACE_STYLE_FILL_AREA ( #11792 ) ;
#11666 = ORIENTED_EDGE ( 'NONE', *, *, #338, .F. ) ;
#11667 = DIRECTION ( 'NONE',  ( -8.234490263801784106E-12, 1.353889066150678860E-26, 1.000000000000000000 ) ) ;
#11668 = UNCERTAINTY_MEASURE_WITH_UNIT (LENGTH_MEASURE( 1.000000000000000082E-05 ), #9006, 'distance_accuracy_value', 'NONE');
#11669 = EDGE_CURVE ( 'NONE', #3309, #2112, #2897, .T. ) ;
#11670 = CARTESIAN_POINT ( 'NONE',  ( 0.4920108682644409037, 0.04500733388959441555, -0.1272637797765127365 ) ) ;
#11671 = VERTEX_POINT ( 'NONE', #2649 ) ;
#11672 = VECTOR ( 'NONE', #11254, 39.37007874015748143 ) ;
#11673 = ORIENTED_EDGE ( 'NONE', *, *, #5904, .T. ) ;
#11674 = CARTESIAN_POINT ( 'NONE',  ( 0.4554196763413809745, 0.04500733388959447800, -0.1373012207222373826 ) ) ;
#11675 = ORIENTED_EDGE ( 'NONE', *, *, #5365, .F. ) ;
#11676 = VECTOR ( 'NONE', #3535, 39.37007874015748143 ) ;
#11677 = LINE ( 'NONE', #2414, #3458 ) ;
#11678 = FILL_AREA_STYLE_COLOUR ( '', #10822 ) ;
#11679 = FACE_OUTER_BOUND ( 'NONE', #8483, .T. ) ;
#11680 = ORIENTED_EDGE ( 'NONE', *, *, #4696, .T. ) ;
#11681 = CARTESIAN_POINT ( 'NONE',  ( 0.4254818849634287581, 0.1217789874329370109, -0.2319881892249934519 ) ) ;
#11682 = VECTOR ( 'NONE', #3893, 39.37007874015748143 ) ;
#11683 = DIRECTION ( 'NONE',  ( 1.000000000000000000, -1.644517855226007801E-15, 1.748601263784621748E-15 ) ) ;
#11684 = DIMENSIONAL_EXPONENTS ( 1.000000000000000000, 0.0000000000000000000, 0.0000000000000000000, 0.0000000000000000000, 0.0000000000000000000, 0.0000000000000000000, 0.0000000000000000000 ) ;
#11685 = CIRCLE ( 'NONE', #4121, 0.005905511811023628904 ) ;
#11686 = FILL_AREA_STYLE ('',( #9949 ) ) ;
#11687 = VECTOR ( 'NONE', #9349, 39.37007874015748143 ) ;
#11688 = EDGE_CURVE ( 'NONE', #2587, #651, #6338, .T. ) ;
#11689 = CARTESIAN_POINT ( 'NONE',  ( 0.3928014512908299949, 0.1020939480628622748, -0.1329724411934976036 ) ) ;
#11690 = AXIS2_PLACEMENT_3D ( 'NONE', #7044, #5943, #4242 ) ;
#11691 = COLOUR_RGB ( '',1.000000000000000000, 1.000000000000000000, 1.000000000000000000 ) ;
#11692 = ORIENTED_EDGE ( 'NONE', *, *, #2704, .F. ) ;
#11693 = CARTESIAN_POINT ( 'NONE',  ( 0.5037097929783023176, -0.008688119764421362370, -0.1878937010362589644 ) ) ;
#11694 = CIRCLE ( 'NONE', #530, 0.01771653543307088671 ) ;
#11695 = EDGE_CURVE ( 'NONE', #8605, #10417, #10174, .T. ) ;
#11696 = COLOUR_RGB ( '',0.7607843137254901578, 0.7607843137254901578, 0.0000000000000000000 ) ;
#11697 = ORIENTED_EDGE ( 'NONE', *, *, #5987, .F. ) ;
#11698 = DIRECTION ( 'NONE',  ( -2.085096165010846546E-13, 3.400221813223966042E-28, 1.000000000000000000 ) ) ;
#11699 = ORIENTED_EDGE ( 'NONE', *, *, #6139, .T. ) ;
#11700 = DIRECTION ( 'NONE',  ( -1.644517855226007801E-15, -1.000000000000000000, -2.890435660536363568E-30 ) ) ;
#11701 = CIRCLE ( 'NONE', #11895, 0.007874015748031523709 ) ;
#11702 = PRESENTATION_STYLE_ASSIGNMENT (( #2490 ) ) ;
#11703 = ORIENTED_EDGE ( 'NONE', *, *, #2189, .F. ) ;
#11704 = DIRECTION ( 'NONE',  ( 1.000000000000000000, -1.582776894139425349E-15, -1.503638049432454012E-14 ) ) ;
#11705 = VECTOR ( 'NONE', #10131, 39.37007874015748143 ) ;
#11706 = CARTESIAN_POINT ( 'NONE',  ( 0.5483132623142003004, -0.03570132752772853940, -0.2477362207209310163 ) ) ;
#11707 = CARTESIAN_POINT ( 'NONE',  ( 0.4754786166455541863, 0.03516481420522436785, -0.1272637797769618495 ) ) ;
#11708 =( GEOMETRIC_REPRESENTATION_CONTEXT ( 3 ) GLOBAL_UNCERTAINTY_ASSIGNED_CONTEXT ( ( #1548 ) ) GLOBAL_UNIT_ASSIGNED_CONTEXT ( ( #642, #11448, #523 ) ) REPRESENTATION_CONTEXT ( 'NONE', 'WORKASPACE' ) );
#11709 = UNCERTAINTY_MEASURE_WITH_UNIT (LENGTH_MEASURE( 1.000000000000000082E-05 ), #137, 'distance_accuracy_value', 'NONE');
#11710 = ADVANCED_FACE ( 'NONE', ( #4520 ), #3608, .T. ) ;
#11711 = FACE_OUTER_BOUND ( 'NONE', #4892, .T. ) ;
#11712 = ORIENTED_EDGE ( 'NONE', *, *, #3745, .F. ) ;
#11713 = VECTOR ( 'NONE', #4690, 39.37007874015748143 ) ;
#11714 = ORIENTED_EDGE ( 'NONE', *, *, #9160, .F. ) ;
#11715 = CARTESIAN_POINT ( 'NONE',  ( 0.4920108682644405151, 0.04500733388959443637, -0.02726377977651272058 ) ) ;
#11716 = PRESENTATION_LAYER_ASSIGNMENT (  '', '', ( #9603 ) ) ;
#11717 = COLOUR_RGB ( '',0.2509803921568627416, 0.2509803921568627416, 0.2509803921568627416 ) ;
#11718 = PLANE ( 'NONE',  #6146 ) ;
#11719 = PLANE ( 'NONE',  #5503 ) ;
#11720 = DIRECTION ( 'NONE',  ( 0.4273849608879177753, -7.028421992352470748E-16, -0.9040697402340335254 ) ) ;
#11721 = EDGE_CURVE ( 'NONE', #11860, #639, #3746, .T. ) ;
#11722 = CARTESIAN_POINT ( 'NONE',  ( 0.4754786166453179863, 0.04500733388959444331, -0.1272637797769618495 ) ) ;
#11723 = AXIS2_PLACEMENT_3D ( 'NONE', #2756, #7238, #5369 ) ;
#11724 = EDGE_CURVE ( 'NONE', #10354, #7337, #5255, .T. ) ;
#11725 = PRESENTATION_STYLE_ASSIGNMENT (( #6073 ) ) ;
#11726 = DIMENSIONAL_EXPONENTS ( 1.000000000000000000, 0.0000000000000000000, 0.0000000000000000000, 0.0000000000000000000, 0.0000000000000000000, 0.0000000000000000000, 0.0000000000000000000 ) ;
#11727 = AXIS2_PLACEMENT_3D ( 'NONE', #7790, #2215, #4985 ) ;
#11728 = ORIENTED_EDGE ( 'NONE', *, *, #7971, .T. ) ;
#11729 = DIRECTION ( 'NONE',  ( 1.644517855226008195E-15, 1.000000000000000000, 2.890435660536364269E-30 ) ) ;
#11730 = ORIENTED_EDGE ( 'NONE', *, *, #11721, .T. ) ;
#11731 = LINE ( 'NONE', #6544, #1197 ) ;
#11732 = CARTESIAN_POINT ( 'NONE',  ( 0.4920108682644409037, 0.04500733388959441555, -0.1272637797765127365 ) ) ;
#11733 = DIRECTION ( 'NONE',  ( -0.9945218953682690710, -0.1045284632676948544, -8.187894806610516561E-12 ) ) ;
#11734 = CARTESIAN_POINT ( 'NONE',  ( 0.2031529521231696944, -0.008688119764420883587, -0.2878937010368048388 ) ) ;
#11735 = DIRECTION ( 'NONE',  ( -0.05226423163383198817, -0.4972609476841254317, -0.8660254037844445918 ) ) ;
#11736 = DIRECTION ( 'NONE',  ( 9.080485725586326631E-11, -3.241470092726001484E-10, -1.000000000000000000 ) ) ;
#11737 = ORIENTED_EDGE ( 'NONE', *, *, #11656, .F. ) ;
#11738 =( NAMED_UNIT ( * ) SI_UNIT ( $, .STERADIAN. ) SOLID_ANGLE_UNIT ( ) );
#11739 = CARTESIAN_POINT ( 'NONE',  ( 0.1933643507908074377, -0.007659296307098018355, -0.2272637797769623269 ) ) ;
#11740 = EDGE_LOOP ( 'NONE', ( #6112, #7055, #3246, #2901 ) ) ;
#11741 = CARTESIAN_POINT ( 'NONE',  ( 0.5134983943101656401, -0.007659296307098548313, -0.2272637797763358558 ) ) ;
#11742 = ORIENTED_EDGE ( 'NONE', *, *, #11818, .T. ) ;
#11743 = DIRECTION ( 'NONE',  ( -1.000000000000000000, 1.644517855226007801E-15, -8.234490263801784106E-12 ) ) ;
#11744 = FACE_OUTER_BOUND ( 'NONE', #8562, .T. ) ;
#11745 = EDGE_CURVE ( 'NONE', #2451, #7686, #2400, .T. ) ;
#11746 = ORIENTED_EDGE ( 'NONE', *, *, #1484, .F. ) ;
#11747 =( CONVERSION_BASED_UNIT ( 'INCH', #4407 ) LENGTH_UNIT ( ) NAMED_UNIT ( #8568 ) );
#11748 = LENGTH_MEASURE_WITH_UNIT ( LENGTH_MEASURE( 0.02539999999999999897 ), #5139 );
#11749 = AXIS2_PLACEMENT_3D ( 'NONE', #9806, #11466, #4055 ) ;
#11750 = DIRECTION ( 'NONE',  ( 1.000000000000000000, -1.644517855226007801E-15, 1.748601263784622143E-15 ) ) ;
#11751 = ORIENTED_EDGE ( 'NONE', *, *, #922, .T. ) ;
#11752 = CARTESIAN_POINT ( 'NONE',  ( 0.5150364717968903827, -0.02049086673026025845, -0.1682142817552007563 ) ) ;
#11753 = AXIS2_PLACEMENT_3D ( 'NONE', #9429, #1121, #10495 ) ;
#11754 = VERTEX_POINT ( 'NONE', #1816 ) ;
#11755 = CARTESIAN_POINT ( 'NONE',  ( 0.2514430687598460112, 0.04500733388959479025, -0.2837617719025922192 ) ) ;
#11756 = ORIENTED_EDGE ( 'NONE', *, *, #4505, .F. ) ;
#11757 =( NAMED_UNIT ( * ) SI_UNIT ( $, .STERADIAN. ) SOLID_ANGLE_UNIT ( ) );
#11758 = CARTESIAN_POINT ( 'NONE',  ( 0.1585494827869413370, -0.02585880784268852761, -0.2477362207218442858 ) ) ;
#11759 = CARTESIAN_POINT ( 'NONE',  ( 0.3928014512908296063, 0.1434325307400276528, -0.07915354355589927782 ) ) ;
#11760 = EDGE_CURVE ( 'NONE', #1396, #4687, #11071, .T. ) ;
#11761 = ORIENTED_EDGE ( 'NONE', *, *, #3766, .T. ) ;
#11762 =( CONVERSION_BASED_UNIT ( 'INCH', #1415 ) LENGTH_UNIT ( ) NAMED_UNIT ( #6719 ) );
#11763 = CARTESIAN_POINT ( 'NONE',  ( 0.2031529521231696112, -0.008688119764420883587, -0.2272637797769623269 ) ) ;
#11764 = CARTESIAN_POINT ( 'NONE',  ( 0.3496518449916169446, 0.1434325307400277361, -0.07915354355589923618 ) ) ;
#11765 = AXIS2_PLACEMENT_3D ( 'NONE', #6974, #4101, #11525 ) ;
#11766 = AXIS2_PLACEMENT_3D ( 'NONE', #7042, #5094, #4053 ) ;
#11767 = ORIENTED_EDGE ( 'NONE', *, *, #590, .F. ) ;
#11768 = DIMENSIONAL_EXPONENTS ( 1.000000000000000000, 0.0000000000000000000, 0.0000000000000000000, 0.0000000000000000000, 0.0000000000000000000, 0.0000000000000000000, 0.0000000000000000000 ) ;
#11769 = AXIS2_PLACEMENT_3D ( 'NONE', #8029, #10809, #9061 ) ;
#11770 = EDGE_LOOP ( 'NONE', ( #8425, #8722, #8038, #8767 ) ) ;
#11771 = CARTESIAN_POINT ( 'NONE',  ( 0.1843617094242558652, -0.01798479209465704554, -0.1477362207218441970 ) ) ;
#11772 = CARTESIAN_POINT ( 'NONE',  ( 0.1921925904901468085, -0.01880785086055354258, -0.04581343370862728942 ) ) ;
#11773 = SURFACE_STYLE_USAGE ( .BOTH. , #5360 ) ;
#11774 = DIRECTION ( 'NONE',  ( -1.748601263784621748E-15, -1.482966057179117483E-32, 1.000000000000000000 ) ) ;
#11775 = EDGE_CURVE ( 'NONE', #11959, #2298, #9379, .T. ) ;
#11776 = CARTESIAN_POINT ( 'NONE',  ( 0.4696401291287826130, 0.03516481420455507684, -0.1351377955249933038 ) ) ;
#11777 = CARTESIAN_POINT ( 'NONE',  ( 0.4561674782086255209, 0.03516481420455507684, -0.2837617719031823027 ) ) ;
#11778 = STYLED_ITEM ( 'NONE', ( #11206 ), #477 ) ;
#11779 = DIRECTION ( 'NONE',  ( 1.748601263784621748E-15, 0.0000000000000000000, -1.000000000000000000 ) ) ;
#11780 = ORIENTED_EDGE ( 'NONE', *, *, #5274, .F. ) ;
#11781 = CARTESIAN_POINT ( 'NONE',  ( 0.4696401291287820579, 0.03516481420455509765, -0.02726377977696183702 ) ) ;
#11782 = AXIS2_PLACEMENT_3D ( 'NONE', #4946, #6771, #2236 ) ;
#11783 = DIRECTION ( 'NONE',  ( 1.000000000000000000, 0.0000000000000000000, 0.0000000000000000000 ) ) ;
#11784 =( NAMED_UNIT ( * ) PLANE_ANGLE_UNIT ( ) SI_UNIT ( $, .RADIAN. ) );
#11785 = FACE_OUTER_BOUND ( 'NONE', #7083, .T. ) ;
#11786 = EDGE_CURVE ( 'NONE', #7802, #328, #10726, .T. ) ;
#11787 = DIRECTION ( 'NONE',  ( 0.9945218953682690710, 0.1045284632676950765, 8.189380864547705479E-12 ) ) ;
#11788 = LINE ( 'NONE', #3479, #7743 ) ;
#11789 = DIRECTION ( 'NONE',  ( 1.000000000000000000, -1.644517855226007801E-15, 1.748601263784622143E-15 ) ) ;
#11790 = CARTESIAN_POINT ( 'NONE',  ( 0.2313841284562323797, 0.04500733388959484577, -0.1878937010368047777 ) ) ;
#11791 = CARTESIAN_POINT ( 'NONE',  ( 0.4696401291287829460, 0.03516481420455506990, -0.2351377955249933094 ) ) ;
#11792 = FILL_AREA_STYLE ('',( #8099 ) ) ;
#11793 = ORIENTED_EDGE ( 'NONE', *, *, #18, .F. ) ;
#11794 = CARTESIAN_POINT ( 'NONE',  ( 0.4554196763377191814, 0.04500733388959449188, -0.07785626009188305330 ) ) ;
#11795 = PRESENTATION_LAYER_ASSIGNMENT (  '', '', ( #1356 ) ) ;
#11796 = UNCERTAINTY_MEASURE_WITH_UNIT (LENGTH_MEASURE( 1.000000000000000082E-05 ), #1044, 'distance_accuracy_value', 'NONE');
#11797 = CYLINDRICAL_SURFACE ( 'NONE', #8595, 0.005905511811027547645 ) ;
#11798 = VERTEX_POINT ( 'NONE', #8346 ) ;
#11799 = DIRECTION ( 'NONE',  ( 8.679147678325226582E-12, 1.000000000000000000, 1.517638342855342944E-26 ) ) ;
#11800 = ADVANCED_FACE ( 'NONE', ( #5736 ), #4764, .T. ) ;
#11801 = VECTOR ( 'NONE', #2214, 39.37007874015748854 ) ;
#11802 = CARTESIAN_POINT ( 'NONE',  ( 0.3926470588251994576, 0.1020939480628583751, 0.01210629896398286200 ) ) ;
#11803 =( NAMED_UNIT ( * ) SI_UNIT ( $, .STERADIAN. ) SOLID_ANGLE_UNIT ( ) );
#11804 = ORIENTED_EDGE ( 'NONE', *, *, #3777, .F. ) ;
#11805 = FILL_AREA_STYLE_COLOUR ( '', #211 ) ;
#11806 = SURFACE_STYLE_USAGE ( .BOTH. , #628 ) ;
#11807 = SURFACE_STYLE_FILL_AREA ( #9944 ) ;
#11808 = FILL_AREA_STYLE_COLOUR ( '', #4509 ) ;
#11809 = VERTEX_POINT ( 'NONE', #10355 ) ;
#11810 = DIRECTION ( 'NONE',  ( 0.9945218953682686269, -0.1045284632676983794, 1.739022243102431967E-15 ) ) ;
#11811 = DIRECTION ( 'NONE',  ( -8.234490263801784106E-12, 1.353889066150678860E-26, 1.000000000000000000 ) ) ;
#11812 = SURFACE_STYLE_USAGE ( .BOTH. , #755 ) ;
#11813 = AXIS2_PLACEMENT_3D ( 'NONE', #4173, #1416, #405 ) ;
#11814 = UNCERTAINTY_MEASURE_WITH_UNIT (LENGTH_MEASURE( 1.000000000000000082E-05 ), #10638, 'distance_accuracy_value', 'NONE');
#11815 = CARTESIAN_POINT ( 'NONE',  ( 0.4726510730673783578, 0.03769413434112270367, 0.01210629896319560632 ) ) ;
#11816 = VERTEX_POINT ( 'NONE', #4699 ) ;
#11817 = LINE ( 'NONE', #4660, #5859 ) ;
#11818 = EDGE_CURVE ( 'NONE', #4768, #6175, #9446, .T. ) ;
#11819 = ORIENTED_EDGE ( 'NONE', *, *, #1952, .T. ) ;
#11820 = SURFACE_SIDE_STYLE ('',( #5577 ) ) ;
#11821 = EDGE_LOOP ( 'NONE', ( #8841, #4267, #8653, #5676, #11613, #11880 ) ) ;
#11822 = AXIS2_PLACEMENT_3D ( 'NONE', #5337, #7146, #6108 ) ;
#11823 = EDGE_CURVE ( 'NONE', #2976, #3949, #5792, .T. ) ;
#11824 = DIRECTION ( 'NONE',  ( -0.09052430460834029469, -0.8612812260087804317, 0.4999999999999886202 ) ) ;
#11825 = LINE ( 'NONE', #1668, #4537 ) ;
#11826 = FACE_OUTER_BOUND ( 'NONE', #5410, .T. ) ;
#11827 = ORIENTED_EDGE ( 'NONE', *, *, #5759, .F. ) ;
#11828 = FACE_OUTER_BOUND ( 'NONE', #11144, .T. ) ;
#11829 = DIRECTION ( 'NONE',  ( -1.000000000000000000, 1.734723475977064460E-15, 1.503638049432454012E-14 ) ) ;
#11830 = DIRECTION ( 'NONE',  ( 0.4273849607752874813, -7.028421990500299298E-16, 0.9040697402872777122 ) ) ;
#11831 =( LENGTH_UNIT ( ) NAMED_UNIT ( * ) SI_UNIT ( $, .METRE. ) );
#11832 = AXIS2_PLACEMENT_3D ( 'NONE', #4216, #4279, #2420 ) ;
#11833 = VECTOR ( 'NONE', #1760, 39.37007874015748143 ) ;
#11834 = ORIENTED_EDGE ( 'NONE', *, *, #1621, .T. ) ;
#11835 = EDGE_CURVE ( 'NONE', #10390, #6711, #1877, .T. ) ;
#11836 = EDGE_CURVE ( 'NONE', #8541, #7169, #2886, .T. ) ;
#11837 = ORIENTED_EDGE ( 'NONE', *, *, #5029, .T. ) ;
#11838 = FACE_OUTER_BOUND ( 'NONE', #5238, .T. ) ;
#11839 = CARTESIAN_POINT ( 'NONE',  ( 0.4554196763394121050, 0.03516481420455512541, -0.07785626009188305330 ) ) ;
#11840 = PLANE ( 'NONE',  #1517 ) ;
#11841 =( LENGTH_UNIT ( ) NAMED_UNIT ( * ) SI_UNIT ( $, .METRE. ) );
#11842 = VECTOR ( 'NONE', #640, 39.37007874015748143 ) ;
#11843 = PLANE ( 'NONE',  #1632 ) ;
#11844 = EDGE_LOOP ( 'NONE', ( #3047, #861, #4324, #10528 ) ) ;
#11845 = EDGE_CURVE ( 'NONE', #2485, #1156, #1200, .T. ) ;
#11846 = DIRECTION ( 'NONE',  ( 1.000000000000000000, -1.644517855226007801E-15, -2.873049712194215800E-12 ) ) ;
#11847 = LINE ( 'NONE', #2694, #3952 ) ;
#11848 = CARTESIAN_POINT ( 'NONE',  ( 0.1916773655959021772, -0.02096163172394815977, -0.06796744960185839568 ) ) ;
#11849 = EDGE_CURVE ( 'NONE', #11483, #7626, #10987, .T. ) ;
#11850 = VERTEX_POINT ( 'NONE', #9266 ) ;
#11851 = LINE ( 'NONE', #2822, #10350 ) ;
#11852 = PRESENTATION_STYLE_ASSIGNMENT (( #2518 ) ) ;
#11853 = SURFACE_STYLE_FILL_AREA ( #8157 ) ;
#11854 = DIMENSIONAL_EXPONENTS ( 1.000000000000000000, 0.0000000000000000000, 0.0000000000000000000, 0.0000000000000000000, 0.0000000000000000000, 0.0000000000000000000, 0.0000000000000000000 ) ;
#11855 = DIRECTION ( 'NONE',  ( 8.279256909673113002E-11, 0.0000000000000000000, -1.000000000000000000 ) ) ;
#11856 = VERTEX_POINT ( 'NONE', #4815 ) ;
#11857 = SURFACE_STYLE_USAGE ( .BOTH. , #7254 ) ;
#11858 = EDGE_CURVE ( 'NONE', #9105, #9227, #3836, .T. ) ;
#11859 = CARTESIAN_POINT ( 'NONE',  ( 0.1897414014858939402, -0.02373449098435562871, -0.2674212600919229077 ) ) ;
#11860 = VERTEX_POINT ( 'NONE', #7489 ) ;
#11861 = DIRECTION ( 'NONE',  ( -0.1045284632676950626, 0.9945218953682689600, -8.607386130680116915E-13 ) ) ;
#11862 = DIRECTION ( 'NONE',  ( 0.0000000000000000000, -1.000000000000000000, 0.0000000000000000000 ) ) ;
#11863 = FILL_AREA_STYLE_COLOUR ( '', #2053 ) ;
#11864 = ORIENTED_EDGE ( 'NONE', *, *, #6981, .F. ) ;
#11865 = PLANE ( 'NONE',  #10293 ) ;
#11866 = PLANE ( 'NONE',  #395 ) ;
#11867 = CARTESIAN_POINT ( 'NONE',  ( 0.3140612938105270535, 0.1021333181416025637, -0.2821850396188910759 ) ) ;
#11868 = ORIENTED_EDGE ( 'NONE', *, *, #4606, .T. ) ;
#11869 = DIRECTION ( 'NONE',  ( -1.748601263784621748E-15, 0.0000000000000000000, 1.000000000000000000 ) ) ;
#11870 = CARTESIAN_POINT ( 'NONE',  ( 0.5047076986982562685, -0.01818255847635045705, -0.07135826796538452532 ) ) ;
#11871 =( CONVERSION_BASED_UNIT ( 'INCH', #3791 ) LENGTH_UNIT ( ) NAMED_UNIT ( #10082 ) );
#11872 = VECTOR ( 'NONE', #629, 39.37007874015748143 ) ;
#11873 = EDGE_CURVE ( 'NONE', #3206, #5106, #11112, .T. ) ;
#11874 = VECTOR ( 'NONE', #10227, 39.37007874015748143 ) ;
#11875 = CARTESIAN_POINT ( 'NONE',  ( 0.2453562723638220422, 0.04500733388959481801, -0.1812378449679858949 ) ) ;
#11876 = ORIENTED_EDGE ( 'NONE', *, *, #3076, .T. ) ;
#11877 = CARTESIAN_POINT ( 'NONE',  ( 0.2813808601379165220, 0.1217789874329412020, -0.1319881892249937239 ) ) ;
#11878 = ORIENTED_EDGE ( 'NONE', *, *, #2140, .T. ) ;
#11879 =( NAMED_UNIT ( * ) SI_UNIT ( $, .STERADIAN. ) SOLID_ANGLE_UNIT ( ) );
#11880 = ORIENTED_EDGE ( 'NONE', *, *, #11528, .T. ) ;
#11881 = AXIS2_PLACEMENT_3D ( 'NONE', #11777, #8936, #10750 ) ;
#11882 =( CONVERSION_BASED_UNIT ( 'INCH', #11947 ) LENGTH_UNIT ( ) NAMED_UNIT ( #4237 ) );
#11883 = FILL_AREA_STYLE_COLOUR ( '', #9018 ) ;
#11884 = PRESENTATION_LAYER_ASSIGNMENT (  '', '', ( #5089 ) ) ;
#11885 = VERTEX_POINT ( 'NONE', #62 ) ;
#11886 = PRESENTATION_LAYER_ASSIGNMENT (  '', '', ( #4322 ) ) ;
#11887 = CARTESIAN_POINT ( 'NONE',  ( 0.4920108682649401710, 0.04500733388959441555, -0.1878937010363552484 ) ) ;
#11888 = EDGE_CURVE ( 'NONE', #616, #3276, #5677, .T. ) ;
#11889 =( GEOMETRIC_REPRESENTATION_CONTEXT ( 3 ) GLOBAL_UNCERTAINTY_ASSIGNED_CONTEXT ( ( #2135 ) ) GLOBAL_UNIT_ASSIGNED_CONTEXT ( ( #7411, #8197, #2684 ) ) REPRESENTATION_CONTEXT ( 'NONE', 'WORKASPACE' ) );
#11890 = VECTOR ( 'NONE', #6319, 39.37007874015748143 ) ;
#11891 =( CONVERSION_BASED_UNIT ( 'INCH', #5586 ) LENGTH_UNIT ( ) NAMED_UNIT ( #4160 ) );
#11892 = VECTOR ( 'NONE', #6123, 39.37007874015748143 ) ;
#11893 = ORIENTED_EDGE ( 'NONE', *, *, #290, .F. ) ;
#11894 = AXIS2_PLACEMENT_3D ( 'NONE', #2588, #6281, #10005 ) ;
#11895 = AXIS2_PLACEMENT_3D ( 'NONE', #11488, #9696, #2227 ) ;
#11896 = ORIENTED_EDGE ( 'NONE', *, *, #2669, .F. ) ;
#11897 = DIRECTION ( 'NONE',  ( 1.748601263784622143E-15, 0.0000000000000000000, -1.000000000000000000 ) ) ;
#11898 = SURFACE_STYLE_FILL_AREA ( #10208 ) ;
#11899 = PRESENTATION_STYLE_ASSIGNMENT (( #2374 ) ) ;
#11900 = LINE ( 'NONE', #1731, #8656 ) ;
#11901 = VECTOR ( 'NONE', #1828, 39.37007874015748143 ) ;
#11902 = STYLED_ITEM ( 'NONE', ( #7997 ), #4500 ) ;
#11903 = CARTESIAN_POINT ( 'NONE',  ( 0.4383240990377196833, 0.04008607404707482946, -0.1878937010367973948 ) ) ;
#11904 = DIRECTION ( 'NONE',  ( -0.9945218953682686269, 0.1045284632676983516, -1.739022243102431967E-15 ) ) ;
#11905 = ADVANCED_FACE ( 'NONE', ( #3950 ), #10230, .T. ) ;
#11906 = DIRECTION ( 'NONE',  ( 1.000000000000000000, -1.644517855226007801E-15, 1.748601263784621748E-15 ) ) ;
#11907 = COLOUR_RGB ( '',0.7607843137254901578, 0.7607843137254901578, 0.0000000000000000000 ) ;
#11908 = PRESENTATION_LAYER_ASSIGNMENT (  '', '', ( #1859 ) ) ;
#11909 = ORIENTED_EDGE ( 'NONE', *, *, #9110, .T. ) ;
#11910 = CIRCLE ( 'NONE', #4551, 0.005905511811019673735 ) ;
#11911 = VECTOR ( 'NONE', #3303, 39.37007874015748143 ) ;
#11912 = CARTESIAN_POINT ( 'NONE',  ( 0.3142156862761679159, 0.1020939480628585000, 0.01210629896398272669 ) ) ;
#11913 = PLANE ( 'NONE',  #5242 ) ;
#11914 = EDGE_LOOP ( 'NONE', ( #3848, #7096, #6173, #7453 ) ) ;
#11915 =( CONVERSION_BASED_UNIT ( 'INCH', #3712 ) LENGTH_UNIT ( ) NAMED_UNIT ( #10110 ) );
#11916 = FACE_OUTER_BOUND ( 'NONE', #3823, .T. ) ;
#11917 = AXIS2_PLACEMENT_3D ( 'NONE', #6591, #10132, #9232 ) ;
#11918 = CARTESIAN_POINT ( 'NONE',  ( 0.4578091021353568602, -0.004205264535602351757, -0.005563233721056288356 ) ) ;
#11919 = ORIENTED_EDGE ( 'NONE', *, *, #5954, .F. ) ;
#11920 = AXIS2_PLACEMENT_3D ( 'NONE', #10690, #2388, #668 ) ;
#11921 = ADVANCED_FACE ( 'NONE', ( #300 ), #5615, .F. ) ;
#11922 =( NAMED_UNIT ( * ) SI_UNIT ( $, .STERADIAN. ) SOLID_ANGLE_UNIT ( ) );
#11923 = UNCERTAINTY_MEASURE_WITH_UNIT (LENGTH_MEASURE( 1.000000000000000082E-05 ), #3800, 'distance_accuracy_value', 'NONE');
#11924 = DIRECTION ( 'NONE',  ( 1.000000000000000000, -1.644517855226007801E-15, 1.748601263784621748E-15 ) ) ;
#11925 = ORIENTED_EDGE ( 'NONE', *, *, #4474, .F. ) ;
#11926 = CARTESIAN_POINT ( 'NONE',  ( 0.5106414460763897267, -0.02755782159619302521, -0.1674212600913200510 ) ) ;
#11927 = DIRECTION ( 'NONE',  ( 0.2761728431768883940, -0.9205744918961651369, -0.2761723475688889207 ) ) ;
#11928 = LINE ( 'NONE', #10114, #4239 ) ;
#11929 = ORIENTED_EDGE ( 'NONE', *, *, #1305, .F. ) ;
#11930 = LINE ( 'NONE', #9086, #4265 ) ;
#11931 = CARTESIAN_POINT ( 'NONE',  ( 0.4625214697567742173, 0.04500733388959447800, -0.03177255961278863117 ) ) ;
#11932 = DIRECTION ( 'NONE',  ( -0.2873483586517949218, 0.9578261432953890653, -5.024577030849653123E-16 ) ) ;
#11933 = DIRECTION ( 'NONE',  ( 8.476642998634263651E-12, 1.000000000000000000, -2.115996267093998406E-11 ) ) ;
#11934 = EDGE_CURVE ( 'NONE', #5817, #11186, #3010, .T. ) ;
#11935 = ORIENTED_EDGE ( 'NONE', *, *, #9511, .T. ) ;
#11936 = CARTESIAN_POINT ( 'NONE',  ( 0.4920108682644414033, 0.04500733388959440168, -0.2272637797765127421 ) ) ;
#11937 = DIRECTION ( 'NONE',  ( 0.9945218953682686269, -0.1045284632676983794, 1.739022243102431967E-15 ) ) ;
#11938 =( NAMED_UNIT ( * ) PLANE_ANGLE_UNIT ( ) SI_UNIT ( $, .RADIAN. ) );
#11939 = DIMENSIONAL_EXPONENTS ( 1.000000000000000000, 0.0000000000000000000, 0.0000000000000000000, 0.0000000000000000000, 0.0000000000000000000, 0.0000000000000000000, 0.0000000000000000000 ) ;
#11940 = DIRECTION ( 'NONE',  ( 1.000000000000000000, -1.644517855226007801E-15, 1.748601263784622143E-15 ) ) ;
#11941 = ORIENTED_EDGE ( 'NONE', *, *, #11530, .T. ) ;
#11942 = LINE ( 'NONE', #2667, #2779 ) ;
#11943 = ORIENTED_EDGE ( 'NONE', *, *, #5708, .F. ) ;
#11944 = CARTESIAN_POINT ( 'NONE',  ( 0.1921118837471633145, -0.01957572422721992611, -0.1686751326008043006 ) ) ;
#11945 = VERTEX_POINT ( 'NONE', #10409 ) ;
#11946 = EDGE_CURVE ( 'NONE', #10482, #8331, #1751, .T. ) ;
#11947 = LENGTH_MEASURE_WITH_UNIT ( LENGTH_MEASURE( 0.02539999999999999897 ), #7157 );
#11948 = CARTESIAN_POINT ( 'NONE',  ( 0.3496518449916169446, 0.1021333181416025221, -0.03600393725668660921 ) ) ;
#11949 = CARTESIAN_POINT ( 'NONE',  ( 0.4554196763414986582, 0.03516481420455512541, -0.03730122072223737706 ) ) ;
#11950 = CARTESIAN_POINT ( 'NONE',  ( 0.2372226159726807115, 0.03516481420455544460, -0.2800196852883007903 ) ) ;
#11951 = ORIENTED_EDGE ( 'NONE', *, *, #9418, .T. ) ;
#11952 = DIRECTION ( 'NONE',  ( 1.748601263784621748E-15, 0.0000000000000000000, -1.000000000000000000 ) ) ;
#11953 = PRESENTATION_STYLE_ASSIGNMENT (( #1786 ) ) ;
#11954 = DIRECTION ( 'NONE',  ( -1.748601263784621748E-15, 0.0000000000000000000, 1.000000000000000000 ) ) ;
#11955 = AXIS2_PLACEMENT_3D ( 'NONE', #7046, #8865, #6801 ) ;
#11956 = DIRECTION ( 'NONE',  ( -0.9945218953682690710, -0.1045284632676948683, -8.187894806610514945E-12 ) ) ;
#11957 = STYLED_ITEM ( 'NONE', ( #657 ), #8949 ) ;
#11958 = ORIENTED_EDGE ( 'NONE', *, *, #4161, .F. ) ;
#11959 = VERTEX_POINT ( 'NONE', #10687 ) ;
#11960 = PRESENTATION_LAYER_ASSIGNMENT (  '', '', ( #8466 ) ) ;
#11961 = EDGE_LOOP ( 'NONE', ( #11756, #1522, #3600, #7762 ) ) ;
#11962 = PLANE ( 'NONE',  #6275 ) ;
#11963 = CARTESIAN_POINT ( 'NONE',  ( 0.3928014512908304390, 0.1434325307400276250, -0.2791535435558992750 ) ) ;
#11964 = DIRECTION ( 'NONE',  ( 0.0000000000000000000, 0.0000000000000000000, 1.000000000000000000 ) ) ;
#11965 = SURFACE_STYLE_USAGE ( .BOTH. , #3414 ) ;
#11966 = AXIS2_PLACEMENT_3D ( 'NONE', #1298, #4964, #11226 ) ;
#11967 = SURFACE_STYLE_FILL_AREA ( #7589 ) ;
#11968 = FACE_OUTER_BOUND ( 'NONE', #8270, .T. ) ;
#11969 =( GEOMETRIC_REPRESENTATION_CONTEXT ( 3 ) GLOBAL_UNCERTAINTY_ASSIGNED_CONTEXT ( ( #927 ) ) GLOBAL_UNIT_ASSIGNED_CONTEXT ( ( #7896, #5887, #6005 ) ) REPRESENTATION_CONTEXT ( 'NONE', 'WORKASPACE' ) );
#11970 = DIRECTION ( 'NONE',  ( 4.436729704083846065E-13, -7.267525157177840554E-28, -1.000000000000000000 ) ) ;
#11971 = ORIENTED_EDGE ( 'NONE', *, *, #9091, .T. ) ;
#11972 = PLANE ( 'NONE',  #4521 ) ;
#11973 = CARTESIAN_POINT ( 'NONE',  ( 0.2453562723636247278, 0.03516481420455546542, -0.08123784496837958835 ) ) ;
#11974 = EDGE_CURVE ( 'NONE', #11945, #1051, #9983, .T. ) ;
#11975 = ORIENTED_EDGE ( 'NONE', *, *, #2937, .T. ) ;
#11976 = PRESENTATION_STYLE_ASSIGNMENT (( #900 ) ) ;
#11977 = MECHANICAL_DESIGN_GEOMETRIC_PRESENTATION_REPRESENTATION (  '', ( #2688 ), #1536 ) ;
#11978 = LENGTH_MEASURE_WITH_UNIT ( LENGTH_MEASURE( 0.02539999999999999897 ), #9073 );
#11979 = CARTESIAN_POINT ( 'NONE',  ( 0.1916536552706500640, -0.02393547695607439393, -0.2752952758399543898 ) ) ;
#11980 = LINE ( 'NONE', #2761, #4038 ) ;
#11981 = VERTEX_POINT ( 'NONE', #4251 ) ;
#11982 = DIRECTION ( 'NONE',  ( 1.748601263784621748E-15, 0.0000000000000000000, -1.000000000000000000 ) ) ;
#11983 = STYLED_ITEM ( 'NONE', ( #4069 ), #800 ) ;
#11984 =( NAMED_UNIT ( * ) PLANE_ANGLE_UNIT ( ) SI_UNIT ( $, .RADIAN. ) );
#11985 = ORIENTED_EDGE ( 'NONE', *, *, #5845, .T. ) ;
#11986 = CARTESIAN_POINT ( 'NONE',  ( 0.5483132623142003004, -0.03570132752772853940, -0.2477362207209310163 ) ) ;
#11987 = EDGE_CURVE ( 'NONE', #5683, #4100, #1314, .T. ) ;
ENDSEC;
END-ISO-10303-21;
